ISO-10303-21;
HEADER;
FILE_DESCRIPTION(('Open CASCADE Model'),'2;1');
FILE_NAME('Open CASCADE Shape Model','2026-03-22T19:37:33',('Author'),(
    'Open CASCADE'),'Open CASCADE STEP processor 7.5','Open CASCADE 7.5'
  ,'Unknown');
FILE_SCHEMA(('AUTOMOTIVE_DESIGN { 1 0 10303 214 1 1 1 1 }'));
ENDSEC;
DATA;
#1 = APPLICATION_PROTOCOL_DEFINITION('international standard',
  'automotive_design',2000,#2);
#2 = APPLICATION_CONTEXT(
  'core data for automotive mechanical design processes');
#3 = SHAPE_DEFINITION_REPRESENTATION(#4,#10);
#4 = PRODUCT_DEFINITION_SHAPE('','',#5);
#5 = PRODUCT_DEFINITION('design','',#6,#9);
#6 = PRODUCT_DEFINITION_FORMATION('','',#7);
#7 = PRODUCT('PCB','PCB','',(#8));
#8 = PRODUCT_CONTEXT('',#2,'mechanical');
#9 = PRODUCT_DEFINITION_CONTEXT('part definition',#2,'design');
#10 = SHAPE_REPRESENTATION('',(#11,#15,#19,#23,#27,#31,#35),#39);
#11 = AXIS2_PLACEMENT_3D('',#12,#13,#14);
#12 = CARTESIAN_POINT('',(0.,0.,0.));
#13 = DIRECTION('',(0.,0.,1.));
#14 = DIRECTION('',(1.,0.,-0.));
#15 = AXIS2_PLACEMENT_3D('',#16,#17,#18);
#16 = CARTESIAN_POINT('',(0.,0.,0.));
#17 = DIRECTION('',(0.,0.,1.));
#18 = DIRECTION('',(1.,0.,-0.));
#19 = AXIS2_PLACEMENT_3D('',#20,#21,#22);
#20 = CARTESIAN_POINT('',(0.,0.,0.));
#21 = DIRECTION('',(0.,0.,1.));
#22 = DIRECTION('',(1.,0.,-0.));
#23 = AXIS2_PLACEMENT_3D('',#24,#25,#26);
#24 = CARTESIAN_POINT('',(0.,0.,0.));
#25 = DIRECTION('',(0.,0.,1.));
#26 = DIRECTION('',(1.,0.,-0.));
#27 = AXIS2_PLACEMENT_3D('',#28,#29,#30);
#28 = CARTESIAN_POINT('',(0.,0.,0.));
#29 = DIRECTION('',(0.,0.,1.));
#30 = DIRECTION('',(1.,0.,-0.));
#31 = AXIS2_PLACEMENT_3D('',#32,#33,#34);
#32 = CARTESIAN_POINT('',(0.,0.,0.));
#33 = DIRECTION('',(0.,0.,1.));
#34 = DIRECTION('',(1.,0.,-0.));
#35 = AXIS2_PLACEMENT_3D('',#36,#37,#38);
#36 = CARTESIAN_POINT('',(0.,0.,0.));
#37 = DIRECTION('',(0.,0.,1.));
#38 = DIRECTION('',(1.,0.,-0.));
#39 = ( GEOMETRIC_REPRESENTATION_CONTEXT(3) 
GLOBAL_UNCERTAINTY_ASSIGNED_CONTEXT((#43)) GLOBAL_UNIT_ASSIGNED_CONTEXT(
(#40,#41,#42)) REPRESENTATION_CONTEXT('Context #1',
  '3D Context with UNIT and UNCERTAINTY') );
#40 = ( LENGTH_UNIT() NAMED_UNIT(*) SI_UNIT(.MILLI.,.METRE.) );
#41 = ( NAMED_UNIT(*) PLANE_ANGLE_UNIT() SI_UNIT($,.RADIAN.) );
#42 = ( NAMED_UNIT(*) SI_UNIT($,.STERADIAN.) SOLID_ANGLE_UNIT() );
#43 = UNCERTAINTY_MEASURE_WITH_UNIT(LENGTH_MEASURE(1.E-04),#40,
  'distance_accuracy_value','confusion accuracy');
#44 = PRODUCT_RELATED_PRODUCT_CATEGORY('part',$,(#7));
#45 = SHAPE_DEFINITION_REPRESENTATION(#46,#52);
#46 = PRODUCT_DEFINITION_SHAPE('','',#47);
#47 = PRODUCT_DEFINITION('design','',#48,#51);
#48 = PRODUCT_DEFINITION_FORMATION('','',#49);
#49 = PRODUCT('Board','Board','',(#50));
#50 = PRODUCT_CONTEXT('',#2,'mechanical');
#51 = PRODUCT_DEFINITION_CONTEXT('part definition',#2,'design');
#52 = SHAPE_REPRESENTATION('',(#11,#53),#57);
#53 = AXIS2_PLACEMENT_3D('',#54,#55,#56);
#54 = CARTESIAN_POINT('',(0.,0.,-0.41148));
#55 = DIRECTION('',(0.,0.,1.));
#56 = DIRECTION('',(1.,0.,-0.));
#57 = ( GEOMETRIC_REPRESENTATION_CONTEXT(3) 
GLOBAL_UNCERTAINTY_ASSIGNED_CONTEXT((#61)) GLOBAL_UNIT_ASSIGNED_CONTEXT(
(#58,#59,#60)) REPRESENTATION_CONTEXT('Context #1',
  '3D Context with UNIT and UNCERTAINTY') );
#58 = ( LENGTH_UNIT() NAMED_UNIT(*) SI_UNIT(.MILLI.,.METRE.) );
#59 = ( NAMED_UNIT(*) PLANE_ANGLE_UNIT() SI_UNIT($,.RADIAN.) );
#60 = ( NAMED_UNIT(*) SI_UNIT($,.STERADIAN.) SOLID_ANGLE_UNIT() );
#61 = UNCERTAINTY_MEASURE_WITH_UNIT(LENGTH_MEASURE(1.E-07),#58,
  'distance_accuracy_value','confusion accuracy');
#62 = ADVANCED_BREP_SHAPE_REPRESENTATION('',(#11,#63),#213);
#63 = MANIFOLD_SOLID_BREP('',#64);
#64 = CLOSED_SHELL('',(#65,#105,#136,#167,#189,#201));
#65 = ADVANCED_FACE('',(#66),#100,.T.);
#66 = FACE_BOUND('',#67,.T.);
#67 = EDGE_LOOP('',(#68,#78,#86,#94));
#68 = ORIENTED_EDGE('',*,*,#69,.T.);
#69 = EDGE_CURVE('',#70,#72,#74,.T.);
#70 = VERTEX_POINT('',#71);
#71 = CARTESIAN_POINT('',(0.,0.,0.));
#72 = VERTEX_POINT('',#73);
#73 = CARTESIAN_POINT('',(0.,0.,0.41148));
#74 = LINE('',#75,#76);
#75 = CARTESIAN_POINT('',(0.,0.,0.));
#76 = VECTOR('',#77,1.);
#77 = DIRECTION('',(0.,0.,1.));
#78 = ORIENTED_EDGE('',*,*,#79,.T.);
#79 = EDGE_CURVE('',#72,#80,#82,.T.);
#80 = VERTEX_POINT('',#81);
#81 = CARTESIAN_POINT('',(0.,9.,0.41148));
#82 = LINE('',#83,#84);
#83 = CARTESIAN_POINT('',(0.,0.,0.41148));
#84 = VECTOR('',#85,1.);
#85 = DIRECTION('',(0.,1.,0.));
#86 = ORIENTED_EDGE('',*,*,#87,.F.);
#87 = EDGE_CURVE('',#88,#80,#90,.T.);
#88 = VERTEX_POINT('',#89);
#89 = CARTESIAN_POINT('',(0.,9.,0.));
#90 = LINE('',#91,#92);
#91 = CARTESIAN_POINT('',(0.,9.,0.));
#92 = VECTOR('',#93,1.);
#93 = DIRECTION('',(0.,0.,1.));
#94 = ORIENTED_EDGE('',*,*,#95,.F.);
#95 = EDGE_CURVE('',#70,#88,#96,.T.);
#96 = LINE('',#97,#98);
#97 = CARTESIAN_POINT('',(0.,0.,0.));
#98 = VECTOR('',#99,1.);
#99 = DIRECTION('',(0.,1.,0.));
#100 = PLANE('',#101);
#101 = AXIS2_PLACEMENT_3D('',#102,#103,#104);
#102 = CARTESIAN_POINT('',(0.,0.,0.));
#103 = DIRECTION('',(-1.,0.,0.));
#104 = DIRECTION('',(0.,1.,0.));
#105 = ADVANCED_FACE('',(#106),#131,.T.);
#106 = FACE_BOUND('',#107,.T.);
#107 = EDGE_LOOP('',(#108,#109,#117,#125));
#108 = ORIENTED_EDGE('',*,*,#87,.T.);
#109 = ORIENTED_EDGE('',*,*,#110,.T.);
#110 = EDGE_CURVE('',#80,#111,#113,.T.);
#111 = VERTEX_POINT('',#112);
#112 = CARTESIAN_POINT('',(25.,9.,0.41148));
#113 = LINE('',#114,#115);
#114 = CARTESIAN_POINT('',(0.,9.,0.41148));
#115 = VECTOR('',#116,1.);
#116 = DIRECTION('',(1.,0.,0.));
#117 = ORIENTED_EDGE('',*,*,#118,.F.);
#118 = EDGE_CURVE('',#119,#111,#121,.T.);
#119 = VERTEX_POINT('',#120);
#120 = CARTESIAN_POINT('',(25.,9.,0.));
#121 = LINE('',#122,#123);
#122 = CARTESIAN_POINT('',(25.,9.,0.));
#123 = VECTOR('',#124,1.);
#124 = DIRECTION('',(0.,0.,1.));
#125 = ORIENTED_EDGE('',*,*,#126,.F.);
#126 = EDGE_CURVE('',#88,#119,#127,.T.);
#127 = LINE('',#128,#129);
#128 = CARTESIAN_POINT('',(0.,9.,0.));
#129 = VECTOR('',#130,1.);
#130 = DIRECTION('',(1.,0.,0.));
#131 = PLANE('',#132);
#132 = AXIS2_PLACEMENT_3D('',#133,#134,#135);
#133 = CARTESIAN_POINT('',(0.,9.,0.));
#134 = DIRECTION('',(0.,1.,0.));
#135 = DIRECTION('',(1.,0.,0.));
#136 = ADVANCED_FACE('',(#137),#162,.T.);
#137 = FACE_BOUND('',#138,.T.);
#138 = EDGE_LOOP('',(#139,#140,#148,#156));
#139 = ORIENTED_EDGE('',*,*,#118,.T.);
#140 = ORIENTED_EDGE('',*,*,#141,.T.);
#141 = EDGE_CURVE('',#111,#142,#144,.T.);
#142 = VERTEX_POINT('',#143);
#143 = CARTESIAN_POINT('',(25.,0.,0.41148));
#144 = LINE('',#145,#146);
#145 = CARTESIAN_POINT('',(25.,9.,0.41148));
#146 = VECTOR('',#147,1.);
#147 = DIRECTION('',(0.,-1.,0.));
#148 = ORIENTED_EDGE('',*,*,#149,.F.);
#149 = EDGE_CURVE('',#150,#142,#152,.T.);
#150 = VERTEX_POINT('',#151);
#151 = CARTESIAN_POINT('',(25.,0.,0.));
#152 = LINE('',#153,#154);
#153 = CARTESIAN_POINT('',(25.,0.,0.));
#154 = VECTOR('',#155,1.);
#155 = DIRECTION('',(0.,0.,1.));
#156 = ORIENTED_EDGE('',*,*,#157,.F.);
#157 = EDGE_CURVE('',#119,#150,#158,.T.);
#158 = LINE('',#159,#160);
#159 = CARTESIAN_POINT('',(25.,9.,0.));
#160 = VECTOR('',#161,1.);
#161 = DIRECTION('',(0.,-1.,0.));
#162 = PLANE('',#163);
#163 = AXIS2_PLACEMENT_3D('',#164,#165,#166);
#164 = CARTESIAN_POINT('',(25.,9.,0.));
#165 = DIRECTION('',(1.,0.,-0.));
#166 = DIRECTION('',(0.,-1.,0.));
#167 = ADVANCED_FACE('',(#168),#184,.T.);
#168 = FACE_BOUND('',#169,.T.);
#169 = EDGE_LOOP('',(#170,#171,#177,#178));
#170 = ORIENTED_EDGE('',*,*,#149,.T.);
#171 = ORIENTED_EDGE('',*,*,#172,.T.);
#172 = EDGE_CURVE('',#142,#72,#173,.T.);
#173 = LINE('',#174,#175);
#174 = CARTESIAN_POINT('',(25.,0.,0.41148));
#175 = VECTOR('',#176,1.);
#176 = DIRECTION('',(-1.,0.,0.));
#177 = ORIENTED_EDGE('',*,*,#69,.F.);
#178 = ORIENTED_EDGE('',*,*,#179,.F.);
#179 = EDGE_CURVE('',#150,#70,#180,.T.);
#180 = LINE('',#181,#182);
#181 = CARTESIAN_POINT('',(25.,0.,0.));
#182 = VECTOR('',#183,1.);
#183 = DIRECTION('',(-1.,0.,0.));
#184 = PLANE('',#185);
#185 = AXIS2_PLACEMENT_3D('',#186,#187,#188);
#186 = CARTESIAN_POINT('',(25.,0.,0.));
#187 = DIRECTION('',(0.,-1.,0.));
#188 = DIRECTION('',(-1.,0.,0.));
#189 = ADVANCED_FACE('',(#190),#196,.T.);
#190 = FACE_BOUND('',#191,.T.);
#191 = EDGE_LOOP('',(#192,#193,#194,#195));
#192 = ORIENTED_EDGE('',*,*,#95,.T.);
#193 = ORIENTED_EDGE('',*,*,#126,.T.);
#194 = ORIENTED_EDGE('',*,*,#157,.T.);
#195 = ORIENTED_EDGE('',*,*,#179,.T.);
#196 = PLANE('',#197);
#197 = AXIS2_PLACEMENT_3D('',#198,#199,#200);
#198 = CARTESIAN_POINT('',(12.5,4.5,0.));
#199 = DIRECTION('',(-0.,-0.,-1.));
#200 = DIRECTION('',(-1.,0.,0.));
#201 = ADVANCED_FACE('',(#202),#208,.F.);
#202 = FACE_BOUND('',#203,.F.);
#203 = EDGE_LOOP('',(#204,#205,#206,#207));
#204 = ORIENTED_EDGE('',*,*,#79,.T.);
#205 = ORIENTED_EDGE('',*,*,#110,.T.);
#206 = ORIENTED_EDGE('',*,*,#141,.T.);
#207 = ORIENTED_EDGE('',*,*,#172,.T.);
#208 = PLANE('',#209);
#209 = AXIS2_PLACEMENT_3D('',#210,#211,#212);
#210 = CARTESIAN_POINT('',(12.5,4.5,0.41148));
#211 = DIRECTION('',(-0.,-0.,-1.));
#212 = DIRECTION('',(-1.,0.,0.));
#213 = ( GEOMETRIC_REPRESENTATION_CONTEXT(3) 
GLOBAL_UNCERTAINTY_ASSIGNED_CONTEXT((#217)) GLOBAL_UNIT_ASSIGNED_CONTEXT
((#214,#215,#216)) REPRESENTATION_CONTEXT('Context #1',
  '3D Context with UNIT and UNCERTAINTY') );
#214 = ( LENGTH_UNIT() NAMED_UNIT(*) SI_UNIT(.MILLI.,.METRE.) );
#215 = ( NAMED_UNIT(*) PLANE_ANGLE_UNIT() SI_UNIT($,.RADIAN.) );
#216 = ( NAMED_UNIT(*) SI_UNIT($,.STERADIAN.) SOLID_ANGLE_UNIT() );
#217 = UNCERTAINTY_MEASURE_WITH_UNIT(LENGTH_MEASURE(1.E-07),#214,
  'distance_accuracy_value','confusion accuracy');
#218 = SHAPE_DEFINITION_REPRESENTATION(#219,#62);
#219 = PRODUCT_DEFINITION_SHAPE('','',#220);
#220 = PRODUCT_DEFINITION('design','',#221,#224);
#221 = PRODUCT_DEFINITION_FORMATION('','',#222);
#222 = PRODUCT('Open CASCADE STEP translator 7.5 1.1.1',
  'Open CASCADE STEP translator 7.5 1.1.1','',(#223));
#223 = PRODUCT_CONTEXT('',#2,'mechanical');
#224 = PRODUCT_DEFINITION_CONTEXT('part definition',#2,'design');
#225 = CONTEXT_DEPENDENT_SHAPE_REPRESENTATION(#226,#228);
#226 = ( REPRESENTATION_RELATIONSHIP('','',#62,#52) 
REPRESENTATION_RELATIONSHIP_WITH_TRANSFORMATION(#227) 
SHAPE_REPRESENTATION_RELATIONSHIP() );
#227 = ITEM_DEFINED_TRANSFORMATION('','',#11,#53);
#228 = PRODUCT_DEFINITION_SHAPE('Placement','Placement of an item',#229
  );
#229 = NEXT_ASSEMBLY_USAGE_OCCURRENCE('1','','',#47,#220,$);
#230 = PRODUCT_RELATED_PRODUCT_CATEGORY('part',$,(#222));
#231 = CONTEXT_DEPENDENT_SHAPE_REPRESENTATION(#232,#234);
#232 = ( REPRESENTATION_RELATIONSHIP('','',#52,#10) 
REPRESENTATION_RELATIONSHIP_WITH_TRANSFORMATION(#233) 
SHAPE_REPRESENTATION_RELATIONSHIP() );
#233 = ITEM_DEFINED_TRANSFORMATION('','',#11,#15);
#234 = PRODUCT_DEFINITION_SHAPE('Placement','Placement of an item',#235
  );
#235 = NEXT_ASSEMBLY_USAGE_OCCURRENCE('2','','',#5,#47,$);
#236 = PRODUCT_RELATED_PRODUCT_CATEGORY('part',$,(#49));
#237 = SHAPE_DEFINITION_REPRESENTATION(#238,#244);
#238 = PRODUCT_DEFINITION_SHAPE('','',#239);
#239 = PRODUCT_DEFINITION('design','',#240,#243);
#240 = PRODUCT_DEFINITION_FORMATION('','',#241);
#241 = PRODUCT('U1','U1','',(#242));
#242 = PRODUCT_CONTEXT('',#2,'mechanical');
#243 = PRODUCT_DEFINITION_CONTEXT('part definition',#2,'design');
#244 = SHAPE_REPRESENTATION('',(#11,#245),#249);
#245 = AXIS2_PLACEMENT_3D('',#246,#247,#248);
#246 = CARTESIAN_POINT('',(12.49999976,4.50000002,0.));
#247 = DIRECTION('',(0.,0.,1.));
#248 = DIRECTION('',(-4.371138828674E-08,1.,0.));
#249 = ( GEOMETRIC_REPRESENTATION_CONTEXT(3) 
GLOBAL_UNCERTAINTY_ASSIGNED_CONTEXT((#253)) GLOBAL_UNIT_ASSIGNED_CONTEXT
((#250,#251,#252)) REPRESENTATION_CONTEXT('Context #1',
  '3D Context with UNIT and UNCERTAINTY') );
#250 = ( LENGTH_UNIT() NAMED_UNIT(*) SI_UNIT(.MILLI.,.METRE.) );
#251 = ( NAMED_UNIT(*) PLANE_ANGLE_UNIT() SI_UNIT($,.RADIAN.) );
#252 = ( NAMED_UNIT(*) SI_UNIT($,.STERADIAN.) SOLID_ANGLE_UNIT() );
#253 = UNCERTAINTY_MEASURE_WITH_UNIT(LENGTH_MEASURE(2.E-04),#250,
  'distance_accuracy_value','confusion accuracy');
#254 = SHAPE_DEFINITION_REPRESENTATION(#255,#261);
#255 = PRODUCT_DEFINITION_SHAPE('','',#256);
#256 = PRODUCT_DEFINITION('design','',#257,#260);
#257 = PRODUCT_DEFINITION_FORMATION('','',#258);
#258 = PRODUCT('IC_Microchip_MIC7300YM5-TR_eec',
  'IC_Microchip_MIC7300YM5-TR_eec','',(#259));
#259 = PRODUCT_CONTEXT('',#2,'mechanical');
#260 = PRODUCT_DEFINITION_CONTEXT('part definition',#2,'design');
#261 = SHAPE_REPRESENTATION('',(#11,#262,#266,#270,#274,#278,#282,#286,
    #290),#294);
#262 = AXIS2_PLACEMENT_3D('',#263,#264,#265);
#263 = CARTESIAN_POINT('',(-2.775557561563E-16,-7.373144027841E-49,0.15)
  );
#264 = DIRECTION('',(-3.08148791102E-33,9.064296675432E-33,1.));
#265 = DIRECTION('',(-4.78544407166E-17,-1.,9.064296675432E-33));
#266 = AXIS2_PLACEMENT_3D('',#267,#268,#269);
#267 = CARTESIAN_POINT('',(1.15,1.4,2.567906592516E-30));
#268 = DIRECTION('',(-1.,-4.440892098501E-16,0.));
#269 = DIRECTION('',(4.440892098501E-16,-1.,-9.251858538543E-16));
#270 = AXIS2_PLACEMENT_3D('',#271,#272,#273);
#271 = CARTESIAN_POINT('',(0.2,1.4,2.592353063277E-30));
#272 = DIRECTION('',(-1.,-4.440892098501E-16,0.));
#273 = DIRECTION('',(4.440892098501E-16,-1.,-9.251858538543E-16));
#274 = AXIS2_PLACEMENT_3D('',#275,#276,#277);
#275 = CARTESIAN_POINT('',(-0.75,1.4,2.596256281298E-30));
#276 = DIRECTION('',(-1.,-4.440892098501E-16,0.));
#277 = DIRECTION('',(4.440892098501E-16,-1.,-9.251858538543E-16));
#278 = AXIS2_PLACEMENT_3D('',#279,#280,#281);
#279 = CARTESIAN_POINT('',(0.995384907896,0.39039557178,1.451));
#280 = DIRECTION('',(6.162975822039E-33,-9.064296675432E-33,-1.));
#281 = DIRECTION('',(1.,-5.637851296925E-17,6.162975822039E-33));
#282 = AXIS2_PLACEMENT_3D('',#283,#284,#285);
#283 = CARTESIAN_POINT('',(1.15,-1.4,7.703719777549E-31));
#284 = DIRECTION('',(1.,-4.440892098501E-16,0.));
#285 = DIRECTION('',(4.440892098501E-16,1.,-9.251858538543E-16));
#286 = AXIS2_PLACEMENT_3D('',#287,#288,#289);
#287 = CARTESIAN_POINT('',(-0.75,-1.4,7.987216665363E-31));
#288 = DIRECTION('',(1.,-4.440892098501E-16,0.));
#289 = DIRECTION('',(4.440892098501E-16,1.,-9.251858538543E-16));
#290 = AXIS2_PLACEMENT_3D('',#291,#292,#293);
#291 = CARTESIAN_POINT('',(-1.043142326569,-0.330037126676,1.44964));
#292 = DIRECTION('',(3.381133705787E-48,9.064296675432E-33,1.));
#293 = DIRECTION('',(4.440892098501E-16,-1.,9.064296675432E-33));
#294 = ( GEOMETRIC_REPRESENTATION_CONTEXT(3) 
GLOBAL_UNCERTAINTY_ASSIGNED_CONTEXT((#298)) GLOBAL_UNIT_ASSIGNED_CONTEXT
((#295,#296,#297)) REPRESENTATION_CONTEXT('Context #1',
  '3D Context with UNIT and UNCERTAINTY') );
#295 = ( LENGTH_UNIT() NAMED_UNIT(*) SI_UNIT(.MILLI.,.METRE.) );
#296 = ( NAMED_UNIT(*) PLANE_ANGLE_UNIT() SI_UNIT($,.RADIAN.) );
#297 = ( NAMED_UNIT(*) SI_UNIT($,.STERADIAN.) SOLID_ANGLE_UNIT() );
#298 = UNCERTAINTY_MEASURE_WITH_UNIT(LENGTH_MEASURE(2.E-04),#295,
  'distance_accuracy_value','confusion accuracy');
#299 = ADVANCED_BREP_SHAPE_REPRESENTATION('',(#11,#300),#1388);
#300 = MANIFOLD_SOLID_BREP('',#301);
#301 = CLOSED_SHELL('',(#302,#371,#449,#484,#506,#584,#619,#641,#673,
    #714,#749,#771,#793,#828,#850,#885,#920,#942,#974,#1042,#1064,#1086,
    #1108,#1130,#1152,#1171,#1193,#1212,#1229,#1249,#1268,#1285,#1304,
    #1316,#1330,#1349,#1361,#1375));
#302 = ADVANCED_FACE('',(#303),#366,.T.);
#303 = FACE_BOUND('',#304,.T.);
#304 = EDGE_LOOP('',(#305,#316,#324,#333,#342,#351,#359));
#305 = ORIENTED_EDGE('',*,*,#306,.T.);
#306 = EDGE_CURVE('',#307,#309,#311,.T.);
#307 = VERTEX_POINT('',#308);
#308 = CARTESIAN_POINT('',(-0.785355339059,-1.435355339059,
    0.787867965644));
#309 = VERTEX_POINT('',#310);
#310 = CARTESIAN_POINT('',(-0.8,-1.4,0.7));
#311 = ELLIPSE('',#312,0.304138126515,5.E-02);
#312 = AXIS2_PLACEMENT_3D('',#313,#314,#315);
#313 = CARTESIAN_POINT('',(-0.75,-1.4,1.));
#314 = DIRECTION('',(0.986393923832,1.88813318205E-16,-0.164398987305));
#315 = DIRECTION('',(-0.164398987305,-4.277801740581E-17,-0.986393923832
    ));
#316 = ORIENTED_EDGE('',*,*,#317,.T.);
#317 = EDGE_CURVE('',#309,#318,#320,.T.);
#318 = VERTEX_POINT('',#319);
#319 = CARTESIAN_POINT('',(-0.8,-1.4,0.58));
#320 = LINE('',#321,#322);
#321 = CARTESIAN_POINT('',(-0.8,-1.4,0.));
#322 = VECTOR('',#323,1.);
#323 = DIRECTION('',(0.,0.,-1.));
#324 = ORIENTED_EDGE('',*,*,#325,.T.);
#325 = EDGE_CURVE('',#318,#326,#328,.T.);
#326 = VERTEX_POINT('',#327);
#327 = CARTESIAN_POINT('',(-0.799994790004,-1.400721784217,
    0.579969782023));
#328 = ELLIPSE('',#329,0.294278779391,5.E-02);
#329 = AXIS2_PLACEMENT_3D('',#330,#331,#332);
#330 = CARTESIAN_POINT('',(-0.75,-1.4,0.29));
#331 = DIRECTION('',(0.985460115744,1.886345707499E-16,0.169906916508));
#332 = DIRECTION('',(-0.169906916508,-4.42112275195E-17,0.985460115744)
  );
#333 = ORIENTED_EDGE('',*,*,#334,.T.);
#334 = EDGE_CURVE('',#326,#335,#337,.T.);
#335 = VERTEX_POINT('',#336);
#336 = CARTESIAN_POINT('',(-0.750721784217,-1.449994790004,
    0.579969782023));
#337 = ELLIPSE('',#338,5.035963633431E-02,5.E-02);
#338 = AXIS2_PLACEMENT_3D('',#339,#340,#341);
#339 = CARTESIAN_POINT('',(-0.75,-1.4,0.584278779391));
#340 = DIRECTION('',(-8.435556479778E-02,-8.43555647978E-02,
    0.99285863917));
#341 = DIRECTION('',(-0.702057076517,-0.702057076517,-0.119296783799));
#342 = ORIENTED_EDGE('',*,*,#343,.T.);
#343 = EDGE_CURVE('',#335,#344,#346,.T.);
#344 = VERTEX_POINT('',#345);
#345 = CARTESIAN_POINT('',(-0.75,-1.45,0.58));
#346 = ELLIPSE('',#347,0.294278779391,5.E-02);
#347 = AXIS2_PLACEMENT_3D('',#348,#349,#350);
#348 = CARTESIAN_POINT('',(-0.75,-1.4,0.29));
#349 = DIRECTION('',(0.,0.985460115744,0.169906916508));
#350 = DIRECTION('',(0.,-0.169906916508,0.985460115744));
#351 = ORIENTED_EDGE('',*,*,#352,.T.);
#352 = EDGE_CURVE('',#344,#353,#355,.T.);
#353 = VERTEX_POINT('',#354);
#354 = CARTESIAN_POINT('',(-0.75,-1.45,0.7));
#355 = LINE('',#356,#357);
#356 = CARTESIAN_POINT('',(-0.75,-1.45,0.));
#357 = VECTOR('',#358,1.);
#358 = DIRECTION('',(0.,0.,1.));
#359 = ORIENTED_EDGE('',*,*,#360,.T.);
#360 = EDGE_CURVE('',#353,#307,#361,.T.);
#361 = ELLIPSE('',#362,0.304138126515,5.E-02);
#362 = AXIS2_PLACEMENT_3D('',#363,#364,#365);
#363 = CARTESIAN_POINT('',(-0.75,-1.4,1.));
#364 = DIRECTION('',(0.,0.986393923832,-0.164398987305));
#365 = DIRECTION('',(0.,-0.164398987305,-0.986393923832));
#366 = CYLINDRICAL_SURFACE('',#367,5.E-02);
#367 = AXIS2_PLACEMENT_3D('',#368,#369,#370);
#368 = CARTESIAN_POINT('',(-0.75,-1.4,0.));
#369 = DIRECTION('',(0.,0.,1.));
#370 = DIRECTION('',(-0.707106781187,-0.707106781187,0.));
#371 = ADVANCED_FACE('',(#372),#444,.T.);
#372 = FACE_BOUND('',#373,.T.);
#373 = EDGE_LOOP('',(#374,#384,#393,#402,#411,#419,#428,#437));
#374 = ORIENTED_EDGE('',*,*,#375,.T.);
#375 = EDGE_CURVE('',#376,#378,#380,.T.);
#376 = VERTEX_POINT('',#377);
#377 = CARTESIAN_POINT('',(0.8,-1.4,0.58));
#378 = VERTEX_POINT('',#379);
#379 = CARTESIAN_POINT('',(0.8,-1.4,0.7));
#380 = LINE('',#381,#382);
#381 = CARTESIAN_POINT('',(0.8,-1.4,0.));
#382 = VECTOR('',#383,1.);
#383 = DIRECTION('',(0.,0.,1.));
#384 = ORIENTED_EDGE('',*,*,#385,.T.);
#385 = EDGE_CURVE('',#378,#386,#388,.T.);
#386 = VERTEX_POINT('',#387);
#387 = CARTESIAN_POINT('',(0.799995433581,-1.40067573739,0.700027398512)
  );
#388 = ELLIPSE('',#389,0.304138126515,5.E-02);
#389 = AXIS2_PLACEMENT_3D('',#390,#391,#392);
#390 = CARTESIAN_POINT('',(0.75,-1.4,1.));
#391 = DIRECTION('',(-0.986393923832,-4.720332955124E-17,-0.164398987305
    ));
#392 = DIRECTION('',(0.164398987305,0.,-0.986393923832));
#393 = ORIENTED_EDGE('',*,*,#394,.F.);
#394 = EDGE_CURVE('',#395,#386,#397,.T.);
#395 = VERTEX_POINT('',#396);
#396 = CARTESIAN_POINT('',(0.75067573739,-1.449995433581,0.700027398512)
  );
#397 = ELLIPSE('',#398,5.0336765445E-02,5.E-02);
#398 = AXIS2_PLACEMENT_3D('',#399,#400,#401);
#399 = CARTESIAN_POINT('',(0.75,-1.4,0.695861873485));
#400 = DIRECTION('',(-8.165701625617E-02,8.165701625616E-02,
    0.993309751987));
#401 = DIRECTION('',(-0.702376061449,0.702376061449,-0.115480459852));
#402 = ORIENTED_EDGE('',*,*,#403,.T.);
#403 = EDGE_CURVE('',#395,#404,#406,.T.);
#404 = VERTEX_POINT('',#405);
#405 = CARTESIAN_POINT('',(0.75,-1.45,0.7));
#406 = ELLIPSE('',#407,0.304138126515,5.E-02);
#407 = AXIS2_PLACEMENT_3D('',#408,#409,#410);
#408 = CARTESIAN_POINT('',(0.75,-1.4,1.));
#409 = DIRECTION('',(0.,0.986393923832,-0.164398987305));
#410 = DIRECTION('',(0.,-0.164398987305,-0.986393923832));
#411 = ORIENTED_EDGE('',*,*,#412,.T.);
#412 = EDGE_CURVE('',#404,#413,#415,.T.);
#413 = VERTEX_POINT('',#414);
#414 = CARTESIAN_POINT('',(0.75,-1.45,0.58));
#415 = LINE('',#416,#417);
#416 = CARTESIAN_POINT('',(0.75,-1.45,0.));
#417 = VECTOR('',#418,1.);
#418 = DIRECTION('',(0.,0.,-1.));
#419 = ORIENTED_EDGE('',*,*,#420,.T.);
#420 = EDGE_CURVE('',#413,#421,#423,.T.);
#421 = VERTEX_POINT('',#422);
#422 = CARTESIAN_POINT('',(0.750721784217,-1.449994790004,0.579969782023
    ));
#423 = ELLIPSE('',#424,0.294278779391,5.E-02);
#424 = AXIS2_PLACEMENT_3D('',#425,#426,#427);
#425 = CARTESIAN_POINT('',(0.75,-1.4,0.29));
#426 = DIRECTION('',(0.,0.985460115744,0.169906916508));
#427 = DIRECTION('',(0.,-0.169906916508,0.985460115744));
#428 = ORIENTED_EDGE('',*,*,#429,.T.);
#429 = EDGE_CURVE('',#421,#430,#432,.T.);
#430 = VERTEX_POINT('',#431);
#431 = CARTESIAN_POINT('',(0.799994790004,-1.400721784217,0.579969782023
    ));
#432 = ELLIPSE('',#433,5.035963633431E-02,5.E-02);
#433 = AXIS2_PLACEMENT_3D('',#434,#435,#436);
#434 = CARTESIAN_POINT('',(0.75,-1.4,0.584278779391));
#435 = DIRECTION('',(8.435556479778E-02,-8.43555647978E-02,0.99285863917
    ));
#436 = DIRECTION('',(0.702057076517,-0.702057076517,-0.119296783799));
#437 = ORIENTED_EDGE('',*,*,#438,.T.);
#438 = EDGE_CURVE('',#430,#376,#439,.T.);
#439 = ELLIPSE('',#440,0.294278779391,5.E-02);
#440 = AXIS2_PLACEMENT_3D('',#441,#442,#443);
#441 = CARTESIAN_POINT('',(0.75,-1.4,0.29));
#442 = DIRECTION('',(-0.985460115744,-4.715864268746E-17,0.169906916508)
  );
#443 = DIRECTION('',(0.169906916508,0.,0.985460115744));
#444 = CYLINDRICAL_SURFACE('',#445,5.E-02);
#445 = AXIS2_PLACEMENT_3D('',#446,#447,#448);
#446 = CARTESIAN_POINT('',(0.75,-1.4,0.));
#447 = DIRECTION('',(0.,0.,1.));
#448 = DIRECTION('',(0.707106781187,-0.707106781187,0.));
#449 = ADVANCED_FACE('',(#450),#479,.T.);
#450 = FACE_BOUND('',#451,.T.);
#451 = EDGE_LOOP('',(#452,#463,#472));
#452 = ORIENTED_EDGE('',*,*,#453,.T.);
#453 = EDGE_CURVE('',#454,#456,#458,.T.);
#454 = VERTEX_POINT('',#455);
#455 = CARTESIAN_POINT('',(-0.65788296907,-1.30788296907,0.));
#456 = VERTEX_POINT('',#457);
#457 = CARTESIAN_POINT('',(-0.65788296907,-1.357155974858,
    4.150465417462E-02));
#458 = CIRCLE('',#459,5.E-02);
#459 = AXIS2_PLACEMENT_3D('',#460,#461,#462);
#460 = CARTESIAN_POINT('',(-0.65788296907,-1.30788296907,5.E-02));
#461 = DIRECTION('',(-1.,-9.57088814332E-16,5.551115123126E-15));
#462 = DIRECTION('',(2.958228394579E-30,-0.985460115744,-0.169906916508)
  );
#463 = ORIENTED_EDGE('',*,*,#464,.T.);
#464 = EDGE_CURVE('',#456,#465,#467,.T.);
#465 = VERTEX_POINT('',#466);
#466 = CARTESIAN_POINT('',(-0.707155974858,-1.30788296907,
    4.150465417462E-02));
#467 = CIRCLE('',#468,5.E-02);
#468 = AXIS2_PLACEMENT_3D('',#469,#470,#471);
#469 = CARTESIAN_POINT('',(-0.65788296907,-1.30788296907,5.E-02));
#470 = DIRECTION('',(0.167506302543,0.167506302543,-0.971536554751));
#471 = DIRECTION('',(-0.985460115744,5.898059818321E-17,-0.169906916508)
  );
#472 = ORIENTED_EDGE('',*,*,#473,.T.);
#473 = EDGE_CURVE('',#465,#454,#474,.T.);
#474 = CIRCLE('',#475,5.E-02);
#475 = AXIS2_PLACEMENT_3D('',#476,#477,#478);
#476 = CARTESIAN_POINT('',(-0.65788296907,-1.30788296907,5.E-02));
#477 = DIRECTION('',(0.,-1.,0.));
#478 = DIRECTION('',(0.,0.,-1.));
#479 = SPHERICAL_SURFACE('',#480,5.E-02);
#480 = AXIS2_PLACEMENT_3D('',#481,#482,#483);
#481 = CARTESIAN_POINT('',(-0.65788296907,-1.30788296907,5.E-02));
#482 = DIRECTION('',(0.302030654126,-0.860323206272,0.410635440163));
#483 = DIRECTION('',(-0.509748938939,-0.509748938939,-0.693045480831));
#484 = ADVANCED_FACE('',(#485),#501,.T.);
#485 = FACE_BOUND('',#486,.T.);
#486 = EDGE_LOOP('',(#487,#493,#494,#500));
#487 = ORIENTED_EDGE('',*,*,#488,.T.);
#488 = EDGE_CURVE('',#326,#465,#489,.T.);
#489 = LINE('',#490,#491);
#490 = CARTESIAN_POINT('',(-0.716660297581,-1.317387291794,
    9.662972596986E-02));
#491 = VECTOR('',#492,1.);
#492 = DIRECTION('',(0.167506302543,0.167506302543,-0.971536554751));
#493 = ORIENTED_EDGE('',*,*,#464,.F.);
#494 = ORIENTED_EDGE('',*,*,#495,.T.);
#495 = EDGE_CURVE('',#456,#335,#496,.T.);
#496 = LINE('',#497,#498);
#497 = CARTESIAN_POINT('',(-0.667387291794,-1.366660297581,
    9.662972596986E-02));
#498 = VECTOR('',#499,1.);
#499 = DIRECTION('',(-0.167506302543,-0.167506302543,0.971536554751));
#500 = ORIENTED_EDGE('',*,*,#334,.F.);
#501 = CYLINDRICAL_SURFACE('',#502,5.E-02);
#502 = AXIS2_PLACEMENT_3D('',#503,#504,#505);
#503 = CARTESIAN_POINT('',(-0.667387291794,-1.317387291794,
    0.105125071795));
#504 = DIRECTION('',(0.167506302543,0.167506302543,-0.971536554751));
#505 = DIRECTION('',(-0.686980086035,-0.686980086035,-0.23688968484));
#506 = ADVANCED_FACE('',(#507),#579,.T.);
#507 = FACE_BOUND('',#508,.T.);
#508 = EDGE_LOOP('',(#509,#519,#528,#537,#546,#554,#563,#572));
#509 = ORIENTED_EDGE('',*,*,#510,.T.);
#510 = EDGE_CURVE('',#511,#513,#515,.T.);
#511 = VERTEX_POINT('',#512);
#512 = CARTESIAN_POINT('',(-0.8,1.4,0.58));
#513 = VERTEX_POINT('',#514);
#514 = CARTESIAN_POINT('',(-0.8,1.4,0.7));
#515 = LINE('',#516,#517);
#516 = CARTESIAN_POINT('',(-0.8,1.4,0.));
#517 = VECTOR('',#518,1.);
#518 = DIRECTION('',(0.,0.,1.));
#519 = ORIENTED_EDGE('',*,*,#520,.T.);
#520 = EDGE_CURVE('',#513,#521,#523,.T.);
#521 = VERTEX_POINT('',#522);
#522 = CARTESIAN_POINT('',(-0.799995433581,1.40067573739,0.700027398512)
  );
#523 = ELLIPSE('',#524,0.304138126515,5.E-02);
#524 = AXIS2_PLACEMENT_3D('',#525,#526,#527);
#525 = CARTESIAN_POINT('',(-0.75,1.4,1.));
#526 = DIRECTION('',(0.986393923832,1.88813318205E-16,-0.164398987305));
#527 = DIRECTION('',(-0.164398987305,-4.277801740581E-17,-0.986393923832
    ));
#528 = ORIENTED_EDGE('',*,*,#529,.F.);
#529 = EDGE_CURVE('',#530,#521,#532,.T.);
#530 = VERTEX_POINT('',#531);
#531 = CARTESIAN_POINT('',(-0.75067573739,1.449995433581,0.700027398512)
  );
#532 = ELLIPSE('',#533,5.0336765445E-02,5.E-02);
#533 = AXIS2_PLACEMENT_3D('',#534,#535,#536);
#534 = CARTESIAN_POINT('',(-0.75,1.4,0.695861873485));
#535 = DIRECTION('',(8.165701625615E-02,-8.165701625618E-02,
    0.993309751987));
#536 = DIRECTION('',(-0.702376061449,0.702376061449,0.115480459852));
#537 = ORIENTED_EDGE('',*,*,#538,.T.);
#538 = EDGE_CURVE('',#530,#539,#541,.T.);
#539 = VERTEX_POINT('',#540);
#540 = CARTESIAN_POINT('',(-0.75,1.45,0.7));
#541 = ELLIPSE('',#542,0.304138126515,5.E-02);
#542 = AXIS2_PLACEMENT_3D('',#543,#544,#545);
#543 = CARTESIAN_POINT('',(-0.75,1.4,1.));
#544 = DIRECTION('',(0.,-0.986393923832,-0.164398987305));
#545 = DIRECTION('',(0.,0.164398987305,-0.986393923832));
#546 = ORIENTED_EDGE('',*,*,#547,.T.);
#547 = EDGE_CURVE('',#539,#548,#550,.T.);
#548 = VERTEX_POINT('',#549);
#549 = CARTESIAN_POINT('',(-0.75,1.45,0.58));
#550 = LINE('',#551,#552);
#551 = CARTESIAN_POINT('',(-0.75,1.45,0.));
#552 = VECTOR('',#553,1.);
#553 = DIRECTION('',(0.,0.,-1.));
#554 = ORIENTED_EDGE('',*,*,#555,.T.);
#555 = EDGE_CURVE('',#548,#556,#558,.T.);
#556 = VERTEX_POINT('',#557);
#557 = CARTESIAN_POINT('',(-0.750721784217,1.449994790004,0.579969782023
    ));
#558 = ELLIPSE('',#559,0.294278779391,5.E-02);
#559 = AXIS2_PLACEMENT_3D('',#560,#561,#562);
#560 = CARTESIAN_POINT('',(-0.75,1.4,0.29));
#561 = DIRECTION('',(0.,-0.985460115744,0.169906916508));
#562 = DIRECTION('',(0.,0.169906916508,0.985460115744));
#563 = ORIENTED_EDGE('',*,*,#564,.T.);
#564 = EDGE_CURVE('',#556,#565,#567,.T.);
#565 = VERTEX_POINT('',#566);
#566 = CARTESIAN_POINT('',(-0.799994790004,1.400721784217,0.579969782023
    ));
#567 = ELLIPSE('',#568,5.035963633431E-02,5.E-02);
#568 = AXIS2_PLACEMENT_3D('',#569,#570,#571);
#569 = CARTESIAN_POINT('',(-0.75,1.4,0.584278779391));
#570 = DIRECTION('',(-8.435556479777E-02,8.43555647978E-02,0.99285863917
    ));
#571 = DIRECTION('',(-0.702057076517,0.702057076517,-0.119296783799));
#572 = ORIENTED_EDGE('',*,*,#573,.T.);
#573 = EDGE_CURVE('',#565,#511,#574,.T.);
#574 = ELLIPSE('',#575,0.294278779391,5.E-02);
#575 = AXIS2_PLACEMENT_3D('',#576,#577,#578);
#576 = CARTESIAN_POINT('',(-0.75,1.4,0.29));
#577 = DIRECTION('',(0.985460115744,1.886345707499E-16,0.169906916508));
#578 = DIRECTION('',(-0.169906916508,-4.42112275195E-17,0.985460115744)
  );
#579 = CYLINDRICAL_SURFACE('',#580,5.E-02);
#580 = AXIS2_PLACEMENT_3D('',#581,#582,#583);
#581 = CARTESIAN_POINT('',(-0.75,1.4,0.));
#582 = DIRECTION('',(0.,0.,1.));
#583 = DIRECTION('',(-0.707106781187,0.707106781187,0.));
#584 = ADVANCED_FACE('',(#585),#614,.T.);
#585 = FACE_BOUND('',#586,.T.);
#586 = EDGE_LOOP('',(#587,#598,#607));
#587 = ORIENTED_EDGE('',*,*,#588,.T.);
#588 = EDGE_CURVE('',#589,#591,#593,.T.);
#589 = VERTEX_POINT('',#590);
#590 = CARTESIAN_POINT('',(-0.657643645581,1.307643645581,1.3));
#591 = VERTEX_POINT('',#592);
#592 = CARTESIAN_POINT('',(-0.657643645581,1.356963341772,1.258219949365
    ));
#593 = CIRCLE('',#594,5.E-02);
#594 = AXIS2_PLACEMENT_3D('',#595,#596,#597);
#595 = CARTESIAN_POINT('',(-0.657643645581,1.307643645581,1.25));
#596 = DIRECTION('',(-1.,-9.251858538543E-16,5.551115123126E-15));
#597 = DIRECTION('',(-9.860761315263E-31,0.986393923832,0.164398987305)
  );
#598 = ORIENTED_EDGE('',*,*,#599,.T.);
#599 = EDGE_CURVE('',#591,#600,#602,.T.);
#600 = VERTEX_POINT('',#601);
#601 = CARTESIAN_POINT('',(-0.706963341772,1.307643645581,1.258219949365
    ));
#602 = CIRCLE('',#603,5.E-02);
#603 = AXIS2_PLACEMENT_3D('',#604,#605,#606);
#604 = CARTESIAN_POINT('',(-0.657643645581,1.307643645581,1.25));
#605 = DIRECTION('',(0.162221421131,-0.162221421131,0.973328526785));
#606 = DIRECTION('',(-0.986393923832,2.775557561563E-17,0.164398987305)
  );
#607 = ORIENTED_EDGE('',*,*,#608,.T.);
#608 = EDGE_CURVE('',#600,#589,#609,.T.);
#609 = CIRCLE('',#610,5.E-02);
#610 = AXIS2_PLACEMENT_3D('',#611,#612,#613);
#611 = CARTESIAN_POINT('',(-0.657643645581,1.307643645581,1.25));
#612 = DIRECTION('',(5.627685845387E-15,1.,0.));
#613 = DIRECTION('',(0.,-0.,1.));
#614 = SPHERICAL_SURFACE('',#615,5.E-02);
#615 = AXIS2_PLACEMENT_3D('',#616,#617,#618);
#616 = CARTESIAN_POINT('',(-0.657643645581,1.307643645581,1.25));
#617 = DIRECTION('',(-0.305173528109,-0.858987613124,0.411107526373));
#618 = DIRECTION('',(-0.511996367662,0.511996367662,0.689724176031));
#619 = ADVANCED_FACE('',(#620),#636,.T.);
#620 = FACE_BOUND('',#621,.T.);
#621 = EDGE_LOOP('',(#622,#628,#629,#635));
#622 = ORIENTED_EDGE('',*,*,#623,.T.);
#623 = EDGE_CURVE('',#521,#600,#624,.T.);
#624 = LINE('',#625,#626);
#625 = CARTESIAN_POINT('',(-0.727284728847,1.327965032656,1.136291626917
    ));
#626 = VECTOR('',#627,1.);
#627 = DIRECTION('',(0.162221421131,-0.162221421131,0.973328526785));
#628 = ORIENTED_EDGE('',*,*,#599,.F.);
#629 = ORIENTED_EDGE('',*,*,#630,.T.);
#630 = EDGE_CURVE('',#591,#530,#631,.T.);
#631 = LINE('',#632,#633);
#632 = CARTESIAN_POINT('',(-0.677965032656,1.377284728847,1.136291626917
    ));
#633 = VECTOR('',#634,1.);
#634 = DIRECTION('',(-0.162221421131,0.162221421131,-0.973328526785));
#635 = ORIENTED_EDGE('',*,*,#529,.T.);
#636 = CYLINDRICAL_SURFACE('',#637,5.E-02);
#637 = AXIS2_PLACEMENT_3D('',#638,#639,#640);
#638 = CARTESIAN_POINT('',(-0.677965032656,1.327965032656,1.128071677552
    ));
#639 = DIRECTION('',(0.162221421131,-0.162221421131,0.973328526785));
#640 = DIRECTION('',(-0.688247201612,0.688247201612,0.229415733871));
#641 = ADVANCED_FACE('',(#642),#668,.T.);
#642 = FACE_BOUND('',#643,.T.);
#643 = EDGE_LOOP('',(#644,#655,#661,#662));
#644 = ORIENTED_EDGE('',*,*,#645,.T.);
#645 = EDGE_CURVE('',#646,#648,#650,.T.);
#646 = VERTEX_POINT('',#647);
#647 = CARTESIAN_POINT('',(-0.706963341772,-1.356963341772,
    1.258219949365));
#648 = VERTEX_POINT('',#649);
#649 = CARTESIAN_POINT('',(-0.657643645581,-1.35,1.3));
#650 = ELLIPSE('',#651,5.068968775249E-02,5.E-02);
#651 = AXIS2_PLACEMENT_3D('',#652,#653,#654);
#652 = CARTESIAN_POINT('',(-0.657643645581,-1.358333333333,1.25));
#653 = DIRECTION('',(4.930380657631E-32,0.986393923832,-0.164398987305)
  );
#654 = DIRECTION('',(1.625564661421E-15,0.164398987305,0.986393923832));
#655 = ORIENTED_EDGE('',*,*,#656,.T.);
#656 = EDGE_CURVE('',#648,#589,#657,.T.);
#657 = LINE('',#658,#659);
#658 = CARTESIAN_POINT('',(-0.657643645581,0.3625,1.3));
#659 = VECTOR('',#660,1.);
#660 = DIRECTION('',(-1.914177628664E-16,1.,0.));
#661 = ORIENTED_EDGE('',*,*,#608,.F.);
#662 = ORIENTED_EDGE('',*,*,#663,.T.);
#663 = EDGE_CURVE('',#600,#646,#664,.T.);
#664 = LINE('',#665,#666);
#665 = CARTESIAN_POINT('',(-0.706963341772,0.3625,1.258219949365));
#666 = VECTOR('',#667,1.);
#667 = DIRECTION('',(1.914177628664E-16,-1.,0.));
#668 = CYLINDRICAL_SURFACE('',#669,5.E-02);
#669 = AXIS2_PLACEMENT_3D('',#670,#671,#672);
#670 = CARTESIAN_POINT('',(-0.657643645581,0.3625,1.25));
#671 = DIRECTION('',(-1.914177628664E-16,1.,0.));
#672 = DIRECTION('',(-0.64637489613,-1.237276365902E-16,0.763019982473)
  );
#673 = ADVANCED_FACE('',(#674),#709,.T.);
#674 = FACE_BOUND('',#675,.T.);
#675 = EDGE_LOOP('',(#676,#684,#693,#702,#708));
#676 = ORIENTED_EDGE('',*,*,#677,.T.);
#677 = EDGE_CURVE('',#386,#678,#680,.T.);
#678 = VERTEX_POINT('',#679);
#679 = CARTESIAN_POINT('',(0.706963341772,-1.307643645581,1.258219949365
    ));
#680 = LINE('',#681,#682);
#681 = CARTESIAN_POINT('',(0.727284728847,-1.327965032656,1.136291626917
    ));
#682 = VECTOR('',#683,1.);
#683 = DIRECTION('',(-0.162221421131,0.162221421131,0.973328526785));
#684 = ORIENTED_EDGE('',*,*,#685,.T.);
#685 = EDGE_CURVE('',#678,#686,#688,.T.);
#686 = VERTEX_POINT('',#687);
#687 = CARTESIAN_POINT('',(0.657643645581,-1.349517272632,1.3));
#688 = ELLIPSE('',#689,6.559044302194E-02,5.E-02);
#689 = AXIS2_PLACEMENT_3D('',#690,#691,#692);
#690 = CARTESIAN_POINT('',(0.657643645581,-1.307643645581,1.25));
#691 = DIRECTION('',(0.106401748796,-0.762306179016,-0.638410492777));
#692 = DIRECTION('',(-0.125322363847,-0.647216570735,0.751934183081));
#693 = ORIENTED_EDGE('',*,*,#694,.T.);
#694 = EDGE_CURVE('',#686,#695,#697,.T.);
#695 = VERTEX_POINT('',#696);
#696 = CARTESIAN_POINT('',(0.650680303808,-1.35,1.3));
#697 = ELLIPSE('',#698,5.137011669141E-02,5.E-02);
#698 = AXIS2_PLACEMENT_3D('',#699,#700,#701);
#699 = CARTESIAN_POINT('',(0.649310312248,-1.299310312248,1.3));
#700 = DIRECTION('',(0.,0.,-1.));
#701 = DIRECTION('',(0.707106781187,-0.707106781187,0.));
#702 = ORIENTED_EDGE('',*,*,#703,.T.);
#703 = EDGE_CURVE('',#695,#395,#704,.T.);
#704 = LINE('',#705,#706);
#705 = CARTESIAN_POINT('',(0.677965032656,-1.377284728847,1.136291626917
    ));
#706 = VECTOR('',#707,1.);
#707 = DIRECTION('',(0.162221421131,-0.162221421131,-0.973328526785));
#708 = ORIENTED_EDGE('',*,*,#394,.T.);
#709 = CYLINDRICAL_SURFACE('',#710,5.E-02);
#710 = AXIS2_PLACEMENT_3D('',#711,#712,#713);
#711 = CARTESIAN_POINT('',(0.677965032656,-1.327965032656,1.128071677552
    ));
#712 = DIRECTION('',(0.162221421131,-0.162221421131,-0.973328526785));
#713 = DIRECTION('',(0.688247201612,-0.688247201612,0.229415733871));
#714 = ADVANCED_FACE('',(#715),#744,.T.);
#715 = FACE_BOUND('',#716,.T.);
#716 = EDGE_LOOP('',(#717,#728,#737));
#717 = ORIENTED_EDGE('',*,*,#718,.T.);
#718 = EDGE_CURVE('',#719,#721,#723,.T.);
#719 = VERTEX_POINT('',#720);
#720 = CARTESIAN_POINT('',(0.65788296907,-1.30788296907,0.));
#721 = VERTEX_POINT('',#722);
#722 = CARTESIAN_POINT('',(0.707155974858,-1.30788296907,
    4.150465417462E-02));
#723 = CIRCLE('',#724,5.E-02);
#724 = AXIS2_PLACEMENT_3D('',#725,#726,#727);
#725 = CARTESIAN_POINT('',(0.65788296907,-1.30788296907,5.E-02));
#726 = DIRECTION('',(9.57088814332E-16,-1.,5.551115123126E-15));
#727 = DIRECTION('',(0.985460115744,1.972152263053E-30,-0.169906916508)
  );
#728 = ORIENTED_EDGE('',*,*,#729,.T.);
#729 = EDGE_CURVE('',#721,#730,#732,.T.);
#730 = VERTEX_POINT('',#731);
#731 = CARTESIAN_POINT('',(0.65788296907,-1.357155974858,
    4.150465417462E-02));
#732 = CIRCLE('',#733,5.E-02);
#733 = AXIS2_PLACEMENT_3D('',#734,#735,#736);
#734 = CARTESIAN_POINT('',(0.65788296907,-1.30788296907,5.E-02));
#735 = DIRECTION('',(-0.167506302543,0.167506302543,-0.971536554751));
#736 = DIRECTION('',(1.422473250301E-16,-0.985460115744,-0.169906916508)
  );
#737 = ORIENTED_EDGE('',*,*,#738,.T.);
#738 = EDGE_CURVE('',#730,#719,#739,.T.);
#739 = CIRCLE('',#740,5.E-02);
#740 = AXIS2_PLACEMENT_3D('',#741,#742,#743);
#741 = CARTESIAN_POINT('',(0.65788296907,-1.30788296907,5.E-02));
#742 = DIRECTION('',(1.,5.633018561013E-15,0.));
#743 = DIRECTION('',(0.,0.,-1.));
#744 = SPHERICAL_SURFACE('',#745,5.E-02);
#745 = AXIS2_PLACEMENT_3D('',#746,#747,#748);
#746 = CARTESIAN_POINT('',(0.65788296907,-1.30788296907,5.E-02));
#747 = DIRECTION('',(-0.302030654126,-0.860323206272,0.410635440163));
#748 = DIRECTION('',(0.509748938939,-0.509748938939,-0.693045480831));
#749 = ADVANCED_FACE('',(#750),#766,.T.);
#750 = FACE_BOUND('',#751,.T.);
#751 = EDGE_LOOP('',(#752,#758,#759,#765));
#752 = ORIENTED_EDGE('',*,*,#753,.T.);
#753 = EDGE_CURVE('',#421,#730,#754,.T.);
#754 = LINE('',#755,#756);
#755 = CARTESIAN_POINT('',(0.676506259246,-1.375779265033,0.149519737193
    ));
#756 = VECTOR('',#757,1.);
#757 = DIRECTION('',(-0.167506302543,0.167506302543,-0.971536554751));
#758 = ORIENTED_EDGE('',*,*,#729,.F.);
#759 = ORIENTED_EDGE('',*,*,#760,.T.);
#760 = EDGE_CURVE('',#721,#430,#761,.T.);
#761 = LINE('',#762,#763);
#762 = CARTESIAN_POINT('',(0.725779265033,-1.326506259246,0.149519737193
    ));
#763 = VECTOR('',#764,1.);
#764 = DIRECTION('',(0.167506302543,-0.167506302543,0.971536554751));
#765 = ORIENTED_EDGE('',*,*,#429,.F.);
#766 = CYLINDRICAL_SURFACE('',#767,5.E-02);
#767 = AXIS2_PLACEMENT_3D('',#768,#769,#770);
#768 = CARTESIAN_POINT('',(0.676506259246,-1.326506259246,0.158015083019
    ));
#769 = DIRECTION('',(-0.167506302543,0.167506302543,-0.971536554751));
#770 = DIRECTION('',(0.686980086035,-0.686980086035,-0.23688968484));
#771 = ADVANCED_FACE('',(#772),#788,.T.);
#772 = FACE_BOUND('',#773,.T.);
#773 = EDGE_LOOP('',(#774,#775,#781,#782));
#774 = ORIENTED_EDGE('',*,*,#738,.F.);
#775 = ORIENTED_EDGE('',*,*,#776,.T.);
#776 = EDGE_CURVE('',#730,#456,#777,.T.);
#777 = LINE('',#778,#779);
#778 = CARTESIAN_POINT('',(-0.2,-1.357155974858,4.150465417462E-02));
#779 = VECTOR('',#780,1.);
#780 = DIRECTION('',(-1.,0.,0.));
#781 = ORIENTED_EDGE('',*,*,#453,.F.);
#782 = ORIENTED_EDGE('',*,*,#783,.T.);
#783 = EDGE_CURVE('',#454,#719,#784,.T.);
#784 = LINE('',#785,#786);
#785 = CARTESIAN_POINT('',(-0.2,-1.30788296907,0.));
#786 = VECTOR('',#787,1.);
#787 = DIRECTION('',(1.,0.,0.));
#788 = CYLINDRICAL_SURFACE('',#789,5.E-02);
#789 = AXIS2_PLACEMENT_3D('',#790,#791,#792);
#790 = CARTESIAN_POINT('',(-0.2,-1.30788296907,5.E-02));
#791 = DIRECTION('',(1.,0.,0.));
#792 = DIRECTION('',(0.,-0.644241058724,-0.764822501142));
#793 = ADVANCED_FACE('',(#794),#823,.T.);
#794 = FACE_BOUND('',#795,.T.);
#795 = EDGE_LOOP('',(#796,#807,#816));
#796 = ORIENTED_EDGE('',*,*,#797,.T.);
#797 = EDGE_CURVE('',#798,#800,#802,.T.);
#798 = VERTEX_POINT('',#799);
#799 = CARTESIAN_POINT('',(-0.65788296907,1.30788296907,0.));
#800 = VERTEX_POINT('',#801);
#801 = CARTESIAN_POINT('',(-0.707155974858,1.30788296907,
    4.150465417462E-02));
#802 = CIRCLE('',#803,5.E-02);
#803 = AXIS2_PLACEMENT_3D('',#804,#805,#806);
#804 = CARTESIAN_POINT('',(-0.65788296907,1.30788296907,5.E-02));
#805 = DIRECTION('',(-9.57088814332E-16,1.,5.551115123126E-15));
#806 = DIRECTION('',(-0.985460115744,-9.860761315263E-31,-0.169906916508
    ));
#807 = ORIENTED_EDGE('',*,*,#808,.T.);
#808 = EDGE_CURVE('',#800,#809,#811,.T.);
#809 = VERTEX_POINT('',#810);
#810 = CARTESIAN_POINT('',(-0.65788296907,1.357155974858,
    4.150465417462E-02));
#811 = CIRCLE('',#812,5.E-02);
#812 = AXIS2_PLACEMENT_3D('',#813,#814,#815);
#813 = CARTESIAN_POINT('',(-0.65788296907,1.30788296907,5.E-02));
#814 = DIRECTION('',(0.167506302543,-0.167506302543,-0.971536554751));
#815 = DIRECTION('',(-1.422473250301E-16,0.985460115744,-0.169906916508)
  );
#816 = ORIENTED_EDGE('',*,*,#817,.T.);
#817 = EDGE_CURVE('',#809,#798,#818,.T.);
#818 = CIRCLE('',#819,5.E-02);
#819 = AXIS2_PLACEMENT_3D('',#820,#821,#822);
#820 = CARTESIAN_POINT('',(-0.65788296907,1.30788296907,5.E-02));
#821 = DIRECTION('',(-1.,0.,0.));
#822 = DIRECTION('',(0.,0.,-1.));
#823 = SPHERICAL_SURFACE('',#824,5.E-02);
#824 = AXIS2_PLACEMENT_3D('',#825,#826,#827);
#825 = CARTESIAN_POINT('',(-0.65788296907,1.30788296907,5.E-02));
#826 = DIRECTION('',(-0.302030654126,-0.860323206272,-0.410635440163));
#827 = DIRECTION('',(-0.509748938939,0.509748938939,-0.693045480831));
#828 = ADVANCED_FACE('',(#829),#845,.T.);
#829 = FACE_BOUND('',#830,.T.);
#830 = EDGE_LOOP('',(#831,#837,#838,#844));
#831 = ORIENTED_EDGE('',*,*,#832,.T.);
#832 = EDGE_CURVE('',#556,#809,#833,.T.);
#833 = LINE('',#834,#835);
#834 = CARTESIAN_POINT('',(-0.676506259246,1.375779265033,0.149519737193
    ));
#835 = VECTOR('',#836,1.);
#836 = DIRECTION('',(0.167506302543,-0.167506302543,-0.971536554751));
#837 = ORIENTED_EDGE('',*,*,#808,.F.);
#838 = ORIENTED_EDGE('',*,*,#839,.T.);
#839 = EDGE_CURVE('',#800,#565,#840,.T.);
#840 = LINE('',#841,#842);
#841 = CARTESIAN_POINT('',(-0.725779265033,1.326506259246,0.149519737193
    ));
#842 = VECTOR('',#843,1.);
#843 = DIRECTION('',(-0.167506302543,0.167506302543,0.971536554751));
#844 = ORIENTED_EDGE('',*,*,#564,.F.);
#845 = CYLINDRICAL_SURFACE('',#846,5.E-02);
#846 = AXIS2_PLACEMENT_3D('',#847,#848,#849);
#847 = CARTESIAN_POINT('',(-0.676506259246,1.326506259246,0.158015083019
    ));
#848 = DIRECTION('',(0.167506302543,-0.167506302543,-0.971536554751));
#849 = DIRECTION('',(-0.686980086035,0.686980086035,-0.23688968484));
#850 = ADVANCED_FACE('',(#851),#880,.T.);
#851 = FACE_BOUND('',#852,.T.);
#852 = EDGE_LOOP('',(#853,#864,#873));
#853 = ORIENTED_EDGE('',*,*,#854,.T.);
#854 = EDGE_CURVE('',#855,#857,#859,.T.);
#855 = VERTEX_POINT('',#856);
#856 = CARTESIAN_POINT('',(0.657643645581,1.307643645581,1.3));
#857 = VERTEX_POINT('',#858);
#858 = CARTESIAN_POINT('',(0.706963341772,1.307643645581,1.258219949365)
  );
#859 = CIRCLE('',#860,5.E-02);
#860 = AXIS2_PLACEMENT_3D('',#861,#862,#863);
#861 = CARTESIAN_POINT('',(0.657643645581,1.307643645581,1.25));
#862 = DIRECTION('',(-9.251858538543E-16,1.,5.551115123126E-15));
#863 = DIRECTION('',(0.986393923832,-2.169367489358E-30,0.164398987305)
  );
#864 = ORIENTED_EDGE('',*,*,#865,.T.);
#865 = EDGE_CURVE('',#857,#866,#868,.T.);
#866 = VERTEX_POINT('',#867);
#867 = CARTESIAN_POINT('',(0.657643645581,1.356963341772,1.258219949365)
  );
#868 = CIRCLE('',#869,5.E-02);
#869 = AXIS2_PLACEMENT_3D('',#870,#871,#872);
#870 = CARTESIAN_POINT('',(0.657643645581,1.307643645581,1.25));
#871 = DIRECTION('',(-0.162221421131,-0.162221421131,0.973328526785));
#872 = DIRECTION('',(3.469446951954E-17,0.986393923832,0.164398987305));
#873 = ORIENTED_EDGE('',*,*,#874,.T.);
#874 = EDGE_CURVE('',#866,#855,#875,.T.);
#875 = CIRCLE('',#876,5.E-02);
#876 = AXIS2_PLACEMENT_3D('',#877,#878,#879);
#877 = CARTESIAN_POINT('',(0.657643645581,1.307643645581,1.25));
#878 = DIRECTION('',(1.,0.,-0.));
#879 = DIRECTION('',(0.,0.,1.));
#880 = SPHERICAL_SURFACE('',#881,5.E-02);
#881 = AXIS2_PLACEMENT_3D('',#882,#883,#884);
#882 = CARTESIAN_POINT('',(0.657643645581,1.307643645581,1.25));
#883 = DIRECTION('',(0.305173528109,-0.858987613124,0.411107526373));
#884 = DIRECTION('',(0.511996367662,0.511996367662,0.689724176031));
#885 = ADVANCED_FACE('',(#886),#915,.T.);
#886 = FACE_BOUND('',#887,.T.);
#887 = EDGE_LOOP('',(#888,#899,#908));
#888 = ORIENTED_EDGE('',*,*,#889,.T.);
#889 = EDGE_CURVE('',#890,#892,#894,.T.);
#890 = VERTEX_POINT('',#891);
#891 = CARTESIAN_POINT('',(0.707155974858,1.30788296907,
    4.150465417462E-02));
#892 = VERTEX_POINT('',#893);
#893 = CARTESIAN_POINT('',(0.65788296907,1.30788296907,0.));
#894 = CIRCLE('',#895,5.E-02);
#895 = AXIS2_PLACEMENT_3D('',#896,#897,#898);
#896 = CARTESIAN_POINT('',(0.65788296907,1.30788296907,5.E-02));
#897 = DIRECTION('',(1.126603712203E-14,1.,0.));
#898 = DIRECTION('',(0.,0.,-1.));
#899 = ORIENTED_EDGE('',*,*,#900,.T.);
#900 = EDGE_CURVE('',#892,#901,#903,.T.);
#901 = VERTEX_POINT('',#902);
#902 = CARTESIAN_POINT('',(0.65788296907,1.357155974858,
    4.150465417462E-02));
#903 = CIRCLE('',#904,5.E-02);
#904 = AXIS2_PLACEMENT_3D('',#905,#906,#907);
#905 = CARTESIAN_POINT('',(0.65788296907,1.30788296907,5.E-02));
#906 = DIRECTION('',(1.,-4.78544407166E-16,-2.775557561563E-15));
#907 = DIRECTION('',(9.860761315263E-31,0.985460115744,-0.169906916508)
  );
#908 = ORIENTED_EDGE('',*,*,#909,.T.);
#909 = EDGE_CURVE('',#901,#890,#910,.T.);
#910 = CIRCLE('',#911,5.E-02);
#911 = AXIS2_PLACEMENT_3D('',#912,#913,#914);
#912 = CARTESIAN_POINT('',(0.65788296907,1.30788296907,5.E-02));
#913 = DIRECTION('',(-0.167506302543,-0.167506302543,-0.971536554751));
#914 = DIRECTION('',(0.985460115744,-1.734723475977E-17,-0.169906916508)
  );
#915 = SPHERICAL_SURFACE('',#916,5.E-02);
#916 = AXIS2_PLACEMENT_3D('',#917,#918,#919);
#917 = CARTESIAN_POINT('',(0.65788296907,1.30788296907,5.E-02));
#918 = DIRECTION('',(0.302030654126,-0.860323206272,-0.410635440163));
#919 = DIRECTION('',(0.509748938939,0.509748938939,-0.693045480831));
#920 = ADVANCED_FACE('',(#921),#937,.T.);
#921 = FACE_BOUND('',#922,.T.);
#922 = EDGE_LOOP('',(#923,#924,#930,#931));
#923 = ORIENTED_EDGE('',*,*,#817,.F.);
#924 = ORIENTED_EDGE('',*,*,#925,.T.);
#925 = EDGE_CURVE('',#809,#901,#926,.T.);
#926 = LINE('',#927,#928);
#927 = CARTESIAN_POINT('',(0.2,1.357155974858,4.150465417462E-02));
#928 = VECTOR('',#929,1.);
#929 = DIRECTION('',(1.,0.,0.));
#930 = ORIENTED_EDGE('',*,*,#900,.F.);
#931 = ORIENTED_EDGE('',*,*,#932,.T.);
#932 = EDGE_CURVE('',#892,#798,#933,.T.);
#933 = LINE('',#934,#935);
#934 = CARTESIAN_POINT('',(0.2,1.30788296907,0.));
#935 = VECTOR('',#936,1.);
#936 = DIRECTION('',(-1.,0.,0.));
#937 = CYLINDRICAL_SURFACE('',#938,5.E-02);
#938 = AXIS2_PLACEMENT_3D('',#939,#940,#941);
#939 = CARTESIAN_POINT('',(0.2,1.30788296907,5.E-02));
#940 = DIRECTION('',(-1.,0.,0.));
#941 = DIRECTION('',(0.,0.644241058724,-0.764822501142));
#942 = ADVANCED_FACE('',(#943),#969,.T.);
#943 = FACE_BOUND('',#944,.T.);
#944 = EDGE_LOOP('',(#945,#953,#954,#962));
#945 = ORIENTED_EDGE('',*,*,#946,.T.);
#946 = EDGE_CURVE('',#947,#866,#949,.T.);
#947 = VERTEX_POINT('',#948);
#948 = CARTESIAN_POINT('',(0.75067573739,1.449995433581,0.700027398512)
  );
#949 = LINE('',#950,#951);
#950 = CARTESIAN_POINT('',(0.669412401077,1.368732097268,1.187607416391)
  );
#951 = VECTOR('',#952,1.);
#952 = DIRECTION('',(-0.162221421131,-0.162221421131,0.973328526785));
#953 = ORIENTED_EDGE('',*,*,#865,.F.);
#954 = ORIENTED_EDGE('',*,*,#955,.T.);
#955 = EDGE_CURVE('',#857,#956,#958,.T.);
#956 = VERTEX_POINT('',#957);
#957 = CARTESIAN_POINT('',(0.799995433581,1.40067573739,0.700027398512)
  );
#958 = LINE('',#959,#960);
#959 = CARTESIAN_POINT('',(0.718732097268,1.319412401077,1.187607416391)
  );
#960 = VECTOR('',#961,1.);
#961 = DIRECTION('',(0.162221421131,0.162221421131,-0.973328526785));
#962 = ORIENTED_EDGE('',*,*,#963,.T.);
#963 = EDGE_CURVE('',#956,#947,#964,.T.);
#964 = ELLIPSE('',#965,5.0336765445E-02,5.E-02);
#965 = AXIS2_PLACEMENT_3D('',#966,#967,#968);
#966 = CARTESIAN_POINT('',(0.75,1.4,0.695861873485));
#967 = DIRECTION('',(-8.165701625617E-02,-8.165701625617E-02,
    0.993309751987));
#968 = DIRECTION('',(0.702376061449,0.702376061449,0.115480459852));
#969 = CYLINDRICAL_SURFACE('',#970,5.E-02);
#970 = AXIS2_PLACEMENT_3D('',#971,#972,#973);
#971 = CARTESIAN_POINT('',(0.669412401077,1.319412401077,1.179387467026)
  );
#972 = DIRECTION('',(-0.162221421131,-0.162221421131,0.973328526785));
#973 = DIRECTION('',(0.688247201612,0.688247201612,0.229415733871));
#974 = ADVANCED_FACE('',(#975),#1037,.T.);
#975 = FACE_BOUND('',#976,.T.);
#976 = EDGE_LOOP('',(#977,#987,#994,#995,#1004,#1012,#1021,#1030));
#977 = ORIENTED_EDGE('',*,*,#978,.T.);
#978 = EDGE_CURVE('',#979,#981,#983,.T.);
#979 = VERTEX_POINT('',#980);
#980 = CARTESIAN_POINT('',(0.75,1.45,0.58));
#981 = VERTEX_POINT('',#982);
#982 = CARTESIAN_POINT('',(0.75,1.45,0.7));
#983 = LINE('',#984,#985);
#984 = CARTESIAN_POINT('',(0.75,1.45,0.));
#985 = VECTOR('',#986,1.);
#986 = DIRECTION('',(0.,0.,1.));
#987 = ORIENTED_EDGE('',*,*,#988,.T.);
#988 = EDGE_CURVE('',#981,#947,#989,.T.);
#989 = ELLIPSE('',#990,0.304138126515,5.E-02);
#990 = AXIS2_PLACEMENT_3D('',#991,#992,#993);
#991 = CARTESIAN_POINT('',(0.75,1.4,1.));
#992 = DIRECTION('',(0.,-0.986393923832,-0.164398987305));
#993 = DIRECTION('',(0.,0.164398987305,-0.986393923832));
#994 = ORIENTED_EDGE('',*,*,#963,.F.);
#995 = ORIENTED_EDGE('',*,*,#996,.T.);
#996 = EDGE_CURVE('',#956,#997,#999,.T.);
#997 = VERTEX_POINT('',#998);
#998 = CARTESIAN_POINT('',(0.8,1.4,0.7));
#999 = ELLIPSE('',#1000,0.304138126515,5.E-02);
#1000 = AXIS2_PLACEMENT_3D('',#1001,#1002,#1003);
#1001 = CARTESIAN_POINT('',(0.75,1.4,1.));
#1002 = DIRECTION('',(-0.986393923832,-4.720332955124E-17,
    -0.164398987305));
#1003 = DIRECTION('',(0.164398987305,0.,-0.986393923832));
#1004 = ORIENTED_EDGE('',*,*,#1005,.T.);
#1005 = EDGE_CURVE('',#997,#1006,#1008,.T.);
#1006 = VERTEX_POINT('',#1007);
#1007 = CARTESIAN_POINT('',(0.8,1.4,0.58));
#1008 = LINE('',#1009,#1010);
#1009 = CARTESIAN_POINT('',(0.8,1.4,0.));
#1010 = VECTOR('',#1011,1.);
#1011 = DIRECTION('',(0.,0.,-1.));
#1012 = ORIENTED_EDGE('',*,*,#1013,.T.);
#1013 = EDGE_CURVE('',#1006,#1014,#1016,.T.);
#1014 = VERTEX_POINT('',#1015);
#1015 = CARTESIAN_POINT('',(0.799994790004,1.400721784217,0.579969782023
    ));
#1016 = ELLIPSE('',#1017,0.294278779391,5.E-02);
#1017 = AXIS2_PLACEMENT_3D('',#1018,#1019,#1020);
#1018 = CARTESIAN_POINT('',(0.75,1.4,0.29));
#1019 = DIRECTION('',(-0.985460115744,-4.715864268746E-17,0.169906916508
    ));
#1020 = DIRECTION('',(0.169906916508,0.,0.985460115744));
#1021 = ORIENTED_EDGE('',*,*,#1022,.T.);
#1022 = EDGE_CURVE('',#1014,#1023,#1025,.T.);
#1023 = VERTEX_POINT('',#1024);
#1024 = CARTESIAN_POINT('',(0.750721784217,1.449994790004,0.579969782023
    ));
#1025 = ELLIPSE('',#1026,5.035963633431E-02,5.E-02);
#1026 = AXIS2_PLACEMENT_3D('',#1027,#1028,#1029);
#1027 = CARTESIAN_POINT('',(0.75,1.4,0.584278779391));
#1028 = DIRECTION('',(8.435556479781E-02,8.435556479782E-02,
    0.99285863917));
#1029 = DIRECTION('',(0.702057076517,0.702057076517,-0.119296783799));
#1030 = ORIENTED_EDGE('',*,*,#1031,.T.);
#1031 = EDGE_CURVE('',#1023,#979,#1032,.T.);
#1032 = ELLIPSE('',#1033,0.294278779391,5.E-02);
#1033 = AXIS2_PLACEMENT_3D('',#1034,#1035,#1036);
#1034 = CARTESIAN_POINT('',(0.75,1.4,0.29));
#1035 = DIRECTION('',(0.,-0.985460115744,0.169906916508));
#1036 = DIRECTION('',(0.,0.169906916508,0.985460115744));
#1037 = CYLINDRICAL_SURFACE('',#1038,5.E-02);
#1038 = AXIS2_PLACEMENT_3D('',#1039,#1040,#1041);
#1039 = CARTESIAN_POINT('',(0.75,1.4,0.));
#1040 = DIRECTION('',(0.,0.,1.));
#1041 = DIRECTION('',(0.707106781187,0.707106781187,-0.));
#1042 = ADVANCED_FACE('',(#1043),#1059,.T.);
#1043 = FACE_BOUND('',#1044,.T.);
#1044 = EDGE_LOOP('',(#1045,#1051,#1052,#1058));
#1045 = ORIENTED_EDGE('',*,*,#1046,.T.);
#1046 = EDGE_CURVE('',#1014,#890,#1047,.T.);
#1047 = LINE('',#1048,#1049);
#1048 = CARTESIAN_POINT('',(0.716660297581,1.317387291794,
    9.662972596986E-02));
#1049 = VECTOR('',#1050,1.);
#1050 = DIRECTION('',(-0.167506302543,-0.167506302543,-0.971536554751));
#1051 = ORIENTED_EDGE('',*,*,#909,.F.);
#1052 = ORIENTED_EDGE('',*,*,#1053,.T.);
#1053 = EDGE_CURVE('',#901,#1023,#1054,.T.);
#1054 = LINE('',#1055,#1056);
#1055 = CARTESIAN_POINT('',(0.667387291794,1.366660297581,
    9.662972596986E-02));
#1056 = VECTOR('',#1057,1.);
#1057 = DIRECTION('',(0.167506302543,0.167506302543,0.971536554751));
#1058 = ORIENTED_EDGE('',*,*,#1022,.F.);
#1059 = CYLINDRICAL_SURFACE('',#1060,5.E-02);
#1060 = AXIS2_PLACEMENT_3D('',#1061,#1062,#1063);
#1061 = CARTESIAN_POINT('',(0.667387291794,1.317387291794,0.105125071795
    ));
#1062 = DIRECTION('',(0.167506302543,0.167506302543,0.971536554751));
#1063 = DIRECTION('',(0.686980086035,0.686980086035,-0.23688968484));
#1064 = ADVANCED_FACE('',(#1065),#1081,.T.);
#1065 = FACE_BOUND('',#1066,.T.);
#1066 = EDGE_LOOP('',(#1067,#1068,#1074,#1075));
#1067 = ORIENTED_EDGE('',*,*,#889,.F.);
#1068 = ORIENTED_EDGE('',*,*,#1069,.T.);
#1069 = EDGE_CURVE('',#890,#721,#1070,.T.);
#1070 = LINE('',#1071,#1072);
#1071 = CARTESIAN_POINT('',(0.707155974858,-0.3625,4.150465417462E-02));
#1072 = VECTOR('',#1073,1.);
#1073 = DIRECTION('',(4.78544407166E-17,-1.,0.));
#1074 = ORIENTED_EDGE('',*,*,#718,.F.);
#1075 = ORIENTED_EDGE('',*,*,#1076,.T.);
#1076 = EDGE_CURVE('',#719,#892,#1077,.T.);
#1077 = LINE('',#1078,#1079);
#1078 = CARTESIAN_POINT('',(0.65788296907,-0.3625,0.));
#1079 = VECTOR('',#1080,1.);
#1080 = DIRECTION('',(-4.78544407166E-17,1.,0.));
#1081 = CYLINDRICAL_SURFACE('',#1082,5.E-02);
#1082 = AXIS2_PLACEMENT_3D('',#1083,#1084,#1085);
#1083 = CARTESIAN_POINT('',(0.65788296907,-0.3625,5.E-02));
#1084 = DIRECTION('',(-4.78544407166E-17,1.,0.));
#1085 = DIRECTION('',(0.644241058724,3.082979555192E-17,-0.764822501142)
  );
#1086 = ADVANCED_FACE('',(#1087),#1103,.T.);
#1087 = FACE_BOUND('',#1088,.T.);
#1088 = EDGE_LOOP('',(#1089,#1090,#1096,#1097));
#1089 = ORIENTED_EDGE('',*,*,#874,.F.);
#1090 = ORIENTED_EDGE('',*,*,#1091,.T.);
#1091 = EDGE_CURVE('',#866,#591,#1092,.T.);
#1092 = LINE('',#1093,#1094);
#1093 = CARTESIAN_POINT('',(0.2,1.356963341772,1.258219949365));
#1094 = VECTOR('',#1095,1.);
#1095 = DIRECTION('',(-1.,0.,0.));
#1096 = ORIENTED_EDGE('',*,*,#588,.F.);
#1097 = ORIENTED_EDGE('',*,*,#1098,.T.);
#1098 = EDGE_CURVE('',#589,#855,#1099,.T.);
#1099 = LINE('',#1100,#1101);
#1100 = CARTESIAN_POINT('',(0.2,1.307643645581,1.3));
#1101 = VECTOR('',#1102,1.);
#1102 = DIRECTION('',(1.,0.,0.));
#1103 = CYLINDRICAL_SURFACE('',#1104,5.E-02);
#1104 = AXIS2_PLACEMENT_3D('',#1105,#1106,#1107);
#1105 = CARTESIAN_POINT('',(0.2,1.307643645581,1.25));
#1106 = DIRECTION('',(1.,0.,0.));
#1107 = DIRECTION('',(-0.,0.64637489613,0.763019982473));
#1108 = ADVANCED_FACE('',(#1109),#1125,.T.);
#1109 = FACE_BOUND('',#1110,.T.);
#1110 = EDGE_LOOP('',(#1111,#1117,#1118,#1124));
#1111 = ORIENTED_EDGE('',*,*,#1112,.T.);
#1112 = EDGE_CURVE('',#678,#857,#1113,.T.);
#1113 = LINE('',#1114,#1115);
#1114 = CARTESIAN_POINT('',(0.706963341772,-0.3625,1.258219949365));
#1115 = VECTOR('',#1116,1.);
#1116 = DIRECTION('',(-4.78544407166E-17,1.,0.));
#1117 = ORIENTED_EDGE('',*,*,#854,.F.);
#1118 = ORIENTED_EDGE('',*,*,#1119,.T.);
#1119 = EDGE_CURVE('',#855,#686,#1120,.T.);
#1120 = LINE('',#1121,#1122);
#1121 = CARTESIAN_POINT('',(0.657643645581,-0.3625,1.3));
#1122 = VECTOR('',#1123,1.);
#1123 = DIRECTION('',(4.78544407166E-17,-1.,0.));
#1124 = ORIENTED_EDGE('',*,*,#685,.F.);
#1125 = CYLINDRICAL_SURFACE('',#1126,5.E-02);
#1126 = AXIS2_PLACEMENT_3D('',#1127,#1128,#1129);
#1127 = CARTESIAN_POINT('',(0.657643645581,-0.3625,1.25));
#1128 = DIRECTION('',(4.78544407166E-17,-1.,0.));
#1129 = DIRECTION('',(0.64637489613,3.093190914756E-17,0.763019982473));
#1130 = ADVANCED_FACE('',(#1131),#1147,.T.);
#1131 = FACE_BOUND('',#1132,.T.);
#1132 = EDGE_LOOP('',(#1133,#1134,#1140,#1141));
#1133 = ORIENTED_EDGE('',*,*,#473,.F.);
#1134 = ORIENTED_EDGE('',*,*,#1135,.T.);
#1135 = EDGE_CURVE('',#465,#800,#1136,.T.);
#1136 = LINE('',#1137,#1138);
#1137 = CARTESIAN_POINT('',(-0.707155974858,0.3625,4.150465417462E-02));
#1138 = VECTOR('',#1139,1.);
#1139 = DIRECTION('',(-1.914177628664E-16,1.,0.));
#1140 = ORIENTED_EDGE('',*,*,#797,.F.);
#1141 = ORIENTED_EDGE('',*,*,#1142,.T.);
#1142 = EDGE_CURVE('',#798,#454,#1143,.T.);
#1143 = LINE('',#1144,#1145);
#1144 = CARTESIAN_POINT('',(-0.65788296907,0.3625,0.));
#1145 = VECTOR('',#1146,1.);
#1146 = DIRECTION('',(1.914177628664E-16,-1.,0.));
#1147 = CYLINDRICAL_SURFACE('',#1148,5.E-02);
#1148 = AXIS2_PLACEMENT_3D('',#1149,#1150,#1151);
#1149 = CARTESIAN_POINT('',(-0.65788296907,0.3625,5.E-02));
#1150 = DIRECTION('',(1.914177628664E-16,-1.,0.));
#1151 = DIRECTION('',(-0.644241058724,-1.233191822077E-16,
    -0.764822501142));
#1152 = ADVANCED_FACE('',(#1153),#1166,.T.);
#1153 = FACE_BOUND('',#1154,.T.);
#1154 = EDGE_LOOP('',(#1155,#1156,#1157,#1158,#1159,#1160));
#1155 = ORIENTED_EDGE('',*,*,#343,.F.);
#1156 = ORIENTED_EDGE('',*,*,#495,.F.);
#1157 = ORIENTED_EDGE('',*,*,#776,.F.);
#1158 = ORIENTED_EDGE('',*,*,#753,.F.);
#1159 = ORIENTED_EDGE('',*,*,#420,.F.);
#1160 = ORIENTED_EDGE('',*,*,#1161,.T.);
#1161 = EDGE_CURVE('',#413,#344,#1162,.T.);
#1162 = LINE('',#1163,#1164);
#1163 = CARTESIAN_POINT('',(-0.4,-1.45,0.58));
#1164 = VECTOR('',#1165,1.);
#1165 = DIRECTION('',(-1.,0.,0.));
#1166 = PLANE('',#1167);
#1167 = AXIS2_PLACEMENT_3D('',#1168,#1169,#1170);
#1168 = CARTESIAN_POINT('',(-0.4,-1.4,0.29));
#1169 = DIRECTION('',(0.,-0.985460115744,-0.169906916508));
#1170 = DIRECTION('',(0.,0.169906916508,-0.985460115744));
#1171 = ADVANCED_FACE('',(#1172),#1188,.T.);
#1172 = FACE_BOUND('',#1173,.T.);
#1173 = EDGE_LOOP('',(#1174,#1175,#1181,#1182));
#1174 = ORIENTED_EDGE('',*,*,#317,.F.);
#1175 = ORIENTED_EDGE('',*,*,#1176,.F.);
#1176 = EDGE_CURVE('',#513,#309,#1177,.T.);
#1177 = LINE('',#1178,#1179);
#1178 = CARTESIAN_POINT('',(-0.8,0.725,0.7));
#1179 = VECTOR('',#1180,1.);
#1180 = DIRECTION('',(1.914177628664E-16,-1.,0.));
#1181 = ORIENTED_EDGE('',*,*,#510,.F.);
#1182 = ORIENTED_EDGE('',*,*,#1183,.F.);
#1183 = EDGE_CURVE('',#318,#511,#1184,.T.);
#1184 = LINE('',#1185,#1186);
#1185 = CARTESIAN_POINT('',(-0.8,0.725,0.58));
#1186 = VECTOR('',#1187,1.);
#1187 = DIRECTION('',(-1.914177628664E-16,1.,0.));
#1188 = PLANE('',#1189);
#1189 = AXIS2_PLACEMENT_3D('',#1190,#1191,#1192);
#1190 = CARTESIAN_POINT('',(-0.8,1.45,0.));
#1191 = DIRECTION('',(-1.,-1.914177628664E-16,0.));
#1192 = DIRECTION('',(1.914177628664E-16,-1.,0.));
#1193 = ADVANCED_FACE('',(#1194),#1207,.T.);
#1194 = FACE_BOUND('',#1195,.T.);
#1195 = EDGE_LOOP('',(#1196,#1197,#1203,#1204,#1205,#1206));
#1196 = ORIENTED_EDGE('',*,*,#306,.F.);
#1197 = ORIENTED_EDGE('',*,*,#1198,.T.);
#1198 = EDGE_CURVE('',#307,#646,#1199,.T.);
#1199 = LINE('',#1200,#1201);
#1200 = CARTESIAN_POINT('',(-0.717434210526,-1.367434210526,
    1.195394736842));
#1201 = VECTOR('',#1202,1.);
#1202 = DIRECTION('',(0.162221421131,0.162221421131,0.973328526785));
#1203 = ORIENTED_EDGE('',*,*,#663,.F.);
#1204 = ORIENTED_EDGE('',*,*,#623,.F.);
#1205 = ORIENTED_EDGE('',*,*,#520,.F.);
#1206 = ORIENTED_EDGE('',*,*,#1176,.T.);
#1207 = PLANE('',#1208);
#1208 = AXIS2_PLACEMENT_3D('',#1209,#1210,#1211);
#1209 = CARTESIAN_POINT('',(-0.75,0.725,1.));
#1210 = DIRECTION('',(-0.986393923832,-1.88813318205E-16,0.164398987305)
  );
#1211 = DIRECTION('',(0.164398987305,0.,0.986393923832));
#1212 = ADVANCED_FACE('',(#1213),#1224,.T.);
#1213 = FACE_BOUND('',#1214,.T.);
#1214 = EDGE_LOOP('',(#1215,#1216,#1217,#1218));
#1215 = ORIENTED_EDGE('',*,*,#352,.F.);
#1216 = ORIENTED_EDGE('',*,*,#1161,.F.);
#1217 = ORIENTED_EDGE('',*,*,#412,.F.);
#1218 = ORIENTED_EDGE('',*,*,#1219,.F.);
#1219 = EDGE_CURVE('',#353,#404,#1220,.T.);
#1220 = LINE('',#1221,#1222);
#1221 = CARTESIAN_POINT('',(-0.4,-1.45,0.7));
#1222 = VECTOR('',#1223,1.);
#1223 = DIRECTION('',(1.,0.,0.));
#1224 = PLANE('',#1225);
#1225 = AXIS2_PLACEMENT_3D('',#1226,#1227,#1228);
#1226 = CARTESIAN_POINT('',(-0.8,-1.45,0.));
#1227 = DIRECTION('',(0.,-1.,0.));
#1228 = DIRECTION('',(1.,0.,0.));
#1229 = ADVANCED_FACE('',(#1230),#1244,.T.);
#1230 = FACE_BOUND('',#1231,.T.);
#1231 = EDGE_LOOP('',(#1232,#1233,#1234,#1235,#1236,#1242,#1243));
#1232 = ORIENTED_EDGE('',*,*,#360,.F.);
#1233 = ORIENTED_EDGE('',*,*,#1219,.T.);
#1234 = ORIENTED_EDGE('',*,*,#403,.F.);
#1235 = ORIENTED_EDGE('',*,*,#703,.F.);
#1236 = ORIENTED_EDGE('',*,*,#1237,.T.);
#1237 = EDGE_CURVE('',#695,#648,#1238,.T.);
#1238 = LINE('',#1239,#1240);
#1239 = CARTESIAN_POINT('',(-0.4,-1.35,1.3));
#1240 = VECTOR('',#1241,1.);
#1241 = DIRECTION('',(-1.,0.,0.));
#1242 = ORIENTED_EDGE('',*,*,#645,.F.);
#1243 = ORIENTED_EDGE('',*,*,#1198,.F.);
#1244 = PLANE('',#1245);
#1245 = AXIS2_PLACEMENT_3D('',#1246,#1247,#1248);
#1246 = CARTESIAN_POINT('',(-0.4,-1.4,1.));
#1247 = DIRECTION('',(0.,-0.986393923832,0.164398987305));
#1248 = DIRECTION('',(0.,-0.164398987305,-0.986393923832));
#1249 = ADVANCED_FACE('',(#1250),#1263,.T.);
#1250 = FACE_BOUND('',#1251,.T.);
#1251 = EDGE_LOOP('',(#1252,#1253,#1254,#1255,#1256,#1257));
#1252 = ORIENTED_EDGE('',*,*,#438,.F.);
#1253 = ORIENTED_EDGE('',*,*,#760,.F.);
#1254 = ORIENTED_EDGE('',*,*,#1069,.F.);
#1255 = ORIENTED_EDGE('',*,*,#1046,.F.);
#1256 = ORIENTED_EDGE('',*,*,#1013,.F.);
#1257 = ORIENTED_EDGE('',*,*,#1258,.T.);
#1258 = EDGE_CURVE('',#1006,#376,#1259,.T.);
#1259 = LINE('',#1260,#1261);
#1260 = CARTESIAN_POINT('',(0.8,-0.725,0.58));
#1261 = VECTOR('',#1262,1.);
#1262 = DIRECTION('',(4.78544407166E-17,-1.,0.));
#1263 = PLANE('',#1264);
#1264 = AXIS2_PLACEMENT_3D('',#1265,#1266,#1267);
#1265 = CARTESIAN_POINT('',(0.75,-0.725,0.29));
#1266 = DIRECTION('',(0.985460115744,4.715864268746E-17,-0.169906916508)
  );
#1267 = DIRECTION('',(-0.169906916508,0.,-0.985460115744));
#1268 = ADVANCED_FACE('',(#1269),#1280,.T.);
#1269 = FACE_BOUND('',#1270,.T.);
#1270 = EDGE_LOOP('',(#1271,#1272,#1273,#1274));
#1271 = ORIENTED_EDGE('',*,*,#375,.F.);
#1272 = ORIENTED_EDGE('',*,*,#1258,.F.);
#1273 = ORIENTED_EDGE('',*,*,#1005,.F.);
#1274 = ORIENTED_EDGE('',*,*,#1275,.F.);
#1275 = EDGE_CURVE('',#378,#997,#1276,.T.);
#1276 = LINE('',#1277,#1278);
#1277 = CARTESIAN_POINT('',(0.8,-0.725,0.7));
#1278 = VECTOR('',#1279,1.);
#1279 = DIRECTION('',(-4.78544407166E-17,1.,0.));
#1280 = PLANE('',#1281);
#1281 = AXIS2_PLACEMENT_3D('',#1282,#1283,#1284);
#1282 = CARTESIAN_POINT('',(0.8,-1.45,0.));
#1283 = DIRECTION('',(1.,4.78544407166E-17,0.));
#1284 = DIRECTION('',(-4.78544407166E-17,1.,0.));
#1285 = ADVANCED_FACE('',(#1286),#1299,.T.);
#1286 = FACE_BOUND('',#1287,.T.);
#1287 = EDGE_LOOP('',(#1288,#1289,#1290,#1291,#1292,#1293));
#1288 = ORIENTED_EDGE('',*,*,#538,.F.);
#1289 = ORIENTED_EDGE('',*,*,#630,.F.);
#1290 = ORIENTED_EDGE('',*,*,#1091,.F.);
#1291 = ORIENTED_EDGE('',*,*,#946,.F.);
#1292 = ORIENTED_EDGE('',*,*,#988,.F.);
#1293 = ORIENTED_EDGE('',*,*,#1294,.T.);
#1294 = EDGE_CURVE('',#981,#539,#1295,.T.);
#1295 = LINE('',#1296,#1297);
#1296 = CARTESIAN_POINT('',(0.4,1.45,0.7));
#1297 = VECTOR('',#1298,1.);
#1298 = DIRECTION('',(-1.,0.,0.));
#1299 = PLANE('',#1300);
#1300 = AXIS2_PLACEMENT_3D('',#1301,#1302,#1303);
#1301 = CARTESIAN_POINT('',(0.4,1.4,1.));
#1302 = DIRECTION('',(0.,0.986393923832,0.164398987305));
#1303 = DIRECTION('',(0.,-0.164398987305,0.986393923832));
#1304 = ADVANCED_FACE('',(#1305),#1311,.F.);
#1305 = FACE_BOUND('',#1306,.T.);
#1306 = EDGE_LOOP('',(#1307,#1308,#1309,#1310));
#1307 = ORIENTED_EDGE('',*,*,#932,.F.);
#1308 = ORIENTED_EDGE('',*,*,#1076,.F.);
#1309 = ORIENTED_EDGE('',*,*,#783,.F.);
#1310 = ORIENTED_EDGE('',*,*,#1142,.F.);
#1311 = PLANE('',#1312);
#1312 = AXIS2_PLACEMENT_3D('',#1313,#1314,#1315);
#1313 = CARTESIAN_POINT('',(8.673617379884E-17,3.496431539358E-16,0.));
#1314 = DIRECTION('',(0.,0.,1.));
#1315 = DIRECTION('',(1.,0.,-0.));
#1316 = ADVANCED_FACE('',(#1317),#1325,.T.);
#1317 = FACE_BOUND('',#1318,.T.);
#1318 = EDGE_LOOP('',(#1319,#1320,#1321,#1322,#1323,#1324));
#1319 = ORIENTED_EDGE('',*,*,#325,.F.);
#1320 = ORIENTED_EDGE('',*,*,#1183,.T.);
#1321 = ORIENTED_EDGE('',*,*,#573,.F.);
#1322 = ORIENTED_EDGE('',*,*,#839,.F.);
#1323 = ORIENTED_EDGE('',*,*,#1135,.F.);
#1324 = ORIENTED_EDGE('',*,*,#488,.F.);
#1325 = PLANE('',#1326);
#1326 = AXIS2_PLACEMENT_3D('',#1327,#1328,#1329);
#1327 = CARTESIAN_POINT('',(-0.75,0.725,0.29));
#1328 = DIRECTION('',(-0.985460115744,-1.886345707499E-16,
    -0.169906916508));
#1329 = DIRECTION('',(-0.169906916508,0.,0.985460115744));
#1330 = ADVANCED_FACE('',(#1331),#1344,.T.);
#1331 = FACE_BOUND('',#1332,.T.);
#1332 = EDGE_LOOP('',(#1333,#1334,#1340,#1341,#1342,#1343));
#1333 = ORIENTED_EDGE('',*,*,#555,.F.);
#1334 = ORIENTED_EDGE('',*,*,#1335,.T.);
#1335 = EDGE_CURVE('',#548,#979,#1336,.T.);
#1336 = LINE('',#1337,#1338);
#1337 = CARTESIAN_POINT('',(0.4,1.45,0.58));
#1338 = VECTOR('',#1339,1.);
#1339 = DIRECTION('',(1.,0.,0.));
#1340 = ORIENTED_EDGE('',*,*,#1031,.F.);
#1341 = ORIENTED_EDGE('',*,*,#1053,.F.);
#1342 = ORIENTED_EDGE('',*,*,#925,.F.);
#1343 = ORIENTED_EDGE('',*,*,#832,.F.);
#1344 = PLANE('',#1345);
#1345 = AXIS2_PLACEMENT_3D('',#1346,#1347,#1348);
#1346 = CARTESIAN_POINT('',(0.4,1.4,0.29));
#1347 = DIRECTION('',(0.,0.985460115744,-0.169906916508));
#1348 = DIRECTION('',(0.,0.169906916508,0.985460115744));
#1349 = ADVANCED_FACE('',(#1350),#1356,.T.);
#1350 = FACE_BOUND('',#1351,.T.);
#1351 = EDGE_LOOP('',(#1352,#1353,#1354,#1355));
#1352 = ORIENTED_EDGE('',*,*,#547,.F.);
#1353 = ORIENTED_EDGE('',*,*,#1294,.F.);
#1354 = ORIENTED_EDGE('',*,*,#978,.F.);
#1355 = ORIENTED_EDGE('',*,*,#1335,.F.);
#1356 = PLANE('',#1357);
#1357 = AXIS2_PLACEMENT_3D('',#1358,#1359,#1360);
#1358 = CARTESIAN_POINT('',(0.8,1.45,0.));
#1359 = DIRECTION('',(0.,1.,0.));
#1360 = DIRECTION('',(-1.,0.,0.));
#1361 = ADVANCED_FACE('',(#1362),#1370,.T.);
#1362 = FACE_BOUND('',#1363,.T.);
#1363 = EDGE_LOOP('',(#1364,#1365,#1366,#1367,#1368,#1369));
#1364 = ORIENTED_EDGE('',*,*,#385,.F.);
#1365 = ORIENTED_EDGE('',*,*,#1275,.T.);
#1366 = ORIENTED_EDGE('',*,*,#996,.F.);
#1367 = ORIENTED_EDGE('',*,*,#955,.F.);
#1368 = ORIENTED_EDGE('',*,*,#1112,.F.);
#1369 = ORIENTED_EDGE('',*,*,#677,.F.);
#1370 = PLANE('',#1371);
#1371 = AXIS2_PLACEMENT_3D('',#1372,#1373,#1374);
#1372 = CARTESIAN_POINT('',(0.75,-0.725,1.));
#1373 = DIRECTION('',(0.986393923832,4.720332955124E-17,0.164398987305)
  );
#1374 = DIRECTION('',(0.164398987305,0.,-0.986393923832));
#1375 = ADVANCED_FACE('',(#1376),#1383,.T.);
#1376 = FACE_BOUND('',#1377,.T.);
#1377 = EDGE_LOOP('',(#1378,#1379,#1380,#1381,#1382));
#1378 = ORIENTED_EDGE('',*,*,#656,.F.);
#1379 = ORIENTED_EDGE('',*,*,#1237,.F.);
#1380 = ORIENTED_EDGE('',*,*,#694,.F.);
#1381 = ORIENTED_EDGE('',*,*,#1119,.F.);
#1382 = ORIENTED_EDGE('',*,*,#1098,.F.);
#1383 = PLANE('',#1384);
#1384 = AXIS2_PLACEMENT_3D('',#1385,#1386,#1387);
#1385 = CARTESIAN_POINT('',(1.387778780781E-16,2.775557561563E-16,1.3));
#1386 = DIRECTION('',(0.,0.,1.));
#1387 = DIRECTION('',(1.,0.,-0.));
#1388 = ( GEOMETRIC_REPRESENTATION_CONTEXT(3) 
GLOBAL_UNCERTAINTY_ASSIGNED_CONTEXT((#1392)) 
GLOBAL_UNIT_ASSIGNED_CONTEXT((#1389,#1390,#1391)) REPRESENTATION_CONTEXT
('Context #1','3D Context with UNIT and UNCERTAINTY') );
#1389 = ( LENGTH_UNIT() NAMED_UNIT(*) SI_UNIT(.MILLI.,.METRE.) );
#1390 = ( NAMED_UNIT(*) PLANE_ANGLE_UNIT() SI_UNIT($,.RADIAN.) );
#1391 = ( NAMED_UNIT(*) SI_UNIT($,.STERADIAN.) SOLID_ANGLE_UNIT() );
#1392 = UNCERTAINTY_MEASURE_WITH_UNIT(LENGTH_MEASURE(1.E-03),#1389,
  'distance_accuracy_value','confusion accuracy');
#1393 = SHAPE_DEFINITION_REPRESENTATION(#1394,#299);
#1394 = PRODUCT_DEFINITION_SHAPE('','',#1395);
#1395 = PRODUCT_DEFINITION('design','',#1396,#1399);
#1396 = PRODUCT_DEFINITION_FORMATION('','',#1397);
#1397 = PRODUCT('IC_BODY','IC_BODY','',(#1398));
#1398 = PRODUCT_CONTEXT('',#2,'mechanical');
#1399 = PRODUCT_DEFINITION_CONTEXT('part definition',#2,'design');
#1400 = CONTEXT_DEPENDENT_SHAPE_REPRESENTATION(#1401,#1403);
#1401 = ( REPRESENTATION_RELATIONSHIP('','',#299,#261) 
REPRESENTATION_RELATIONSHIP_WITH_TRANSFORMATION(#1402) 
SHAPE_REPRESENTATION_RELATIONSHIP() );
#1402 = ITEM_DEFINED_TRANSFORMATION('','',#11,#262);
#1403 = PRODUCT_DEFINITION_SHAPE('Placement','Placement of an item',
  #1404);
#1404 = NEXT_ASSEMBLY_USAGE_OCCURRENCE('3','IC_BODY:1','',#256,#1395,$);
#1405 = PRODUCT_RELATED_PRODUCT_CATEGORY('part',$,(#1397));
#1406 = ADVANCED_BREP_SHAPE_REPRESENTATION('',(#11,#1407),#1829);
#1407 = MANIFOLD_SOLID_BREP('',#1408);
#1408 = CLOSED_SHELL('',(#1409,#1451,#1482,#1524,#1555,#1597,#1619,#1678
    ,#1710,#1734,#1751,#1775,#1792,#1809));
#1409 = ADVANCED_FACE('',(#1410),#1446,.F.);
#1410 = FACE_BOUND('',#1411,.F.);
#1411 = EDGE_LOOP('',(#1412,#1422,#1431,#1439));
#1412 = ORIENTED_EDGE('',*,*,#1413,.F.);
#1413 = EDGE_CURVE('',#1414,#1416,#1418,.T.);
#1414 = VERTEX_POINT('',#1415);
#1415 = CARTESIAN_POINT('',(0.459948552898,0.648023613325,0.4));
#1416 = VERTEX_POINT('',#1417);
#1417 = CARTESIAN_POINT('',(0.459948552898,0.648023613325,0.));
#1418 = LINE('',#1419,#1420);
#1419 = CARTESIAN_POINT('',(0.459948552898,0.648023613325,0.));
#1420 = VECTOR('',#1421,1.);
#1421 = DIRECTION('',(0.,0.,-1.));
#1422 = ORIENTED_EDGE('',*,*,#1423,.F.);
#1423 = EDGE_CURVE('',#1424,#1414,#1426,.T.);
#1424 = VERTEX_POINT('',#1425);
#1425 = CARTESIAN_POINT('',(0.533809134374,0.71,0.4));
#1426 = CIRCLE('',#1427,7.5E-02);
#1427 = AXIS2_PLACEMENT_3D('',#1428,#1429,#1430);
#1428 = CARTESIAN_POINT('',(0.533809134374,0.635,0.4));
#1429 = DIRECTION('',(0.,0.,1.));
#1430 = DIRECTION('',(-0.642787609687,0.766044443119,0.));
#1431 = ORIENTED_EDGE('',*,*,#1432,.F.);
#1432 = EDGE_CURVE('',#1433,#1424,#1435,.T.);
#1433 = VERTEX_POINT('',#1434);
#1434 = CARTESIAN_POINT('',(0.533809134374,0.71,0.));
#1435 = LINE('',#1436,#1437);
#1436 = CARTESIAN_POINT('',(0.533809134374,0.71,0.));
#1437 = VECTOR('',#1438,1.);
#1438 = DIRECTION('',(0.,0.,1.));
#1439 = ORIENTED_EDGE('',*,*,#1440,.F.);
#1440 = EDGE_CURVE('',#1416,#1433,#1441,.T.);
#1441 = CIRCLE('',#1442,7.5E-02);
#1442 = AXIS2_PLACEMENT_3D('',#1443,#1444,#1445);
#1443 = CARTESIAN_POINT('',(0.533809134374,0.635,0.));
#1444 = DIRECTION('',(0.,0.,-1.));
#1445 = DIRECTION('',(-0.642787609687,0.766044443119,0.));
#1446 = CYLINDRICAL_SURFACE('',#1447,7.5E-02);
#1447 = AXIS2_PLACEMENT_3D('',#1448,#1449,#1450);
#1448 = CARTESIAN_POINT('',(0.533809134374,0.635,0.));
#1449 = DIRECTION('',(0.,0.,1.));
#1450 = DIRECTION('',(-0.642787609687,0.766044443119,0.));
#1451 = ADVANCED_FACE('',(#1452),#1477,.T.);
#1452 = FACE_BOUND('',#1453,.T.);
#1453 = EDGE_LOOP('',(#1454,#1455,#1463,#1471));
#1454 = ORIENTED_EDGE('',*,*,#1432,.F.);
#1455 = ORIENTED_EDGE('',*,*,#1456,.T.);
#1456 = EDGE_CURVE('',#1433,#1457,#1459,.T.);
#1457 = VERTEX_POINT('',#1458);
#1458 = CARTESIAN_POINT('',(0.6,0.71,0.));
#1459 = LINE('',#1460,#1461);
#1460 = CARTESIAN_POINT('',(0.470876662036,0.71,0.));
#1461 = VECTOR('',#1462,1.);
#1462 = DIRECTION('',(1.,0.,0.));
#1463 = ORIENTED_EDGE('',*,*,#1464,.T.);
#1464 = EDGE_CURVE('',#1457,#1465,#1467,.T.);
#1465 = VERTEX_POINT('',#1466);
#1466 = CARTESIAN_POINT('',(0.6,0.71,0.4));
#1467 = LINE('',#1468,#1469);
#1468 = CARTESIAN_POINT('',(0.6,0.71,0.));
#1469 = VECTOR('',#1470,1.);
#1470 = DIRECTION('',(0.,0.,1.));
#1471 = ORIENTED_EDGE('',*,*,#1472,.F.);
#1472 = EDGE_CURVE('',#1424,#1465,#1473,.T.);
#1473 = LINE('',#1474,#1475);
#1474 = CARTESIAN_POINT('',(0.470876662036,0.71,0.4));
#1475 = VECTOR('',#1476,1.);
#1476 = DIRECTION('',(1.,0.,0.));
#1477 = PLANE('',#1478);
#1478 = AXIS2_PLACEMENT_3D('',#1479,#1480,#1481);
#1479 = CARTESIAN_POINT('',(0.470876662036,0.71,0.));
#1480 = DIRECTION('',(0.,-1.,0.));
#1481 = DIRECTION('',(1.,0.,0.));
#1482 = ADVANCED_FACE('',(#1483),#1519,.F.);
#1483 = FACE_BOUND('',#1484,.F.);
#1484 = EDGE_LOOP('',(#1485,#1495,#1504,#1512));
#1485 = ORIENTED_EDGE('',*,*,#1486,.F.);
#1486 = EDGE_CURVE('',#1487,#1489,#1491,.T.);
#1487 = VERTEX_POINT('',#1488);
#1488 = CARTESIAN_POINT('',(0.232804322736,0.223640242848,0.4));
#1489 = VERTEX_POINT('',#1490);
#1490 = CARTESIAN_POINT('',(0.232804322736,0.223640242848,0.));
#1491 = LINE('',#1492,#1493);
#1492 = CARTESIAN_POINT('',(0.232804322736,0.223640242848,0.));
#1493 = VECTOR('',#1494,1.);
#1494 = DIRECTION('',(0.,0.,-1.));
#1495 = ORIENTED_EDGE('',*,*,#1496,.F.);
#1496 = EDGE_CURVE('',#1497,#1487,#1499,.T.);
#1497 = VERTEX_POINT('',#1498);
#1498 = CARTESIAN_POINT('',(0.164175476791,0.161846552403,0.4));
#1499 = CIRCLE('',#1500,7.5E-02);
#1500 = AXIS2_PLACEMENT_3D('',#1501,#1502,#1503);
#1501 = CARTESIAN_POINT('',(0.15894374126,0.236663856173,0.4));
#1502 = DIRECTION('',(0.,0.,1.));
#1503 = DIRECTION('',(0.669130606359,-0.743144825477,0.));
#1504 = ORIENTED_EDGE('',*,*,#1505,.F.);
#1505 = EDGE_CURVE('',#1506,#1497,#1508,.T.);
#1506 = VERTEX_POINT('',#1507);
#1507 = CARTESIAN_POINT('',(0.164175476791,0.161846552403,0.));
#1508 = LINE('',#1509,#1510);
#1509 = CARTESIAN_POINT('',(0.164175476791,0.161846552403,0.));
#1510 = VECTOR('',#1511,1.);
#1511 = DIRECTION('',(0.,0.,1.));
#1512 = ORIENTED_EDGE('',*,*,#1513,.F.);
#1513 = EDGE_CURVE('',#1489,#1506,#1514,.T.);
#1514 = CIRCLE('',#1515,7.5E-02);
#1515 = AXIS2_PLACEMENT_3D('',#1516,#1517,#1518);
#1516 = CARTESIAN_POINT('',(0.15894374126,0.236663856173,0.));
#1517 = DIRECTION('',(0.,0.,-1.));
#1518 = DIRECTION('',(0.669130606359,-0.743144825477,0.));
#1519 = CYLINDRICAL_SURFACE('',#1520,7.5E-02);
#1520 = AXIS2_PLACEMENT_3D('',#1521,#1522,#1523);
#1521 = CARTESIAN_POINT('',(0.15894374126,0.236663856173,0.));
#1522 = DIRECTION('',(0.,0.,1.));
#1523 = DIRECTION('',(0.669130606359,-0.743144825477,0.));
#1524 = ADVANCED_FACE('',(#1525),#1550,.T.);
#1525 = FACE_BOUND('',#1526,.T.);
#1526 = EDGE_LOOP('',(#1527,#1528,#1536,#1544));
#1527 = ORIENTED_EDGE('',*,*,#1505,.F.);
#1528 = ORIENTED_EDGE('',*,*,#1529,.T.);
#1529 = EDGE_CURVE('',#1506,#1530,#1532,.T.);
#1530 = VERTEX_POINT('',#1531);
#1531 = CARTESIAN_POINT('',(1.837961780835E-19,0.150366284712,0.));
#1532 = LINE('',#1533,#1534);
#1533 = CARTESIAN_POINT('',(0.22262916084,0.165934032175,0.));
#1534 = VECTOR('',#1535,1.);
#1535 = DIRECTION('',(-0.99756405026,-6.975647374413E-02,0.));
#1536 = ORIENTED_EDGE('',*,*,#1537,.T.);
#1537 = EDGE_CURVE('',#1530,#1538,#1540,.T.);
#1538 = VERTEX_POINT('',#1539);
#1539 = CARTESIAN_POINT('',(0.,0.150366284712,0.4));
#1540 = LINE('',#1541,#1542);
#1541 = CARTESIAN_POINT('',(1.837961780835E-19,0.150366284712,0.));
#1542 = VECTOR('',#1543,1.);
#1543 = DIRECTION('',(0.,0.,1.));
#1544 = ORIENTED_EDGE('',*,*,#1545,.F.);
#1545 = EDGE_CURVE('',#1497,#1538,#1546,.T.);
#1546 = LINE('',#1547,#1548);
#1547 = CARTESIAN_POINT('',(0.22262916084,0.165934032175,0.4));
#1548 = VECTOR('',#1549,1.);
#1549 = DIRECTION('',(-0.99756405026,-6.975647374413E-02,0.));
#1550 = PLANE('',#1551);
#1551 = AXIS2_PLACEMENT_3D('',#1552,#1553,#1554);
#1552 = CARTESIAN_POINT('',(0.22262916084,0.165934032175,0.));
#1553 = DIRECTION('',(-6.975647374413E-02,0.99756405026,0.));
#1554 = DIRECTION('',(-0.99756405026,-6.975647374413E-02,0.));
#1555 = ADVANCED_FACE('',(#1556),#1592,.T.);
#1556 = FACE_BOUND('',#1557,.T.);
#1557 = EDGE_LOOP('',(#1558,#1569,#1577,#1586));
#1558 = ORIENTED_EDGE('',*,*,#1559,.T.);
#1559 = EDGE_CURVE('',#1560,#1562,#1564,.T.);
#1560 = VERTEX_POINT('',#1561);
#1561 = CARTESIAN_POINT('',(0.370350323792,0.139886805525,0.4));
#1562 = VERTEX_POINT('',#1563);
#1563 = CARTESIAN_POINT('',(0.233092631902,1.629942463642E-02,0.4));
#1564 = CIRCLE('',#1565,0.15);
#1565 = AXIS2_PLACEMENT_3D('',#1566,#1567,#1568);
#1566 = CARTESIAN_POINT('',(0.22262916084,0.165934032175,0.4));
#1567 = DIRECTION('',(0.,0.,-1.));
#1568 = DIRECTION('',(0.669130606359,-0.743144825477,0.));
#1569 = ORIENTED_EDGE('',*,*,#1570,.T.);
#1570 = EDGE_CURVE('',#1562,#1571,#1573,.T.);
#1571 = VERTEX_POINT('',#1572);
#1572 = CARTESIAN_POINT('',(0.233092631902,1.629942463642E-02,0.));
#1573 = LINE('',#1574,#1575);
#1574 = CARTESIAN_POINT('',(0.233092631902,1.629942463642E-02,0.));
#1575 = VECTOR('',#1576,1.);
#1576 = DIRECTION('',(0.,0.,-1.));
#1577 = ORIENTED_EDGE('',*,*,#1578,.T.);
#1578 = EDGE_CURVE('',#1571,#1579,#1581,.T.);
#1579 = VERTEX_POINT('',#1580);
#1580 = CARTESIAN_POINT('',(0.370350323792,0.139886805525,0.));
#1581 = CIRCLE('',#1582,0.15);
#1582 = AXIS2_PLACEMENT_3D('',#1583,#1584,#1585);
#1583 = CARTESIAN_POINT('',(0.22262916084,0.165934032175,0.));
#1584 = DIRECTION('',(0.,0.,1.));
#1585 = DIRECTION('',(0.669130606359,-0.743144825477,0.));
#1586 = ORIENTED_EDGE('',*,*,#1587,.T.);
#1587 = EDGE_CURVE('',#1579,#1560,#1588,.T.);
#1588 = LINE('',#1589,#1590);
#1589 = CARTESIAN_POINT('',(0.370350323792,0.139886805525,0.));
#1590 = VECTOR('',#1591,1.);
#1591 = DIRECTION('',(0.,0.,1.));
#1592 = CYLINDRICAL_SURFACE('',#1593,0.15);
#1593 = AXIS2_PLACEMENT_3D('',#1594,#1595,#1596);
#1594 = CARTESIAN_POINT('',(0.22262916084,0.165934032175,0.));
#1595 = DIRECTION('',(0.,0.,1.));
#1596 = DIRECTION('',(0.669130606359,-0.743144825477,0.));
#1597 = ADVANCED_FACE('',(#1598),#1614,.T.);
#1598 = FACE_BOUND('',#1599,.T.);
#1599 = EDGE_LOOP('',(#1600,#1601,#1607,#1608));
#1600 = ORIENTED_EDGE('',*,*,#1413,.F.);
#1601 = ORIENTED_EDGE('',*,*,#1602,.F.);
#1602 = EDGE_CURVE('',#1560,#1414,#1603,.T.);
#1603 = LINE('',#1604,#1605);
#1604 = CARTESIAN_POINT('',(0.35,2.447438418023E-02,0.4));
#1605 = VECTOR('',#1606,1.);
#1606 = DIRECTION('',(0.173648177667,0.984807753012,0.));
#1607 = ORIENTED_EDGE('',*,*,#1587,.F.);
#1608 = ORIENTED_EDGE('',*,*,#1609,.T.);
#1609 = EDGE_CURVE('',#1579,#1416,#1610,.T.);
#1610 = LINE('',#1611,#1612);
#1611 = CARTESIAN_POINT('',(0.35,2.447438418023E-02,0.));
#1612 = VECTOR('',#1613,1.);
#1613 = DIRECTION('',(0.173648177667,0.984807753012,0.));
#1614 = PLANE('',#1615);
#1615 = AXIS2_PLACEMENT_3D('',#1616,#1617,#1618);
#1616 = CARTESIAN_POINT('',(0.35,2.447438418023E-02,0.));
#1617 = DIRECTION('',(0.984807753012,-0.173648177667,0.));
#1618 = DIRECTION('',(0.173648177667,0.984807753012,0.));
#1619 = ADVANCED_FACE('',(#1620),#1673,.F.);
#1620 = FACE_BOUND('',#1621,.T.);
#1621 = EDGE_LOOP('',(#1622,#1623,#1631,#1637,#1638,#1639,#1647,#1656,
    #1664,#1670,#1671,#1672));
#1622 = ORIENTED_EDGE('',*,*,#1578,.F.);
#1623 = ORIENTED_EDGE('',*,*,#1624,.F.);
#1624 = EDGE_CURVE('',#1625,#1571,#1627,.T.);
#1625 = VERTEX_POINT('',#1626);
#1626 = CARTESIAN_POINT('',(0.,0.,0.));
#1627 = LINE('',#1628,#1629);
#1628 = CARTESIAN_POINT('',(0.,0.,0.));
#1629 = VECTOR('',#1630,1.);
#1630 = DIRECTION('',(0.99756405026,6.975647374413E-02,0.));
#1631 = ORIENTED_EDGE('',*,*,#1632,.F.);
#1632 = EDGE_CURVE('',#1530,#1625,#1633,.T.);
#1633 = LINE('',#1634,#1635);
#1634 = CARTESIAN_POINT('',(1.837961780835E-19,0.150366284712,0.));
#1635 = VECTOR('',#1636,1.);
#1636 = DIRECTION('',(-1.222323065541E-18,-1.,0.));
#1637 = ORIENTED_EDGE('',*,*,#1529,.F.);
#1638 = ORIENTED_EDGE('',*,*,#1513,.F.);
#1639 = ORIENTED_EDGE('',*,*,#1640,.F.);
#1640 = EDGE_CURVE('',#1641,#1489,#1643,.T.);
#1641 = VERTEX_POINT('',#1642);
#1642 = CARTESIAN_POINT('',(0.323155499084,0.73604722665,0.));
#1643 = LINE('',#1644,#1645);
#1644 = CARTESIAN_POINT('',(0.345011717359,0.86,0.));
#1645 = VECTOR('',#1646,1.);
#1646 = DIRECTION('',(-0.173648177667,-0.984807753012,0.));
#1647 = ORIENTED_EDGE('',*,*,#1648,.F.);
#1648 = EDGE_CURVE('',#1649,#1641,#1651,.T.);
#1649 = VERTEX_POINT('',#1650);
#1650 = CARTESIAN_POINT('',(0.470876662036,0.86,0.));
#1651 = CIRCLE('',#1652,0.15);
#1652 = AXIS2_PLACEMENT_3D('',#1653,#1654,#1655);
#1653 = CARTESIAN_POINT('',(0.470876662036,0.71,0.));
#1654 = DIRECTION('',(0.,0.,1.));
#1655 = DIRECTION('',(-0.642787609687,0.766044443119,0.));
#1656 = ORIENTED_EDGE('',*,*,#1657,.F.);
#1657 = EDGE_CURVE('',#1658,#1649,#1660,.T.);
#1658 = VERTEX_POINT('',#1659);
#1659 = CARTESIAN_POINT('',(0.6,0.86,0.));
#1660 = LINE('',#1661,#1662);
#1661 = CARTESIAN_POINT('',(0.6,0.86,0.));
#1662 = VECTOR('',#1663,1.);
#1663 = DIRECTION('',(-1.,0.,0.));
#1664 = ORIENTED_EDGE('',*,*,#1665,.F.);
#1665 = EDGE_CURVE('',#1457,#1658,#1666,.T.);
#1666 = LINE('',#1667,#1668);
#1667 = CARTESIAN_POINT('',(0.6,0.71,0.));
#1668 = VECTOR('',#1669,1.);
#1669 = DIRECTION('',(-9.251858538543E-16,1.,0.));
#1670 = ORIENTED_EDGE('',*,*,#1456,.F.);
#1671 = ORIENTED_EDGE('',*,*,#1440,.F.);
#1672 = ORIENTED_EDGE('',*,*,#1609,.F.);
#1673 = PLANE('',#1674);
#1674 = AXIS2_PLACEMENT_3D('',#1675,#1676,#1677);
#1675 = CARTESIAN_POINT('',(0.320224528212,0.412415878806,0.));
#1676 = DIRECTION('',(0.,0.,1.));
#1677 = DIRECTION('',(1.,0.,-0.));
#1678 = ADVANCED_FACE('',(#1679),#1705,.T.);
#1679 = FACE_BOUND('',#1680,.T.);
#1680 = EDGE_LOOP('',(#1681,#1692,#1698,#1699));
#1681 = ORIENTED_EDGE('',*,*,#1682,.T.);
#1682 = EDGE_CURVE('',#1683,#1685,#1687,.T.);
#1683 = VERTEX_POINT('',#1684);
#1684 = CARTESIAN_POINT('',(0.323155499084,0.73604722665,0.4));
#1685 = VERTEX_POINT('',#1686);
#1686 = CARTESIAN_POINT('',(0.470876662036,0.86,0.4));
#1687 = CIRCLE('',#1688,0.15);
#1688 = AXIS2_PLACEMENT_3D('',#1689,#1690,#1691);
#1689 = CARTESIAN_POINT('',(0.470876662036,0.71,0.4));
#1690 = DIRECTION('',(0.,0.,-1.));
#1691 = DIRECTION('',(-0.642787609687,0.766044443119,0.));
#1692 = ORIENTED_EDGE('',*,*,#1693,.T.);
#1693 = EDGE_CURVE('',#1685,#1649,#1694,.T.);
#1694 = LINE('',#1695,#1696);
#1695 = CARTESIAN_POINT('',(0.470876662036,0.86,0.));
#1696 = VECTOR('',#1697,1.);
#1697 = DIRECTION('',(0.,0.,-1.));
#1698 = ORIENTED_EDGE('',*,*,#1648,.T.);
#1699 = ORIENTED_EDGE('',*,*,#1700,.T.);
#1700 = EDGE_CURVE('',#1641,#1683,#1701,.T.);
#1701 = LINE('',#1702,#1703);
#1702 = CARTESIAN_POINT('',(0.323155499084,0.73604722665,0.));
#1703 = VECTOR('',#1704,1.);
#1704 = DIRECTION('',(0.,0.,1.));
#1705 = CYLINDRICAL_SURFACE('',#1706,0.15);
#1706 = AXIS2_PLACEMENT_3D('',#1707,#1708,#1709);
#1707 = CARTESIAN_POINT('',(0.470876662036,0.71,0.));
#1708 = DIRECTION('',(0.,0.,1.));
#1709 = DIRECTION('',(-0.642787609687,0.766044443119,0.));
#1710 = ADVANCED_FACE('',(#1711),#1729,.T.);
#1711 = FACE_BOUND('',#1712,.T.);
#1712 = EDGE_LOOP('',(#1713,#1714,#1722,#1728));
#1713 = ORIENTED_EDGE('',*,*,#1693,.F.);
#1714 = ORIENTED_EDGE('',*,*,#1715,.F.);
#1715 = EDGE_CURVE('',#1716,#1685,#1718,.T.);
#1716 = VERTEX_POINT('',#1717);
#1717 = CARTESIAN_POINT('',(0.6,0.86,0.4));
#1718 = LINE('',#1719,#1720);
#1719 = CARTESIAN_POINT('',(0.6,0.86,0.4));
#1720 = VECTOR('',#1721,1.);
#1721 = DIRECTION('',(-1.,0.,0.));
#1722 = ORIENTED_EDGE('',*,*,#1723,.F.);
#1723 = EDGE_CURVE('',#1658,#1716,#1724,.T.);
#1724 = LINE('',#1725,#1726);
#1725 = CARTESIAN_POINT('',(0.6,0.86,0.));
#1726 = VECTOR('',#1727,1.);
#1727 = DIRECTION('',(0.,0.,1.));
#1728 = ORIENTED_EDGE('',*,*,#1657,.T.);
#1729 = PLANE('',#1730);
#1730 = AXIS2_PLACEMENT_3D('',#1731,#1732,#1733);
#1731 = CARTESIAN_POINT('',(0.6,0.86,0.));
#1732 = DIRECTION('',(0.,1.,0.));
#1733 = DIRECTION('',(-1.,0.,0.));
#1734 = ADVANCED_FACE('',(#1735),#1746,.T.);
#1735 = FACE_BOUND('',#1736,.T.);
#1736 = EDGE_LOOP('',(#1737,#1738,#1739,#1745));
#1737 = ORIENTED_EDGE('',*,*,#1665,.T.);
#1738 = ORIENTED_EDGE('',*,*,#1723,.T.);
#1739 = ORIENTED_EDGE('',*,*,#1740,.F.);
#1740 = EDGE_CURVE('',#1465,#1716,#1741,.T.);
#1741 = LINE('',#1742,#1743);
#1742 = CARTESIAN_POINT('',(0.6,0.71,0.4));
#1743 = VECTOR('',#1744,1.);
#1744 = DIRECTION('',(-9.251858538543E-16,1.,0.));
#1745 = ORIENTED_EDGE('',*,*,#1464,.F.);
#1746 = PLANE('',#1747);
#1747 = AXIS2_PLACEMENT_3D('',#1748,#1749,#1750);
#1748 = CARTESIAN_POINT('',(0.6,0.71,0.));
#1749 = DIRECTION('',(1.,9.251858538543E-16,0.));
#1750 = DIRECTION('',(-9.251858538543E-16,1.,0.));
#1751 = ADVANCED_FACE('',(#1752),#1770,.T.);
#1752 = FACE_BOUND('',#1753,.T.);
#1753 = EDGE_LOOP('',(#1754,#1755,#1763,#1769));
#1754 = ORIENTED_EDGE('',*,*,#1570,.F.);
#1755 = ORIENTED_EDGE('',*,*,#1756,.F.);
#1756 = EDGE_CURVE('',#1757,#1562,#1759,.T.);
#1757 = VERTEX_POINT('',#1758);
#1758 = CARTESIAN_POINT('',(0.,0.,0.4));
#1759 = LINE('',#1760,#1761);
#1760 = CARTESIAN_POINT('',(0.,0.,0.4));
#1761 = VECTOR('',#1762,1.);
#1762 = DIRECTION('',(0.99756405026,6.975647374413E-02,0.));
#1763 = ORIENTED_EDGE('',*,*,#1764,.F.);
#1764 = EDGE_CURVE('',#1625,#1757,#1765,.T.);
#1765 = LINE('',#1766,#1767);
#1766 = CARTESIAN_POINT('',(0.,0.,0.));
#1767 = VECTOR('',#1768,1.);
#1768 = DIRECTION('',(0.,0.,1.));
#1769 = ORIENTED_EDGE('',*,*,#1624,.T.);
#1770 = PLANE('',#1771);
#1771 = AXIS2_PLACEMENT_3D('',#1772,#1773,#1774);
#1772 = CARTESIAN_POINT('',(0.,0.,0.));
#1773 = DIRECTION('',(6.975647374413E-02,-0.99756405026,0.));
#1774 = DIRECTION('',(0.99756405026,6.975647374413E-02,0.));
#1775 = ADVANCED_FACE('',(#1776),#1787,.T.);
#1776 = FACE_BOUND('',#1777,.T.);
#1777 = EDGE_LOOP('',(#1778,#1779,#1780,#1786));
#1778 = ORIENTED_EDGE('',*,*,#1632,.T.);
#1779 = ORIENTED_EDGE('',*,*,#1764,.T.);
#1780 = ORIENTED_EDGE('',*,*,#1781,.F.);
#1781 = EDGE_CURVE('',#1538,#1757,#1782,.T.);
#1782 = LINE('',#1783,#1784);
#1783 = CARTESIAN_POINT('',(1.837961780835E-19,0.150366284712,0.4));
#1784 = VECTOR('',#1785,1.);
#1785 = DIRECTION('',(-1.222323065541E-18,-1.,0.));
#1786 = ORIENTED_EDGE('',*,*,#1537,.F.);
#1787 = PLANE('',#1788);
#1788 = AXIS2_PLACEMENT_3D('',#1789,#1790,#1791);
#1789 = CARTESIAN_POINT('',(1.837961780835E-19,0.150366284712,0.));
#1790 = DIRECTION('',(-1.,1.222323065541E-18,0.));
#1791 = DIRECTION('',(-1.222323065541E-18,-1.,0.));
#1792 = ADVANCED_FACE('',(#1793),#1804,.T.);
#1793 = FACE_BOUND('',#1794,.T.);
#1794 = EDGE_LOOP('',(#1795,#1796,#1802,#1803));
#1795 = ORIENTED_EDGE('',*,*,#1486,.F.);
#1796 = ORIENTED_EDGE('',*,*,#1797,.F.);
#1797 = EDGE_CURVE('',#1683,#1487,#1798,.T.);
#1798 = LINE('',#1799,#1800);
#1799 = CARTESIAN_POINT('',(0.345011717359,0.86,0.4));
#1800 = VECTOR('',#1801,1.);
#1801 = DIRECTION('',(-0.173648177667,-0.984807753012,0.));
#1802 = ORIENTED_EDGE('',*,*,#1700,.F.);
#1803 = ORIENTED_EDGE('',*,*,#1640,.T.);
#1804 = PLANE('',#1805);
#1805 = AXIS2_PLACEMENT_3D('',#1806,#1807,#1808);
#1806 = CARTESIAN_POINT('',(0.345011717359,0.86,0.));
#1807 = DIRECTION('',(-0.984807753012,0.173648177667,0.));
#1808 = DIRECTION('',(-0.173648177667,-0.984807753012,0.));
#1809 = ADVANCED_FACE('',(#1810),#1824,.T.);
#1810 = FACE_BOUND('',#1811,.T.);
#1811 = EDGE_LOOP('',(#1812,#1813,#1814,#1815,#1816,#1817,#1818,#1819,
    #1820,#1821,#1822,#1823));
#1812 = ORIENTED_EDGE('',*,*,#1559,.F.);
#1813 = ORIENTED_EDGE('',*,*,#1602,.T.);
#1814 = ORIENTED_EDGE('',*,*,#1423,.F.);
#1815 = ORIENTED_EDGE('',*,*,#1472,.T.);
#1816 = ORIENTED_EDGE('',*,*,#1740,.T.);
#1817 = ORIENTED_EDGE('',*,*,#1715,.T.);
#1818 = ORIENTED_EDGE('',*,*,#1682,.F.);
#1819 = ORIENTED_EDGE('',*,*,#1797,.T.);
#1820 = ORIENTED_EDGE('',*,*,#1496,.F.);
#1821 = ORIENTED_EDGE('',*,*,#1545,.T.);
#1822 = ORIENTED_EDGE('',*,*,#1781,.T.);
#1823 = ORIENTED_EDGE('',*,*,#1756,.T.);
#1824 = PLANE('',#1825);
#1825 = AXIS2_PLACEMENT_3D('',#1826,#1827,#1828);
#1826 = CARTESIAN_POINT('',(0.320224528212,0.412415878806,0.4));
#1827 = DIRECTION('',(0.,0.,1.));
#1828 = DIRECTION('',(1.,0.,-0.));
#1829 = ( GEOMETRIC_REPRESENTATION_CONTEXT(3) 
GLOBAL_UNCERTAINTY_ASSIGNED_CONTEXT((#1833)) 
GLOBAL_UNIT_ASSIGNED_CONTEXT((#1830,#1831,#1832)) REPRESENTATION_CONTEXT
('Context #1','3D Context with UNIT and UNCERTAINTY') );
#1830 = ( LENGTH_UNIT() NAMED_UNIT(*) SI_UNIT(.MILLI.,.METRE.) );
#1831 = ( NAMED_UNIT(*) PLANE_ANGLE_UNIT() SI_UNIT($,.RADIAN.) );
#1832 = ( NAMED_UNIT(*) SI_UNIT($,.STERADIAN.) SOLID_ANGLE_UNIT() );
#1833 = UNCERTAINTY_MEASURE_WITH_UNIT(LENGTH_MEASURE(1.E-07),#1830,
  'distance_accuracy_value','confusion accuracy');
#1834 = SHAPE_DEFINITION_REPRESENTATION(#1835,#1406);
#1835 = PRODUCT_DEFINITION_SHAPE('','',#1836);
#1836 = PRODUCT_DEFINITION('design','',#1837,#1840);
#1837 = PRODUCT_DEFINITION_FORMATION('','',#1838);
#1838 = PRODUCT('IC_LEG','IC_LEG','',(#1839));
#1839 = PRODUCT_CONTEXT('',#2,'mechanical');
#1840 = PRODUCT_DEFINITION_CONTEXT('part definition',#2,'design');
#1841 = CONTEXT_DEPENDENT_SHAPE_REPRESENTATION(#1842,#1844);
#1842 = ( REPRESENTATION_RELATIONSHIP('','',#1406,#261) 
REPRESENTATION_RELATIONSHIP_WITH_TRANSFORMATION(#1843) 
SHAPE_REPRESENTATION_RELATIONSHIP() );
#1843 = ITEM_DEFINED_TRANSFORMATION('','',#11,#266);
#1844 = PRODUCT_DEFINITION_SHAPE('Placement','Placement of an item',
  #1845);
#1845 = NEXT_ASSEMBLY_USAGE_OCCURRENCE('4','IC_LEG:1','',#256,#1836,$);
#1846 = PRODUCT_RELATED_PRODUCT_CATEGORY('part',$,(#1838));
#1847 = CONTEXT_DEPENDENT_SHAPE_REPRESENTATION(#1848,#1850);
#1848 = ( REPRESENTATION_RELATIONSHIP('','',#1406,#261) 
REPRESENTATION_RELATIONSHIP_WITH_TRANSFORMATION(#1849) 
SHAPE_REPRESENTATION_RELATIONSHIP() );
#1849 = ITEM_DEFINED_TRANSFORMATION('','',#11,#270);
#1850 = PRODUCT_DEFINITION_SHAPE('Placement','Placement of an item',
  #1851);
#1851 = NEXT_ASSEMBLY_USAGE_OCCURRENCE('5','IC_LEG:4','',#256,#1836,$);
#1852 = CONTEXT_DEPENDENT_SHAPE_REPRESENTATION(#1853,#1855);
#1853 = ( REPRESENTATION_RELATIONSHIP('','',#1406,#261) 
REPRESENTATION_RELATIONSHIP_WITH_TRANSFORMATION(#1854) 
SHAPE_REPRESENTATION_RELATIONSHIP() );
#1854 = ITEM_DEFINED_TRANSFORMATION('','',#11,#274);
#1855 = PRODUCT_DEFINITION_SHAPE('Placement','Placement of an item',
  #1856);
#1856 = NEXT_ASSEMBLY_USAGE_OCCURRENCE('6','IC_LEG:3','',#256,#1836,$);
#1857 = ADVANCED_BREP_SHAPE_REPRESENTATION('',(#11,#1858),#1911);
#1858 = MANIFOLD_SOLID_BREP('',#1859);
#1859 = CLOSED_SHELL('',(#1860,#1893,#1902));
#1860 = ADVANCED_FACE('',(#1861),#1888,.T.);
#1861 = FACE_BOUND('',#1862,.T.);
#1862 = EDGE_LOOP('',(#1863,#1872,#1880,#1887));
#1863 = ORIENTED_EDGE('',*,*,#1864,.F.);
#1864 = EDGE_CURVE('',#1865,#1865,#1867,.T.);
#1865 = VERTEX_POINT('',#1866);
#1866 = CARTESIAN_POINT('',(0.2,2.449293598295E-17,1.E-03));
#1867 = CIRCLE('',#1868,0.2);
#1868 = AXIS2_PLACEMENT_3D('',#1869,#1870,#1871);
#1869 = CARTESIAN_POINT('',(0.,0.,1.E-03));
#1870 = DIRECTION('',(0.,0.,1.));
#1871 = DIRECTION('',(-1.,0.,0.));
#1872 = ORIENTED_EDGE('',*,*,#1873,.T.);
#1873 = EDGE_CURVE('',#1865,#1874,#1876,.T.);
#1874 = VERTEX_POINT('',#1875);
#1875 = CARTESIAN_POINT('',(0.2,2.449293598295E-17,0.));
#1876 = LINE('',#1877,#1878);
#1877 = CARTESIAN_POINT('',(0.2,2.449293598295E-17,0.));
#1878 = VECTOR('',#1879,1.);
#1879 = DIRECTION('',(0.,0.,-1.));
#1880 = ORIENTED_EDGE('',*,*,#1881,.F.);
#1881 = EDGE_CURVE('',#1874,#1874,#1882,.T.);
#1882 = CIRCLE('',#1883,0.2);
#1883 = AXIS2_PLACEMENT_3D('',#1884,#1885,#1886);
#1884 = CARTESIAN_POINT('',(0.,0.,0.));
#1885 = DIRECTION('',(0.,0.,-1.));
#1886 = DIRECTION('',(-1.,0.,0.));
#1887 = ORIENTED_EDGE('',*,*,#1873,.F.);
#1888 = CYLINDRICAL_SURFACE('',#1889,0.2);
#1889 = AXIS2_PLACEMENT_3D('',#1890,#1891,#1892);
#1890 = CARTESIAN_POINT('',(0.,0.,0.));
#1891 = DIRECTION('',(0.,0.,1.));
#1892 = DIRECTION('',(-1.,0.,0.));
#1893 = ADVANCED_FACE('',(#1894),#1897,.F.);
#1894 = FACE_BOUND('',#1895,.T.);
#1895 = EDGE_LOOP('',(#1896));
#1896 = ORIENTED_EDGE('',*,*,#1881,.T.);
#1897 = PLANE('',#1898);
#1898 = AXIS2_PLACEMENT_3D('',#1899,#1900,#1901);
#1899 = CARTESIAN_POINT('',(-2.041077998579E-18,0.,0.));
#1900 = DIRECTION('',(0.,0.,1.));
#1901 = DIRECTION('',(1.,0.,-0.));
#1902 = ADVANCED_FACE('',(#1903),#1906,.T.);
#1903 = FACE_BOUND('',#1904,.T.);
#1904 = EDGE_LOOP('',(#1905));
#1905 = ORIENTED_EDGE('',*,*,#1864,.T.);
#1906 = PLANE('',#1907);
#1907 = AXIS2_PLACEMENT_3D('',#1908,#1909,#1910);
#1908 = CARTESIAN_POINT('',(-2.041077998579E-18,0.,1.E-03));
#1909 = DIRECTION('',(0.,0.,1.));
#1910 = DIRECTION('',(1.,0.,-0.));
#1911 = ( GEOMETRIC_REPRESENTATION_CONTEXT(3) 
GLOBAL_UNCERTAINTY_ASSIGNED_CONTEXT((#1915)) 
GLOBAL_UNIT_ASSIGNED_CONTEXT((#1912,#1913,#1914)) REPRESENTATION_CONTEXT
('Context #1','3D Context with UNIT and UNCERTAINTY') );
#1912 = ( LENGTH_UNIT() NAMED_UNIT(*) SI_UNIT(.MILLI.,.METRE.) );
#1913 = ( NAMED_UNIT(*) PLANE_ANGLE_UNIT() SI_UNIT($,.RADIAN.) );
#1914 = ( NAMED_UNIT(*) SI_UNIT($,.STERADIAN.) SOLID_ANGLE_UNIT() );
#1915 = UNCERTAINTY_MEASURE_WITH_UNIT(LENGTH_MEASURE(1.E-07),#1912,
  'distance_accuracy_value','confusion accuracy');
#1916 = SHAPE_DEFINITION_REPRESENTATION(#1917,#1857);
#1917 = PRODUCT_DEFINITION_SHAPE('','',#1918);
#1918 = PRODUCT_DEFINITION('design','',#1919,#1922);
#1919 = PRODUCT_DEFINITION_FORMATION('','',#1920);
#1920 = PRODUCT('circle','circle','',(#1921));
#1921 = PRODUCT_CONTEXT('',#2,'mechanical');
#1922 = PRODUCT_DEFINITION_CONTEXT('part definition',#2,'design');
#1923 = CONTEXT_DEPENDENT_SHAPE_REPRESENTATION(#1924,#1926);
#1924 = ( REPRESENTATION_RELATIONSHIP('','',#1857,#261) 
REPRESENTATION_RELATIONSHIP_WITH_TRANSFORMATION(#1925) 
SHAPE_REPRESENTATION_RELATIONSHIP() );
#1925 = ITEM_DEFINED_TRANSFORMATION('','',#11,#278);
#1926 = PRODUCT_DEFINITION_SHAPE('Placement','Placement of an item',
  #1927);
#1927 = NEXT_ASSEMBLY_USAGE_OCCURRENCE('7','circle:1','',#256,#1918,$);
#1928 = PRODUCT_RELATED_PRODUCT_CATEGORY('part',$,(#1920));
#1929 = ADVANCED_BREP_SHAPE_REPRESENTATION('',(#11,#1930),#2352);
#1930 = MANIFOLD_SOLID_BREP('',#1931);
#1931 = CLOSED_SHELL('',(#1932,#1974,#2005,#2047,#2078,#2120,#2142,#2201
    ,#2233,#2257,#2274,#2298,#2315,#2332));
#1932 = ADVANCED_FACE('',(#1933),#1969,.F.);
#1933 = FACE_BOUND('',#1934,.F.);
#1934 = EDGE_LOOP('',(#1935,#1945,#1954,#1962));
#1935 = ORIENTED_EDGE('',*,*,#1936,.T.);
#1936 = EDGE_CURVE('',#1937,#1939,#1941,.T.);
#1937 = VERTEX_POINT('',#1938);
#1938 = CARTESIAN_POINT('',(0.533809134374,0.71,0.));
#1939 = VERTEX_POINT('',#1940);
#1940 = CARTESIAN_POINT('',(0.533809134374,0.71,-0.4));
#1941 = LINE('',#1942,#1943);
#1942 = CARTESIAN_POINT('',(0.533809134374,0.71,0.));
#1943 = VECTOR('',#1944,1.);
#1944 = DIRECTION('',(0.,0.,-1.));
#1945 = ORIENTED_EDGE('',*,*,#1946,.T.);
#1946 = EDGE_CURVE('',#1939,#1947,#1949,.T.);
#1947 = VERTEX_POINT('',#1948);
#1948 = CARTESIAN_POINT('',(0.459948552898,0.648023613325,-0.4));
#1949 = CIRCLE('',#1950,7.5E-02);
#1950 = AXIS2_PLACEMENT_3D('',#1951,#1952,#1953);
#1951 = CARTESIAN_POINT('',(0.533809134374,0.635,-0.4));
#1952 = DIRECTION('',(0.,0.,1.));
#1953 = DIRECTION('',(-0.642787609687,0.766044443119,0.));
#1954 = ORIENTED_EDGE('',*,*,#1955,.T.);
#1955 = EDGE_CURVE('',#1947,#1956,#1958,.T.);
#1956 = VERTEX_POINT('',#1957);
#1957 = CARTESIAN_POINT('',(0.459948552898,0.648023613325,0.));
#1958 = LINE('',#1959,#1960);
#1959 = CARTESIAN_POINT('',(0.459948552898,0.648023613325,0.));
#1960 = VECTOR('',#1961,1.);
#1961 = DIRECTION('',(0.,0.,1.));
#1962 = ORIENTED_EDGE('',*,*,#1963,.T.);
#1963 = EDGE_CURVE('',#1956,#1937,#1964,.T.);
#1964 = CIRCLE('',#1965,7.5E-02);
#1965 = AXIS2_PLACEMENT_3D('',#1966,#1967,#1968);
#1966 = CARTESIAN_POINT('',(0.533809134374,0.635,0.));
#1967 = DIRECTION('',(0.,0.,-1.));
#1968 = DIRECTION('',(-0.642787609687,0.766044443119,0.));
#1969 = CYLINDRICAL_SURFACE('',#1970,7.5E-02);
#1970 = AXIS2_PLACEMENT_3D('',#1971,#1972,#1973);
#1971 = CARTESIAN_POINT('',(0.533809134374,0.635,0.));
#1972 = DIRECTION('',(0.,0.,1.));
#1973 = DIRECTION('',(-0.642787609687,0.766044443119,0.));
#1974 = ADVANCED_FACE('',(#1975),#2000,.F.);
#1975 = FACE_BOUND('',#1976,.T.);
#1976 = EDGE_LOOP('',(#1977,#1978,#1986,#1994));
#1977 = ORIENTED_EDGE('',*,*,#1936,.T.);
#1978 = ORIENTED_EDGE('',*,*,#1979,.T.);
#1979 = EDGE_CURVE('',#1939,#1980,#1982,.T.);
#1980 = VERTEX_POINT('',#1981);
#1981 = CARTESIAN_POINT('',(0.6,0.71,-0.4));
#1982 = LINE('',#1983,#1984);
#1983 = CARTESIAN_POINT('',(0.470876662036,0.71,-0.4));
#1984 = VECTOR('',#1985,1.);
#1985 = DIRECTION('',(1.,0.,0.));
#1986 = ORIENTED_EDGE('',*,*,#1987,.F.);
#1987 = EDGE_CURVE('',#1988,#1980,#1990,.T.);
#1988 = VERTEX_POINT('',#1989);
#1989 = CARTESIAN_POINT('',(0.6,0.71,0.));
#1990 = LINE('',#1991,#1992);
#1991 = CARTESIAN_POINT('',(0.6,0.71,0.));
#1992 = VECTOR('',#1993,1.);
#1993 = DIRECTION('',(0.,0.,-1.));
#1994 = ORIENTED_EDGE('',*,*,#1995,.F.);
#1995 = EDGE_CURVE('',#1937,#1988,#1996,.T.);
#1996 = LINE('',#1997,#1998);
#1997 = CARTESIAN_POINT('',(0.470876662036,0.71,0.));
#1998 = VECTOR('',#1999,1.);
#1999 = DIRECTION('',(1.,0.,0.));
#2000 = PLANE('',#2001);
#2001 = AXIS2_PLACEMENT_3D('',#2002,#2003,#2004);
#2002 = CARTESIAN_POINT('',(0.470876662036,0.71,0.));
#2003 = DIRECTION('',(0.,1.,0.));
#2004 = DIRECTION('',(1.,0.,0.));
#2005 = ADVANCED_FACE('',(#2006),#2042,.F.);
#2006 = FACE_BOUND('',#2007,.F.);
#2007 = EDGE_LOOP('',(#2008,#2018,#2027,#2035));
#2008 = ORIENTED_EDGE('',*,*,#2009,.T.);
#2009 = EDGE_CURVE('',#2010,#2012,#2014,.T.);
#2010 = VERTEX_POINT('',#2011);
#2011 = CARTESIAN_POINT('',(0.164175476791,0.161846552403,0.));
#2012 = VERTEX_POINT('',#2013);
#2013 = CARTESIAN_POINT('',(0.164175476791,0.161846552403,-0.4));
#2014 = LINE('',#2015,#2016);
#2015 = CARTESIAN_POINT('',(0.164175476791,0.161846552403,0.));
#2016 = VECTOR('',#2017,1.);
#2017 = DIRECTION('',(0.,0.,-1.));
#2018 = ORIENTED_EDGE('',*,*,#2019,.T.);
#2019 = EDGE_CURVE('',#2012,#2020,#2022,.T.);
#2020 = VERTEX_POINT('',#2021);
#2021 = CARTESIAN_POINT('',(0.232804322736,0.223640242848,-0.4));
#2022 = CIRCLE('',#2023,7.5E-02);
#2023 = AXIS2_PLACEMENT_3D('',#2024,#2025,#2026);
#2024 = CARTESIAN_POINT('',(0.15894374126,0.236663856173,-0.4));
#2025 = DIRECTION('',(0.,0.,1.));
#2026 = DIRECTION('',(0.669130606359,-0.743144825477,0.));
#2027 = ORIENTED_EDGE('',*,*,#2028,.T.);
#2028 = EDGE_CURVE('',#2020,#2029,#2031,.T.);
#2029 = VERTEX_POINT('',#2030);
#2030 = CARTESIAN_POINT('',(0.232804322736,0.223640242848,0.));
#2031 = LINE('',#2032,#2033);
#2032 = CARTESIAN_POINT('',(0.232804322736,0.223640242848,0.));
#2033 = VECTOR('',#2034,1.);
#2034 = DIRECTION('',(0.,0.,1.));
#2035 = ORIENTED_EDGE('',*,*,#2036,.T.);
#2036 = EDGE_CURVE('',#2029,#2010,#2037,.T.);
#2037 = CIRCLE('',#2038,7.5E-02);
#2038 = AXIS2_PLACEMENT_3D('',#2039,#2040,#2041);
#2039 = CARTESIAN_POINT('',(0.15894374126,0.236663856173,0.));
#2040 = DIRECTION('',(0.,0.,-1.));
#2041 = DIRECTION('',(0.669130606359,-0.743144825477,0.));
#2042 = CYLINDRICAL_SURFACE('',#2043,7.5E-02);
#2043 = AXIS2_PLACEMENT_3D('',#2044,#2045,#2046);
#2044 = CARTESIAN_POINT('',(0.15894374126,0.236663856173,0.));
#2045 = DIRECTION('',(0.,0.,1.));
#2046 = DIRECTION('',(0.669130606359,-0.743144825477,0.));
#2047 = ADVANCED_FACE('',(#2048),#2073,.F.);
#2048 = FACE_BOUND('',#2049,.T.);
#2049 = EDGE_LOOP('',(#2050,#2051,#2059,#2067));
#2050 = ORIENTED_EDGE('',*,*,#2009,.T.);
#2051 = ORIENTED_EDGE('',*,*,#2052,.T.);
#2052 = EDGE_CURVE('',#2012,#2053,#2055,.T.);
#2053 = VERTEX_POINT('',#2054);
#2054 = CARTESIAN_POINT('',(0.,0.150366284712,-0.4));
#2055 = LINE('',#2056,#2057);
#2056 = CARTESIAN_POINT('',(0.22262916084,0.165934032175,-0.4));
#2057 = VECTOR('',#2058,1.);
#2058 = DIRECTION('',(-0.99756405026,-6.975647374413E-02,0.));
#2059 = ORIENTED_EDGE('',*,*,#2060,.F.);
#2060 = EDGE_CURVE('',#2061,#2053,#2063,.T.);
#2061 = VERTEX_POINT('',#2062);
#2062 = CARTESIAN_POINT('',(1.837961780835E-19,0.150366284712,0.));
#2063 = LINE('',#2064,#2065);
#2064 = CARTESIAN_POINT('',(1.837961780835E-19,0.150366284712,0.));
#2065 = VECTOR('',#2066,1.);
#2066 = DIRECTION('',(0.,0.,-1.));
#2067 = ORIENTED_EDGE('',*,*,#2068,.F.);
#2068 = EDGE_CURVE('',#2010,#2061,#2069,.T.);
#2069 = LINE('',#2070,#2071);
#2070 = CARTESIAN_POINT('',(0.22262916084,0.165934032175,0.));
#2071 = VECTOR('',#2072,1.);
#2072 = DIRECTION('',(-0.99756405026,-6.975647374413E-02,0.));
#2073 = PLANE('',#2074);
#2074 = AXIS2_PLACEMENT_3D('',#2075,#2076,#2077);
#2075 = CARTESIAN_POINT('',(0.22262916084,0.165934032175,0.));
#2076 = DIRECTION('',(6.975647374413E-02,-0.99756405026,0.));
#2077 = DIRECTION('',(-0.99756405026,-6.975647374413E-02,0.));
#2078 = ADVANCED_FACE('',(#2079),#2115,.T.);
#2079 = FACE_BOUND('',#2080,.T.);
#2080 = EDGE_LOOP('',(#2081,#2092,#2100,#2109));
#2081 = ORIENTED_EDGE('',*,*,#2082,.F.);
#2082 = EDGE_CURVE('',#2083,#2085,#2087,.T.);
#2083 = VERTEX_POINT('',#2084);
#2084 = CARTESIAN_POINT('',(0.370350323792,0.139886805525,-0.4));
#2085 = VERTEX_POINT('',#2086);
#2086 = CARTESIAN_POINT('',(0.233092631902,1.629942463642E-02,-0.4));
#2087 = CIRCLE('',#2088,0.15);
#2088 = AXIS2_PLACEMENT_3D('',#2089,#2090,#2091);
#2089 = CARTESIAN_POINT('',(0.22262916084,0.165934032175,-0.4));
#2090 = DIRECTION('',(0.,0.,-1.));
#2091 = DIRECTION('',(0.669130606359,-0.743144825477,0.));
#2092 = ORIENTED_EDGE('',*,*,#2093,.F.);
#2093 = EDGE_CURVE('',#2094,#2083,#2096,.T.);
#2094 = VERTEX_POINT('',#2095);
#2095 = CARTESIAN_POINT('',(0.370350323792,0.139886805525,0.));
#2096 = LINE('',#2097,#2098);
#2097 = CARTESIAN_POINT('',(0.370350323792,0.139886805525,0.));
#2098 = VECTOR('',#2099,1.);
#2099 = DIRECTION('',(0.,0.,-1.));
#2100 = ORIENTED_EDGE('',*,*,#2101,.F.);
#2101 = EDGE_CURVE('',#2102,#2094,#2104,.T.);
#2102 = VERTEX_POINT('',#2103);
#2103 = CARTESIAN_POINT('',(0.233092631902,1.629942463642E-02,0.));
#2104 = CIRCLE('',#2105,0.15);
#2105 = AXIS2_PLACEMENT_3D('',#2106,#2107,#2108);
#2106 = CARTESIAN_POINT('',(0.22262916084,0.165934032175,0.));
#2107 = DIRECTION('',(0.,0.,1.));
#2108 = DIRECTION('',(0.669130606359,-0.743144825477,0.));
#2109 = ORIENTED_EDGE('',*,*,#2110,.F.);
#2110 = EDGE_CURVE('',#2085,#2102,#2111,.T.);
#2111 = LINE('',#2112,#2113);
#2112 = CARTESIAN_POINT('',(0.233092631902,1.629942463642E-02,0.));
#2113 = VECTOR('',#2114,1.);
#2114 = DIRECTION('',(0.,0.,1.));
#2115 = CYLINDRICAL_SURFACE('',#2116,0.15);
#2116 = AXIS2_PLACEMENT_3D('',#2117,#2118,#2119);
#2117 = CARTESIAN_POINT('',(0.22262916084,0.165934032175,0.));
#2118 = DIRECTION('',(0.,0.,1.));
#2119 = DIRECTION('',(0.669130606359,-0.743144825477,0.));
#2120 = ADVANCED_FACE('',(#2121),#2137,.F.);
#2121 = FACE_BOUND('',#2122,.T.);
#2122 = EDGE_LOOP('',(#2123,#2124,#2130,#2131));
#2123 = ORIENTED_EDGE('',*,*,#1955,.T.);
#2124 = ORIENTED_EDGE('',*,*,#2125,.F.);
#2125 = EDGE_CURVE('',#2094,#1956,#2126,.T.);
#2126 = LINE('',#2127,#2128);
#2127 = CARTESIAN_POINT('',(0.35,2.447438418023E-02,0.));
#2128 = VECTOR('',#2129,1.);
#2129 = DIRECTION('',(0.173648177667,0.984807753012,0.));
#2130 = ORIENTED_EDGE('',*,*,#2093,.T.);
#2131 = ORIENTED_EDGE('',*,*,#2132,.T.);
#2132 = EDGE_CURVE('',#2083,#1947,#2133,.T.);
#2133 = LINE('',#2134,#2135);
#2134 = CARTESIAN_POINT('',(0.35,2.447438418023E-02,-0.4));
#2135 = VECTOR('',#2136,1.);
#2136 = DIRECTION('',(0.173648177667,0.984807753012,0.));
#2137 = PLANE('',#2138);
#2138 = AXIS2_PLACEMENT_3D('',#2139,#2140,#2141);
#2139 = CARTESIAN_POINT('',(0.35,2.447438418023E-02,0.));
#2140 = DIRECTION('',(-0.984807753012,0.173648177667,0.));
#2141 = DIRECTION('',(0.173648177667,0.984807753012,0.));
#2142 = ADVANCED_FACE('',(#2143),#2196,.T.);
#2143 = FACE_BOUND('',#2144,.T.);
#2144 = EDGE_LOOP('',(#2145,#2146,#2147,#2148,#2149,#2157,#2165,#2174,
    #2180,#2181,#2182,#2190));
#2145 = ORIENTED_EDGE('',*,*,#2101,.T.);
#2146 = ORIENTED_EDGE('',*,*,#2125,.T.);
#2147 = ORIENTED_EDGE('',*,*,#1963,.T.);
#2148 = ORIENTED_EDGE('',*,*,#1995,.T.);
#2149 = ORIENTED_EDGE('',*,*,#2150,.T.);
#2150 = EDGE_CURVE('',#1988,#2151,#2153,.T.);
#2151 = VERTEX_POINT('',#2152);
#2152 = CARTESIAN_POINT('',(0.6,0.86,0.));
#2153 = LINE('',#2154,#2155);
#2154 = CARTESIAN_POINT('',(0.6,0.71,0.));
#2155 = VECTOR('',#2156,1.);
#2156 = DIRECTION('',(-9.251858538543E-16,1.,0.));
#2157 = ORIENTED_EDGE('',*,*,#2158,.T.);
#2158 = EDGE_CURVE('',#2151,#2159,#2161,.T.);
#2159 = VERTEX_POINT('',#2160);
#2160 = CARTESIAN_POINT('',(0.470876662036,0.86,0.));
#2161 = LINE('',#2162,#2163);
#2162 = CARTESIAN_POINT('',(0.6,0.86,0.));
#2163 = VECTOR('',#2164,1.);
#2164 = DIRECTION('',(-1.,0.,0.));
#2165 = ORIENTED_EDGE('',*,*,#2166,.T.);
#2166 = EDGE_CURVE('',#2159,#2167,#2169,.T.);
#2167 = VERTEX_POINT('',#2168);
#2168 = CARTESIAN_POINT('',(0.323155499084,0.73604722665,0.));
#2169 = CIRCLE('',#2170,0.15);
#2170 = AXIS2_PLACEMENT_3D('',#2171,#2172,#2173);
#2171 = CARTESIAN_POINT('',(0.470876662036,0.71,0.));
#2172 = DIRECTION('',(0.,0.,1.));
#2173 = DIRECTION('',(-0.642787609687,0.766044443119,0.));
#2174 = ORIENTED_EDGE('',*,*,#2175,.T.);
#2175 = EDGE_CURVE('',#2167,#2029,#2176,.T.);
#2176 = LINE('',#2177,#2178);
#2177 = CARTESIAN_POINT('',(0.345011717359,0.86,0.));
#2178 = VECTOR('',#2179,1.);
#2179 = DIRECTION('',(-0.173648177667,-0.984807753012,0.));
#2180 = ORIENTED_EDGE('',*,*,#2036,.T.);
#2181 = ORIENTED_EDGE('',*,*,#2068,.T.);
#2182 = ORIENTED_EDGE('',*,*,#2183,.T.);
#2183 = EDGE_CURVE('',#2061,#2184,#2186,.T.);
#2184 = VERTEX_POINT('',#2185);
#2185 = CARTESIAN_POINT('',(0.,0.,0.));
#2186 = LINE('',#2187,#2188);
#2187 = CARTESIAN_POINT('',(1.837961780835E-19,0.150366284712,0.));
#2188 = VECTOR('',#2189,1.);
#2189 = DIRECTION('',(-1.222323065541E-18,-1.,0.));
#2190 = ORIENTED_EDGE('',*,*,#2191,.T.);
#2191 = EDGE_CURVE('',#2184,#2102,#2192,.T.);
#2192 = LINE('',#2193,#2194);
#2193 = CARTESIAN_POINT('',(0.,0.,0.));
#2194 = VECTOR('',#2195,1.);
#2195 = DIRECTION('',(0.99756405026,6.975647374413E-02,0.));
#2196 = PLANE('',#2197);
#2197 = AXIS2_PLACEMENT_3D('',#2198,#2199,#2200);
#2198 = CARTESIAN_POINT('',(0.320224528212,0.412415878806,0.));
#2199 = DIRECTION('',(0.,0.,1.));
#2200 = DIRECTION('',(1.,0.,-0.));
#2201 = ADVANCED_FACE('',(#2202),#2228,.T.);
#2202 = FACE_BOUND('',#2203,.T.);
#2203 = EDGE_LOOP('',(#2204,#2215,#2221,#2222));
#2204 = ORIENTED_EDGE('',*,*,#2205,.F.);
#2205 = EDGE_CURVE('',#2206,#2208,#2210,.T.);
#2206 = VERTEX_POINT('',#2207);
#2207 = CARTESIAN_POINT('',(0.323155499084,0.73604722665,-0.4));
#2208 = VERTEX_POINT('',#2209);
#2209 = CARTESIAN_POINT('',(0.470876662036,0.86,-0.4));
#2210 = CIRCLE('',#2211,0.15);
#2211 = AXIS2_PLACEMENT_3D('',#2212,#2213,#2214);
#2212 = CARTESIAN_POINT('',(0.470876662036,0.71,-0.4));
#2213 = DIRECTION('',(0.,0.,-1.));
#2214 = DIRECTION('',(-0.642787609687,0.766044443119,0.));
#2215 = ORIENTED_EDGE('',*,*,#2216,.F.);
#2216 = EDGE_CURVE('',#2167,#2206,#2217,.T.);
#2217 = LINE('',#2218,#2219);
#2218 = CARTESIAN_POINT('',(0.323155499084,0.73604722665,0.));
#2219 = VECTOR('',#2220,1.);
#2220 = DIRECTION('',(0.,0.,-1.));
#2221 = ORIENTED_EDGE('',*,*,#2166,.F.);
#2222 = ORIENTED_EDGE('',*,*,#2223,.F.);
#2223 = EDGE_CURVE('',#2208,#2159,#2224,.T.);
#2224 = LINE('',#2225,#2226);
#2225 = CARTESIAN_POINT('',(0.470876662036,0.86,0.));
#2226 = VECTOR('',#2227,1.);
#2227 = DIRECTION('',(0.,0.,1.));
#2228 = CYLINDRICAL_SURFACE('',#2229,0.15);
#2229 = AXIS2_PLACEMENT_3D('',#2230,#2231,#2232);
#2230 = CARTESIAN_POINT('',(0.470876662036,0.71,0.));
#2231 = DIRECTION('',(0.,0.,1.));
#2232 = DIRECTION('',(-0.642787609687,0.766044443119,0.));
#2233 = ADVANCED_FACE('',(#2234),#2252,.F.);
#2234 = FACE_BOUND('',#2235,.T.);
#2235 = EDGE_LOOP('',(#2236,#2237,#2238,#2246));
#2236 = ORIENTED_EDGE('',*,*,#2223,.T.);
#2237 = ORIENTED_EDGE('',*,*,#2158,.F.);
#2238 = ORIENTED_EDGE('',*,*,#2239,.T.);
#2239 = EDGE_CURVE('',#2151,#2240,#2242,.T.);
#2240 = VERTEX_POINT('',#2241);
#2241 = CARTESIAN_POINT('',(0.6,0.86,-0.4));
#2242 = LINE('',#2243,#2244);
#2243 = CARTESIAN_POINT('',(0.6,0.86,0.));
#2244 = VECTOR('',#2245,1.);
#2245 = DIRECTION('',(0.,0.,-1.));
#2246 = ORIENTED_EDGE('',*,*,#2247,.T.);
#2247 = EDGE_CURVE('',#2240,#2208,#2248,.T.);
#2248 = LINE('',#2249,#2250);
#2249 = CARTESIAN_POINT('',(0.6,0.86,-0.4));
#2250 = VECTOR('',#2251,1.);
#2251 = DIRECTION('',(-1.,0.,0.));
#2252 = PLANE('',#2253);
#2253 = AXIS2_PLACEMENT_3D('',#2254,#2255,#2256);
#2254 = CARTESIAN_POINT('',(0.6,0.86,0.));
#2255 = DIRECTION('',(0.,-1.,0.));
#2256 = DIRECTION('',(-1.,0.,0.));
#2257 = ADVANCED_FACE('',(#2258),#2269,.F.);
#2258 = FACE_BOUND('',#2259,.T.);
#2259 = EDGE_LOOP('',(#2260,#2261,#2262,#2268));
#2260 = ORIENTED_EDGE('',*,*,#2150,.F.);
#2261 = ORIENTED_EDGE('',*,*,#1987,.T.);
#2262 = ORIENTED_EDGE('',*,*,#2263,.T.);
#2263 = EDGE_CURVE('',#1980,#2240,#2264,.T.);
#2264 = LINE('',#2265,#2266);
#2265 = CARTESIAN_POINT('',(0.6,0.71,-0.4));
#2266 = VECTOR('',#2267,1.);
#2267 = DIRECTION('',(-9.251858538543E-16,1.,0.));
#2268 = ORIENTED_EDGE('',*,*,#2239,.F.);
#2269 = PLANE('',#2270);
#2270 = AXIS2_PLACEMENT_3D('',#2271,#2272,#2273);
#2271 = CARTESIAN_POINT('',(0.6,0.71,0.));
#2272 = DIRECTION('',(-1.,-9.251858538543E-16,0.));
#2273 = DIRECTION('',(-9.251858538543E-16,1.,0.));
#2274 = ADVANCED_FACE('',(#2275),#2293,.F.);
#2275 = FACE_BOUND('',#2276,.T.);
#2276 = EDGE_LOOP('',(#2277,#2278,#2279,#2287));
#2277 = ORIENTED_EDGE('',*,*,#2110,.T.);
#2278 = ORIENTED_EDGE('',*,*,#2191,.F.);
#2279 = ORIENTED_EDGE('',*,*,#2280,.T.);
#2280 = EDGE_CURVE('',#2184,#2281,#2283,.T.);
#2281 = VERTEX_POINT('',#2282);
#2282 = CARTESIAN_POINT('',(0.,0.,-0.4));
#2283 = LINE('',#2284,#2285);
#2284 = CARTESIAN_POINT('',(0.,0.,0.));
#2285 = VECTOR('',#2286,1.);
#2286 = DIRECTION('',(0.,0.,-1.));
#2287 = ORIENTED_EDGE('',*,*,#2288,.T.);
#2288 = EDGE_CURVE('',#2281,#2085,#2289,.T.);
#2289 = LINE('',#2290,#2291);
#2290 = CARTESIAN_POINT('',(0.,0.,-0.4));
#2291 = VECTOR('',#2292,1.);
#2292 = DIRECTION('',(0.99756405026,6.975647374413E-02,0.));
#2293 = PLANE('',#2294);
#2294 = AXIS2_PLACEMENT_3D('',#2295,#2296,#2297);
#2295 = CARTESIAN_POINT('',(0.,0.,0.));
#2296 = DIRECTION('',(-6.975647374413E-02,0.99756405026,0.));
#2297 = DIRECTION('',(0.99756405026,6.975647374413E-02,0.));
#2298 = ADVANCED_FACE('',(#2299),#2310,.F.);
#2299 = FACE_BOUND('',#2300,.T.);
#2300 = EDGE_LOOP('',(#2301,#2302,#2303,#2309));
#2301 = ORIENTED_EDGE('',*,*,#2183,.F.);
#2302 = ORIENTED_EDGE('',*,*,#2060,.T.);
#2303 = ORIENTED_EDGE('',*,*,#2304,.T.);
#2304 = EDGE_CURVE('',#2053,#2281,#2305,.T.);
#2305 = LINE('',#2306,#2307);
#2306 = CARTESIAN_POINT('',(1.837961780835E-19,0.150366284712,-0.4));
#2307 = VECTOR('',#2308,1.);
#2308 = DIRECTION('',(-1.222323065541E-18,-1.,0.));
#2309 = ORIENTED_EDGE('',*,*,#2280,.F.);
#2310 = PLANE('',#2311);
#2311 = AXIS2_PLACEMENT_3D('',#2312,#2313,#2314);
#2312 = CARTESIAN_POINT('',(1.837961780835E-19,0.150366284712,0.));
#2313 = DIRECTION('',(1.,-1.222323065541E-18,0.));
#2314 = DIRECTION('',(-1.222323065541E-18,-1.,0.));
#2315 = ADVANCED_FACE('',(#2316),#2327,.F.);
#2316 = FACE_BOUND('',#2317,.T.);
#2317 = EDGE_LOOP('',(#2318,#2319,#2320,#2321));
#2318 = ORIENTED_EDGE('',*,*,#2028,.T.);
#2319 = ORIENTED_EDGE('',*,*,#2175,.F.);
#2320 = ORIENTED_EDGE('',*,*,#2216,.T.);
#2321 = ORIENTED_EDGE('',*,*,#2322,.T.);
#2322 = EDGE_CURVE('',#2206,#2020,#2323,.T.);
#2323 = LINE('',#2324,#2325);
#2324 = CARTESIAN_POINT('',(0.345011717359,0.86,-0.4));
#2325 = VECTOR('',#2326,1.);
#2326 = DIRECTION('',(-0.173648177667,-0.984807753012,0.));
#2327 = PLANE('',#2328);
#2328 = AXIS2_PLACEMENT_3D('',#2329,#2330,#2331);
#2329 = CARTESIAN_POINT('',(0.345011717359,0.86,0.));
#2330 = DIRECTION('',(0.984807753012,-0.173648177667,0.));
#2331 = DIRECTION('',(-0.173648177667,-0.984807753012,0.));
#2332 = ADVANCED_FACE('',(#2333),#2347,.F.);
#2333 = FACE_BOUND('',#2334,.T.);
#2334 = EDGE_LOOP('',(#2335,#2336,#2337,#2338,#2339,#2340,#2341,#2342,
    #2343,#2344,#2345,#2346));
#2335 = ORIENTED_EDGE('',*,*,#2082,.T.);
#2336 = ORIENTED_EDGE('',*,*,#2288,.F.);
#2337 = ORIENTED_EDGE('',*,*,#2304,.F.);
#2338 = ORIENTED_EDGE('',*,*,#2052,.F.);
#2339 = ORIENTED_EDGE('',*,*,#2019,.T.);
#2340 = ORIENTED_EDGE('',*,*,#2322,.F.);
#2341 = ORIENTED_EDGE('',*,*,#2205,.T.);
#2342 = ORIENTED_EDGE('',*,*,#2247,.F.);
#2343 = ORIENTED_EDGE('',*,*,#2263,.F.);
#2344 = ORIENTED_EDGE('',*,*,#1979,.F.);
#2345 = ORIENTED_EDGE('',*,*,#1946,.T.);
#2346 = ORIENTED_EDGE('',*,*,#2132,.F.);
#2347 = PLANE('',#2348);
#2348 = AXIS2_PLACEMENT_3D('',#2349,#2350,#2351);
#2349 = CARTESIAN_POINT('',(0.320224528212,0.412415878806,-0.4));
#2350 = DIRECTION('',(0.,0.,1.));
#2351 = DIRECTION('',(1.,0.,-0.));
#2352 = ( GEOMETRIC_REPRESENTATION_CONTEXT(3) 
GLOBAL_UNCERTAINTY_ASSIGNED_CONTEXT((#2356)) 
GLOBAL_UNIT_ASSIGNED_CONTEXT((#2353,#2354,#2355)) REPRESENTATION_CONTEXT
('Context #1','3D Context with UNIT and UNCERTAINTY') );
#2353 = ( LENGTH_UNIT() NAMED_UNIT(*) SI_UNIT(.MILLI.,.METRE.) );
#2354 = ( NAMED_UNIT(*) PLANE_ANGLE_UNIT() SI_UNIT($,.RADIAN.) );
#2355 = ( NAMED_UNIT(*) SI_UNIT($,.STERADIAN.) SOLID_ANGLE_UNIT() );
#2356 = UNCERTAINTY_MEASURE_WITH_UNIT(LENGTH_MEASURE(1.E-07),#2353,
  'distance_accuracy_value','confusion accuracy');
#2357 = SHAPE_DEFINITION_REPRESENTATION(#2358,#1929);
#2358 = PRODUCT_DEFINITION_SHAPE('','',#2359);
#2359 = PRODUCT_DEFINITION('design','',#2360,#2363);
#2360 = PRODUCT_DEFINITION_FORMATION('','',#2361);
#2361 = PRODUCT('IC_LEG_MIR1','IC_LEG_MIR1','',(#2362));
#2362 = PRODUCT_CONTEXT('',#2,'mechanical');
#2363 = PRODUCT_DEFINITION_CONTEXT('part definition',#2,'design');
#2364 = CONTEXT_DEPENDENT_SHAPE_REPRESENTATION(#2365,#2367);
#2365 = ( REPRESENTATION_RELATIONSHIP('','',#1929,#261) 
REPRESENTATION_RELATIONSHIP_WITH_TRANSFORMATION(#2366) 
SHAPE_REPRESENTATION_RELATIONSHIP() );
#2366 = ITEM_DEFINED_TRANSFORMATION('','',#11,#282);
#2367 = PRODUCT_DEFINITION_SHAPE('Placement','Placement of an item',
  #2368);
#2368 = NEXT_ASSEMBLY_USAGE_OCCURRENCE('8','IC_LEG_MIR1:1','',#256,#2359
  ,$);
#2369 = PRODUCT_RELATED_PRODUCT_CATEGORY('part',$,(#2361));
#2370 = CONTEXT_DEPENDENT_SHAPE_REPRESENTATION(#2371,#2373);
#2371 = ( REPRESENTATION_RELATIONSHIP('','',#1929,#261) 
REPRESENTATION_RELATIONSHIP_WITH_TRANSFORMATION(#2372) 
SHAPE_REPRESENTATION_RELATIONSHIP() );
#2372 = ITEM_DEFINED_TRANSFORMATION('','',#11,#286);
#2373 = PRODUCT_DEFINITION_SHAPE('Placement','Placement of an item',
  #2374);
#2374 = NEXT_ASSEMBLY_USAGE_OCCURRENCE('9','IC_LEG_MIR1:3','',#256,#2359
  ,$);
#2375 = ADVANCED_BREP_SHAPE_REPRESENTATION('',(#11,#2376),#2866);
#2376 = MANIFOLD_SOLID_BREP('',#2377);
#2377 = CLOSED_SHELL('',(#2378,#2418,#2449,#2480,#2502,#2544,#2575,#2606
    ,#2637,#2670,#2701,#2732,#2763,#2796,#2818,#2842));
#2378 = ADVANCED_FACE('',(#2379),#2413,.F.);
#2379 = FACE_BOUND('',#2380,.T.);
#2380 = EDGE_LOOP('',(#2381,#2391,#2399,#2407));
#2381 = ORIENTED_EDGE('',*,*,#2382,.F.);
#2382 = EDGE_CURVE('',#2383,#2385,#2387,.T.);
#2383 = VERTEX_POINT('',#2384);
#2384 = CARTESIAN_POINT('',(1.579407859658E-02,-9.728767967259E-02,
    3.6E-04));
#2385 = VERTEX_POINT('',#2386);
#2386 = CARTESIAN_POINT('',(6.834219244364E-02,-6.151023876664E-02,
    3.6E-04));
#2387 = LINE('',#2388,#2389);
#2388 = CARTESIAN_POINT('',(3.800532441689E-02,-8.216512861212E-02,
    3.6E-04));
#2389 = VECTOR('',#2390,1.);
#2390 = DIRECTION('',(0.826599235215,0.562790995256,0.));
#2391 = ORIENTED_EDGE('',*,*,#2392,.T.);
#2392 = EDGE_CURVE('',#2383,#2393,#2395,.T.);
#2393 = VERTEX_POINT('',#2394);
#2394 = CARTESIAN_POINT('',(1.579407859658E-02,-9.728767967259E-02,
    6.3E-04));
#2395 = LINE('',#2396,#2397);
#2396 = CARTESIAN_POINT('',(1.579407859658E-02,-9.728767967259E-02,
    3.6E-04));
#2397 = VECTOR('',#2398,1.);
#2398 = DIRECTION('',(0.,0.,1.));
#2399 = ORIENTED_EDGE('',*,*,#2400,.F.);
#2400 = EDGE_CURVE('',#2401,#2393,#2403,.T.);
#2401 = VERTEX_POINT('',#2402);
#2402 = CARTESIAN_POINT('',(6.834219244364E-02,-6.151023876664E-02,
    6.3E-04));
#2403 = LINE('',#2404,#2405);
#2404 = CARTESIAN_POINT('',(3.800532441689E-02,-8.216512861212E-02,
    6.3E-04));
#2405 = VECTOR('',#2406,1.);
#2406 = DIRECTION('',(-0.826599235215,-0.562790995256,0.));
#2407 = ORIENTED_EDGE('',*,*,#2408,.F.);
#2408 = EDGE_CURVE('',#2385,#2401,#2409,.T.);
#2409 = LINE('',#2410,#2411);
#2410 = CARTESIAN_POINT('',(6.834219244364E-02,-6.151023876664E-02,
    3.6E-04));
#2411 = VECTOR('',#2412,1.);
#2412 = DIRECTION('',(0.,0.,1.));
#2413 = PLANE('',#2414);
#2414 = AXIS2_PLACEMENT_3D('',#2415,#2416,#2417);
#2415 = CARTESIAN_POINT('',(1.579407859658E-02,-9.728767967259E-02,
    3.6E-04));
#2416 = DIRECTION('',(0.562790995256,-0.826599235215,0.));
#2417 = DIRECTION('',(0.826599235215,0.562790995256,0.));
#2418 = ADVANCED_FACE('',(#2419),#2444,.F.);
#2419 = FACE_BOUND('',#2420,.T.);
#2420 = EDGE_LOOP('',(#2421,#2429,#2437,#2443));
#2421 = ORIENTED_EDGE('',*,*,#2422,.F.);
#2422 = EDGE_CURVE('',#2423,#2383,#2425,.T.);
#2423 = VERTEX_POINT('',#2424);
#2424 = CARTESIAN_POINT('',(-9.897790333246E-02,7.128366081855E-02,
    3.6E-04));
#2425 = LINE('',#2426,#2427);
#2426 = CARTESIAN_POINT('',(-6.788676206603E-02,2.561854924174E-02,
    3.6E-04));
#2427 = VECTOR('',#2428,1.);
#2428 = DIRECTION('',(0.562790995256,-0.826599235215,0.));
#2429 = ORIENTED_EDGE('',*,*,#2430,.T.);
#2430 = EDGE_CURVE('',#2423,#2431,#2433,.T.);
#2431 = VERTEX_POINT('',#2432);
#2432 = CARTESIAN_POINT('',(-9.897790333246E-02,7.128366081855E-02,
    6.3E-04));
#2433 = LINE('',#2434,#2435);
#2434 = CARTESIAN_POINT('',(-9.897790333246E-02,7.128366081855E-02,
    3.6E-04));
#2435 = VECTOR('',#2436,1.);
#2436 = DIRECTION('',(0.,0.,1.));
#2437 = ORIENTED_EDGE('',*,*,#2438,.F.);
#2438 = EDGE_CURVE('',#2393,#2431,#2439,.T.);
#2439 = LINE('',#2440,#2441);
#2440 = CARTESIAN_POINT('',(-6.788676206603E-02,2.561854924174E-02,
    6.3E-04));
#2441 = VECTOR('',#2442,1.);
#2442 = DIRECTION('',(-0.562790995256,0.826599235215,0.));
#2443 = ORIENTED_EDGE('',*,*,#2392,.F.);
#2444 = PLANE('',#2445);
#2445 = AXIS2_PLACEMENT_3D('',#2446,#2447,#2448);
#2446 = CARTESIAN_POINT('',(-9.897790333246E-02,7.128366081855E-02,
    3.6E-04));
#2447 = DIRECTION('',(-0.826599235215,-0.562790995256,0.));
#2448 = DIRECTION('',(0.562790995256,-0.826599235215,0.));
#2449 = ADVANCED_FACE('',(#2450),#2475,.F.);
#2450 = FACE_BOUND('',#2451,.T.);
#2451 = EDGE_LOOP('',(#2452,#2460,#2468,#2474));
#2452 = ORIENTED_EDGE('',*,*,#2453,.F.);
#2453 = EDGE_CURVE('',#2454,#2423,#2456,.T.);
#2454 = VERTEX_POINT('',#2455);
#2455 = CARTESIAN_POINT('',(-4.642978948541E-02,0.107061101724,3.6E-04)
  );
#2456 = LINE('',#2457,#2458);
#2457 = CARTESIAN_POINT('',(-5.049260058863E-02,0.104294932332,3.6E-04)
  );
#2458 = VECTOR('',#2459,1.);
#2459 = DIRECTION('',(-0.826599235215,-0.562790995256,0.));
#2460 = ORIENTED_EDGE('',*,*,#2461,.T.);
#2461 = EDGE_CURVE('',#2454,#2462,#2464,.T.);
#2462 = VERTEX_POINT('',#2463);
#2463 = CARTESIAN_POINT('',(-4.642978948541E-02,0.107061101724,6.3E-04)
  );
#2464 = LINE('',#2465,#2466);
#2465 = CARTESIAN_POINT('',(-4.642978948541E-02,0.107061101724,3.6E-04)
  );
#2466 = VECTOR('',#2467,1.);
#2467 = DIRECTION('',(0.,0.,1.));
#2468 = ORIENTED_EDGE('',*,*,#2469,.F.);
#2469 = EDGE_CURVE('',#2431,#2462,#2470,.T.);
#2470 = LINE('',#2471,#2472);
#2471 = CARTESIAN_POINT('',(-5.049260058863E-02,0.104294932332,6.3E-04)
  );
#2472 = VECTOR('',#2473,1.);
#2473 = DIRECTION('',(0.826599235215,0.562790995256,0.));
#2474 = ORIENTED_EDGE('',*,*,#2430,.F.);
#2475 = PLANE('',#2476);
#2476 = AXIS2_PLACEMENT_3D('',#2477,#2478,#2479);
#2477 = CARTESIAN_POINT('',(-4.642978948541E-02,0.107061101724,3.6E-04)
  );
#2478 = DIRECTION('',(-0.562790995256,0.826599235215,0.));
#2479 = DIRECTION('',(-0.826599235215,-0.562790995256,0.));
#2480 = ADVANCED_FACE('',(#2481),#2497,.F.);
#2481 = FACE_BOUND('',#2482,.T.);
#2482 = EDGE_LOOP('',(#2483,#2489,#2490,#2496));
#2483 = ORIENTED_EDGE('',*,*,#2484,.F.);
#2484 = EDGE_CURVE('',#2385,#2454,#2485,.T.);
#2485 = LINE('',#2486,#2487);
#2486 = CARTESIAN_POINT('',(4.204734274554E-02,-2.288968009788E-02,
    3.6E-04));
#2487 = VECTOR('',#2488,1.);
#2488 = DIRECTION('',(-0.562790995256,0.826599235215,0.));
#2489 = ORIENTED_EDGE('',*,*,#2408,.T.);
#2490 = ORIENTED_EDGE('',*,*,#2491,.F.);
#2491 = EDGE_CURVE('',#2462,#2401,#2492,.T.);
#2492 = LINE('',#2493,#2494);
#2493 = CARTESIAN_POINT('',(4.204734274554E-02,-2.288968009788E-02,
    6.3E-04));
#2494 = VECTOR('',#2495,1.);
#2495 = DIRECTION('',(0.562790995256,-0.826599235215,0.));
#2496 = ORIENTED_EDGE('',*,*,#2461,.F.);
#2497 = PLANE('',#2498);
#2498 = AXIS2_PLACEMENT_3D('',#2499,#2500,#2501);
#2499 = CARTESIAN_POINT('',(6.834219244364E-02,-6.151023876664E-02,
    3.6E-04));
#2500 = DIRECTION('',(0.826599235215,0.562790995256,0.));
#2501 = DIRECTION('',(-0.562790995256,0.826599235215,0.));
#2502 = ADVANCED_FACE('',(#2503),#2539,.T.);
#2503 = FACE_BOUND('',#2504,.T.);
#2504 = EDGE_LOOP('',(#2505,#2516,#2524,#2533));
#2505 = ORIENTED_EDGE('',*,*,#2506,.F.);
#2506 = EDGE_CURVE('',#2507,#2509,#2511,.T.);
#2507 = VERTEX_POINT('',#2508);
#2508 = CARTESIAN_POINT('',(0.194805260118,6.598175389356E-04,3.6E-04));
#2509 = VERTEX_POINT('',#2510);
#2510 = CARTESIAN_POINT('',(0.184267940424,-6.320483257398E-02,3.6E-04)
  );
#2511 = CIRCLE('',#2512,0.194806377536);
#2512 = AXIS2_PLACEMENT_3D('',#2513,#2514,#2515);
#2513 = CARTESIAN_POINT('',(0.,0.,3.6E-04));
#2514 = DIRECTION('',(0.,0.,-1.));
#2515 = DIRECTION('',(-0.945903017932,0.324449504033,0.));
#2516 = ORIENTED_EDGE('',*,*,#2517,.T.);
#2517 = EDGE_CURVE('',#2507,#2518,#2520,.T.);
#2518 = VERTEX_POINT('',#2519);
#2519 = CARTESIAN_POINT('',(0.194805260118,6.598175389356E-04,6.3E-04));
#2520 = LINE('',#2521,#2522);
#2521 = CARTESIAN_POINT('',(0.194805260118,6.598175389356E-04,3.6E-04));
#2522 = VECTOR('',#2523,1.);
#2523 = DIRECTION('',(0.,0.,1.));
#2524 = ORIENTED_EDGE('',*,*,#2525,.F.);
#2525 = EDGE_CURVE('',#2526,#2518,#2528,.T.);
#2526 = VERTEX_POINT('',#2527);
#2527 = CARTESIAN_POINT('',(0.184267940424,-6.320483257398E-02,6.3E-04)
  );
#2528 = CIRCLE('',#2529,0.194806377536);
#2529 = AXIS2_PLACEMENT_3D('',#2530,#2531,#2532);
#2530 = CARTESIAN_POINT('',(0.,0.,6.3E-04));
#2531 = DIRECTION('',(0.,0.,1.));
#2532 = DIRECTION('',(-0.945903017932,0.324449504033,0.));
#2533 = ORIENTED_EDGE('',*,*,#2534,.F.);
#2534 = EDGE_CURVE('',#2509,#2526,#2535,.T.);
#2535 = LINE('',#2536,#2537);
#2536 = CARTESIAN_POINT('',(0.184267940424,-6.320483257398E-02,3.6E-04)
  );
#2537 = VECTOR('',#2538,1.);
#2538 = DIRECTION('',(0.,0.,1.));
#2539 = CYLINDRICAL_SURFACE('',#2540,0.194806377536);
#2540 = AXIS2_PLACEMENT_3D('',#2541,#2542,#2543);
#2541 = CARTESIAN_POINT('',(0.,0.,3.6E-04));
#2542 = DIRECTION('',(0.,0.,1.));
#2543 = DIRECTION('',(-0.945903017932,0.324449504033,0.));
#2544 = ADVANCED_FACE('',(#2545),#2570,.T.);
#2545 = FACE_BOUND('',#2546,.T.);
#2546 = EDGE_LOOP('',(#2547,#2555,#2556,#2564));
#2547 = ORIENTED_EDGE('',*,*,#2548,.F.);
#2548 = EDGE_CURVE('',#2509,#2549,#2551,.T.);
#2549 = VERTEX_POINT('',#2550);
#2550 = CARTESIAN_POINT('',(7.24647704025E-02,0.101006065634,3.6E-04));
#2551 = LINE('',#2552,#2553);
#2552 = CARTESIAN_POINT('',(0.184267940424,-6.320483257398E-02,3.6E-04)
  );
#2553 = VECTOR('',#2554,1.);
#2554 = DIRECTION('',(-0.562790995256,0.826599235215,0.));
#2555 = ORIENTED_EDGE('',*,*,#2534,.T.);
#2556 = ORIENTED_EDGE('',*,*,#2557,.F.);
#2557 = EDGE_CURVE('',#2558,#2526,#2560,.T.);
#2558 = VERTEX_POINT('',#2559);
#2559 = CARTESIAN_POINT('',(7.24647704025E-02,0.101006065634,6.3E-04));
#2560 = LINE('',#2561,#2562);
#2561 = CARTESIAN_POINT('',(0.184267940424,-6.320483257398E-02,6.3E-04)
  );
#2562 = VECTOR('',#2563,1.);
#2563 = DIRECTION('',(0.562790995256,-0.826599235215,0.));
#2564 = ORIENTED_EDGE('',*,*,#2565,.F.);
#2565 = EDGE_CURVE('',#2549,#2558,#2566,.T.);
#2566 = LINE('',#2567,#2568);
#2567 = CARTESIAN_POINT('',(7.24647704025E-02,0.101006065634,3.6E-04));
#2568 = VECTOR('',#2569,1.);
#2569 = DIRECTION('',(0.,0.,1.));
#2570 = PLANE('',#2571);
#2571 = AXIS2_PLACEMENT_3D('',#2572,#2573,#2574);
#2572 = CARTESIAN_POINT('',(7.24647704025E-02,0.101006065634,3.6E-04));
#2573 = DIRECTION('',(-0.826599235215,-0.562790995256,0.));
#2574 = DIRECTION('',(0.562790995256,-0.826599235215,0.));
#2575 = ADVANCED_FACE('',(#2576),#2601,.T.);
#2576 = FACE_BOUND('',#2577,.T.);
#2577 = EDGE_LOOP('',(#2578,#2586,#2587,#2595));
#2578 = ORIENTED_EDGE('',*,*,#2579,.F.);
#2579 = EDGE_CURVE('',#2549,#2580,#2582,.T.);
#2580 = VERTEX_POINT('',#2581);
#2581 = CARTESIAN_POINT('',(1.911060845298E-02,6.467982599364E-02,
    3.6E-04));
#2582 = LINE('',#2583,#2584);
#2583 = CARTESIAN_POINT('',(7.24647704025E-02,0.101006065634,3.6E-04));
#2584 = VECTOR('',#2585,1.);
#2585 = DIRECTION('',(-0.826599235215,-0.562790995256,0.));
#2586 = ORIENTED_EDGE('',*,*,#2565,.T.);
#2587 = ORIENTED_EDGE('',*,*,#2588,.F.);
#2588 = EDGE_CURVE('',#2589,#2558,#2591,.T.);
#2589 = VERTEX_POINT('',#2590);
#2590 = CARTESIAN_POINT('',(1.911060845298E-02,6.467982599364E-02,
    6.3E-04));
#2591 = LINE('',#2592,#2593);
#2592 = CARTESIAN_POINT('',(7.24647704025E-02,0.101006065634,6.3E-04));
#2593 = VECTOR('',#2594,1.);
#2594 = DIRECTION('',(0.826599235215,0.562790995256,0.));
#2595 = ORIENTED_EDGE('',*,*,#2596,.F.);
#2596 = EDGE_CURVE('',#2580,#2589,#2597,.T.);
#2597 = LINE('',#2598,#2599);
#2598 = CARTESIAN_POINT('',(1.911060845298E-02,6.467982599364E-02,
    3.6E-04));
#2599 = VECTOR('',#2600,1.);
#2600 = DIRECTION('',(0.,0.,1.));
#2601 = PLANE('',#2602);
#2602 = AXIS2_PLACEMENT_3D('',#2603,#2604,#2605);
#2603 = CARTESIAN_POINT('',(1.911060845298E-02,6.467982599364E-02,
    3.6E-04));
#2604 = DIRECTION('',(0.562790995256,-0.826599235215,0.));
#2605 = DIRECTION('',(0.826599235215,0.562790995256,0.));
#2606 = ADVANCED_FACE('',(#2607),#2632,.T.);
#2607 = FACE_BOUND('',#2608,.T.);
#2608 = EDGE_LOOP('',(#2609,#2617,#2618,#2626));
#2609 = ORIENTED_EDGE('',*,*,#2610,.F.);
#2610 = EDGE_CURVE('',#2580,#2611,#2613,.T.);
#2611 = VERTEX_POINT('',#2612);
#2612 = CARTESIAN_POINT('',(0.146792568463,-0.122853043908,3.6E-04));
#2613 = LINE('',#2614,#2615);
#2614 = CARTESIAN_POINT('',(1.911060845298E-02,6.467982599364E-02,
    3.6E-04));
#2615 = VECTOR('',#2616,1.);
#2616 = DIRECTION('',(0.562790995256,-0.826599235215,0.));
#2617 = ORIENTED_EDGE('',*,*,#2596,.T.);
#2618 = ORIENTED_EDGE('',*,*,#2619,.F.);
#2619 = EDGE_CURVE('',#2620,#2589,#2622,.T.);
#2620 = VERTEX_POINT('',#2621);
#2621 = CARTESIAN_POINT('',(0.146792568463,-0.122853043908,6.3E-04));
#2622 = LINE('',#2623,#2624);
#2623 = CARTESIAN_POINT('',(1.911060845298E-02,6.467982599364E-02,
    6.3E-04));
#2624 = VECTOR('',#2625,1.);
#2625 = DIRECTION('',(-0.562790995256,0.826599235215,0.));
#2626 = ORIENTED_EDGE('',*,*,#2627,.F.);
#2627 = EDGE_CURVE('',#2611,#2620,#2628,.T.);
#2628 = LINE('',#2629,#2630);
#2629 = CARTESIAN_POINT('',(0.146792568463,-0.122853043908,3.6E-04));
#2630 = VECTOR('',#2631,1.);
#2631 = DIRECTION('',(0.,0.,1.));
#2632 = PLANE('',#2633);
#2633 = AXIS2_PLACEMENT_3D('',#2634,#2635,#2636);
#2634 = CARTESIAN_POINT('',(0.146792568463,-0.122853043908,3.6E-04));
#2635 = DIRECTION('',(0.826599235215,0.562790995256,0.));
#2636 = DIRECTION('',(-0.562790995256,0.826599235215,0.));
#2637 = ADVANCED_FACE('',(#2638),#2665,.T.);
#2638 = FACE_BOUND('',#2639,.T.);
#2639 = EDGE_LOOP('',(#2640,#2649,#2650,#2659));
#2640 = ORIENTED_EDGE('',*,*,#2641,.F.);
#2641 = EDGE_CURVE('',#2611,#2642,#2644,.T.);
#2642 = VERTEX_POINT('',#2643);
#2643 = CARTESIAN_POINT('',(-0.178273705547,-6.970950052821E-02,3.6E-04)
  );
#2644 = CIRCLE('',#2645,0.191418203297);
#2645 = AXIS2_PLACEMENT_3D('',#2646,#2647,#2648);
#2646 = CARTESIAN_POINT('',(0.,0.,3.6E-04));
#2647 = DIRECTION('',(0.,0.,-1.));
#2648 = DIRECTION('',(0.931330994005,0.364173831577,0.));
#2649 = ORIENTED_EDGE('',*,*,#2627,.T.);
#2650 = ORIENTED_EDGE('',*,*,#2651,.F.);
#2651 = EDGE_CURVE('',#2652,#2620,#2654,.T.);
#2652 = VERTEX_POINT('',#2653);
#2653 = CARTESIAN_POINT('',(-0.178273705547,-6.970950052821E-02,6.3E-04)
  );
#2654 = CIRCLE('',#2655,0.191418203297);
#2655 = AXIS2_PLACEMENT_3D('',#2656,#2657,#2658);
#2656 = CARTESIAN_POINT('',(0.,0.,6.3E-04));
#2657 = DIRECTION('',(0.,0.,1.));
#2658 = DIRECTION('',(0.931330994005,0.364173831577,-0.));
#2659 = ORIENTED_EDGE('',*,*,#2660,.F.);
#2660 = EDGE_CURVE('',#2642,#2652,#2661,.T.);
#2661 = LINE('',#2662,#2663);
#2662 = CARTESIAN_POINT('',(-0.178273705547,-6.970950052821E-02,3.6E-04)
  );
#2663 = VECTOR('',#2664,1.);
#2664 = DIRECTION('',(0.,0.,1.));
#2665 = CYLINDRICAL_SURFACE('',#2666,0.191418203297);
#2666 = AXIS2_PLACEMENT_3D('',#2667,#2668,#2669);
#2667 = CARTESIAN_POINT('',(0.,0.,3.6E-04));
#2668 = DIRECTION('',(0.,0.,1.));
#2669 = DIRECTION('',(0.931330994005,0.364173831577,-0.));
#2670 = ADVANCED_FACE('',(#2671),#2696,.T.);
#2671 = FACE_BOUND('',#2672,.T.);
#2672 = EDGE_LOOP('',(#2673,#2681,#2682,#2690));
#2673 = ORIENTED_EDGE('',*,*,#2674,.F.);
#2674 = EDGE_CURVE('',#2642,#2675,#2677,.T.);
#2675 = VERTEX_POINT('',#2676);
#2676 = CARTESIAN_POINT('',(-8.142480802969E-02,-3.769822506274E-03,
    3.6E-04));
#2677 = LINE('',#2678,#2679);
#2678 = CARTESIAN_POINT('',(-0.178273705547,-6.970950052821E-02,3.6E-04)
  );
#2679 = VECTOR('',#2680,1.);
#2680 = DIRECTION('',(0.826599235215,0.562790995256,0.));
#2681 = ORIENTED_EDGE('',*,*,#2660,.T.);
#2682 = ORIENTED_EDGE('',*,*,#2683,.F.);
#2683 = EDGE_CURVE('',#2684,#2652,#2686,.T.);
#2684 = VERTEX_POINT('',#2685);
#2685 = CARTESIAN_POINT('',(-8.142480802969E-02,-3.769822506274E-03,
    6.3E-04));
#2686 = LINE('',#2687,#2688);
#2687 = CARTESIAN_POINT('',(-0.178273705547,-6.970950052821E-02,6.3E-04)
  );
#2688 = VECTOR('',#2689,1.);
#2689 = DIRECTION('',(-0.826599235215,-0.562790995256,0.));
#2690 = ORIENTED_EDGE('',*,*,#2691,.F.);
#2691 = EDGE_CURVE('',#2675,#2684,#2692,.T.);
#2692 = LINE('',#2693,#2694);
#2693 = CARTESIAN_POINT('',(-8.142480802969E-02,-3.769822506274E-03,
    3.6E-04));
#2694 = VECTOR('',#2695,1.);
#2695 = DIRECTION('',(0.,0.,1.));
#2696 = PLANE('',#2697);
#2697 = AXIS2_PLACEMENT_3D('',#2698,#2699,#2700);
#2698 = CARTESIAN_POINT('',(-8.142480802969E-02,-3.769822506274E-03,
    3.6E-04));
#2699 = DIRECTION('',(-0.562790995256,0.826599235215,0.));
#2700 = DIRECTION('',(-0.826599235215,-0.562790995256,0.));
#2701 = ADVANCED_FACE('',(#2702),#2727,.T.);
#2702 = FACE_BOUND('',#2703,.T.);
#2703 = EDGE_LOOP('',(#2704,#2712,#2713,#2721));
#2704 = ORIENTED_EDGE('',*,*,#2705,.F.);
#2705 = EDGE_CURVE('',#2675,#2706,#2708,.T.);
#2706 = VERTEX_POINT('',#2707);
#2707 = CARTESIAN_POINT('',(-0.12189954098,5.567743870421E-02,3.6E-04));
#2708 = LINE('',#2709,#2710);
#2709 = CARTESIAN_POINT('',(-8.142480802969E-02,-3.769822506274E-03,
    3.6E-04));
#2710 = VECTOR('',#2711,1.);
#2711 = DIRECTION('',(-0.562790995256,0.826599235215,0.));
#2712 = ORIENTED_EDGE('',*,*,#2691,.T.);
#2713 = ORIENTED_EDGE('',*,*,#2714,.F.);
#2714 = EDGE_CURVE('',#2715,#2684,#2717,.T.);
#2715 = VERTEX_POINT('',#2716);
#2716 = CARTESIAN_POINT('',(-0.12189954098,5.567743870421E-02,6.3E-04));
#2717 = LINE('',#2718,#2719);
#2718 = CARTESIAN_POINT('',(-8.142480802969E-02,-3.769822506274E-03,
    6.3E-04));
#2719 = VECTOR('',#2720,1.);
#2720 = DIRECTION('',(0.562790995256,-0.826599235215,0.));
#2721 = ORIENTED_EDGE('',*,*,#2722,.F.);
#2722 = EDGE_CURVE('',#2706,#2715,#2723,.T.);
#2723 = LINE('',#2724,#2725);
#2724 = CARTESIAN_POINT('',(-0.12189954098,5.567743870421E-02,3.6E-04));
#2725 = VECTOR('',#2726,1.);
#2726 = DIRECTION('',(0.,0.,1.));
#2727 = PLANE('',#2728);
#2728 = AXIS2_PLACEMENT_3D('',#2729,#2730,#2731);
#2729 = CARTESIAN_POINT('',(-0.12189954098,5.567743870421E-02,3.6E-04));
#2730 = DIRECTION('',(-0.826599235215,-0.562790995256,0.));
#2731 = DIRECTION('',(0.562790995256,-0.826599235215,0.));
#2732 = ADVANCED_FACE('',(#2733),#2758,.T.);
#2733 = FACE_BOUND('',#2734,.T.);
#2734 = EDGE_LOOP('',(#2735,#2743,#2744,#2752));
#2735 = ORIENTED_EDGE('',*,*,#2736,.F.);
#2736 = EDGE_CURVE('',#2706,#2737,#2739,.T.);
#2737 = VERTEX_POINT('',#2738);
#2738 = CARTESIAN_POINT('',(-0.201038877596,1.795334631567E-03,3.6E-04)
  );
#2739 = LINE('',#2740,#2741);
#2740 = CARTESIAN_POINT('',(-0.12189954098,5.567743870421E-02,3.6E-04));
#2741 = VECTOR('',#2742,1.);
#2742 = DIRECTION('',(-0.826599235215,-0.562790995256,0.));
#2743 = ORIENTED_EDGE('',*,*,#2722,.T.);
#2744 = ORIENTED_EDGE('',*,*,#2745,.F.);
#2745 = EDGE_CURVE('',#2746,#2715,#2748,.T.);
#2746 = VERTEX_POINT('',#2747);
#2747 = CARTESIAN_POINT('',(-0.201038877596,1.795334631567E-03,6.3E-04)
  );
#2748 = LINE('',#2749,#2750);
#2749 = CARTESIAN_POINT('',(-0.12189954098,5.567743870421E-02,6.3E-04));
#2750 = VECTOR('',#2751,1.);
#2751 = DIRECTION('',(0.826599235215,0.562790995256,0.));
#2752 = ORIENTED_EDGE('',*,*,#2753,.F.);
#2753 = EDGE_CURVE('',#2737,#2746,#2754,.T.);
#2754 = LINE('',#2755,#2756);
#2755 = CARTESIAN_POINT('',(-0.201038877596,1.795334631567E-03,3.6E-04)
  );
#2756 = VECTOR('',#2757,1.);
#2757 = DIRECTION('',(0.,0.,1.));
#2758 = PLANE('',#2759);
#2759 = AXIS2_PLACEMENT_3D('',#2760,#2761,#2762);
#2760 = CARTESIAN_POINT('',(-0.201038877596,1.795334631567E-03,3.6E-04)
  );
#2761 = DIRECTION('',(0.562790995256,-0.826599235215,0.));
#2762 = DIRECTION('',(0.826599235215,0.562790995256,0.));
#2763 = ADVANCED_FACE('',(#2764),#2791,.T.);
#2764 = FACE_BOUND('',#2765,.T.);
#2765 = EDGE_LOOP('',(#2766,#2775,#2776,#2785));
#2766 = ORIENTED_EDGE('',*,*,#2767,.F.);
#2767 = EDGE_CURVE('',#2737,#2768,#2770,.T.);
#2768 = VERTEX_POINT('',#2769);
#2769 = CARTESIAN_POINT('',(6.594442564431E-02,0.189924159227,3.6E-04));
#2770 = CIRCLE('',#2771,0.201046893862);
#2771 = AXIS2_PLACEMENT_3D('',#2772,#2773,#2774);
#2772 = CARTESIAN_POINT('',(0.,0.,3.6E-04));
#2773 = DIRECTION('',(0.,0.,-1.));
#2774 = DIRECTION('',(-0.328005195095,-0.944675919028,-0.));
#2775 = ORIENTED_EDGE('',*,*,#2753,.T.);
#2776 = ORIENTED_EDGE('',*,*,#2777,.F.);
#2777 = EDGE_CURVE('',#2778,#2746,#2780,.T.);
#2778 = VERTEX_POINT('',#2779);
#2779 = CARTESIAN_POINT('',(6.594442564431E-02,0.189924159227,6.3E-04));
#2780 = CIRCLE('',#2781,0.201046893862);
#2781 = AXIS2_PLACEMENT_3D('',#2782,#2783,#2784);
#2782 = CARTESIAN_POINT('',(0.,0.,6.3E-04));
#2783 = DIRECTION('',(0.,0.,1.));
#2784 = DIRECTION('',(-0.328005195095,-0.944675919028,0.));
#2785 = ORIENTED_EDGE('',*,*,#2786,.F.);
#2786 = EDGE_CURVE('',#2768,#2778,#2787,.T.);
#2787 = LINE('',#2788,#2789);
#2788 = CARTESIAN_POINT('',(6.594442564431E-02,0.189924159227,3.6E-04));
#2789 = VECTOR('',#2790,1.);
#2790 = DIRECTION('',(0.,0.,1.));
#2791 = CYLINDRICAL_SURFACE('',#2792,0.201046893862);
#2792 = AXIS2_PLACEMENT_3D('',#2793,#2794,#2795);
#2793 = CARTESIAN_POINT('',(0.,0.,3.6E-04));
#2794 = DIRECTION('',(0.,0.,1.));
#2795 = DIRECTION('',(-0.328005195095,-0.944675919028,0.));
#2796 = ADVANCED_FACE('',(#2797),#2813,.T.);
#2797 = FACE_BOUND('',#2798,.T.);
#2798 = EDGE_LOOP('',(#2799,#2805,#2806,#2812));
#2799 = ORIENTED_EDGE('',*,*,#2800,.F.);
#2800 = EDGE_CURVE('',#2768,#2507,#2801,.T.);
#2801 = LINE('',#2802,#2803);
#2802 = CARTESIAN_POINT('',(6.594442564431E-02,0.189924159227,3.6E-04));
#2803 = VECTOR('',#2804,1.);
#2804 = DIRECTION('',(0.562790995256,-0.826599235215,0.));
#2805 = ORIENTED_EDGE('',*,*,#2786,.T.);
#2806 = ORIENTED_EDGE('',*,*,#2807,.F.);
#2807 = EDGE_CURVE('',#2518,#2778,#2808,.T.);
#2808 = LINE('',#2809,#2810);
#2809 = CARTESIAN_POINT('',(6.594442564431E-02,0.189924159227,6.3E-04));
#2810 = VECTOR('',#2811,1.);
#2811 = DIRECTION('',(-0.562790995256,0.826599235215,0.));
#2812 = ORIENTED_EDGE('',*,*,#2517,.F.);
#2813 = PLANE('',#2814);
#2814 = AXIS2_PLACEMENT_3D('',#2815,#2816,#2817);
#2815 = CARTESIAN_POINT('',(0.194805260118,6.598175389355E-04,3.6E-04));
#2816 = DIRECTION('',(0.826599235215,0.562790995256,0.));
#2817 = DIRECTION('',(-0.562790995256,0.826599235215,0.));
#2818 = ADVANCED_FACE('',(#2819,#2831),#2837,.F.);
#2819 = FACE_BOUND('',#2820,.T.);
#2820 = EDGE_LOOP('',(#2821,#2822,#2823,#2824,#2825,#2826,#2827,#2828,
    #2829,#2830));
#2821 = ORIENTED_EDGE('',*,*,#2800,.T.);
#2822 = ORIENTED_EDGE('',*,*,#2506,.T.);
#2823 = ORIENTED_EDGE('',*,*,#2548,.T.);
#2824 = ORIENTED_EDGE('',*,*,#2579,.T.);
#2825 = ORIENTED_EDGE('',*,*,#2610,.T.);
#2826 = ORIENTED_EDGE('',*,*,#2641,.T.);
#2827 = ORIENTED_EDGE('',*,*,#2674,.T.);
#2828 = ORIENTED_EDGE('',*,*,#2705,.T.);
#2829 = ORIENTED_EDGE('',*,*,#2736,.T.);
#2830 = ORIENTED_EDGE('',*,*,#2767,.T.);
#2831 = FACE_BOUND('',#2832,.T.);
#2832 = EDGE_LOOP('',(#2833,#2834,#2835,#2836));
#2833 = ORIENTED_EDGE('',*,*,#2382,.T.);
#2834 = ORIENTED_EDGE('',*,*,#2484,.T.);
#2835 = ORIENTED_EDGE('',*,*,#2453,.T.);
#2836 = ORIENTED_EDGE('',*,*,#2422,.T.);
#2837 = PLANE('',#2838);
#2838 = AXIS2_PLACEMENT_3D('',#2839,#2840,#2841);
#2839 = CARTESIAN_POINT('',(7.626870841008E-03,1.019853978588E-02,
    3.6E-04));
#2840 = DIRECTION('',(0.,0.,1.));
#2841 = DIRECTION('',(1.,0.,-0.));
#2842 = ADVANCED_FACE('',(#2843,#2855),#2861,.T.);
#2843 = FACE_BOUND('',#2844,.T.);
#2844 = EDGE_LOOP('',(#2845,#2846,#2847,#2848,#2849,#2850,#2851,#2852,
    #2853,#2854));
#2845 = ORIENTED_EDGE('',*,*,#2807,.T.);
#2846 = ORIENTED_EDGE('',*,*,#2777,.T.);
#2847 = ORIENTED_EDGE('',*,*,#2745,.T.);
#2848 = ORIENTED_EDGE('',*,*,#2714,.T.);
#2849 = ORIENTED_EDGE('',*,*,#2683,.T.);
#2850 = ORIENTED_EDGE('',*,*,#2651,.T.);
#2851 = ORIENTED_EDGE('',*,*,#2619,.T.);
#2852 = ORIENTED_EDGE('',*,*,#2588,.T.);
#2853 = ORIENTED_EDGE('',*,*,#2557,.T.);
#2854 = ORIENTED_EDGE('',*,*,#2525,.T.);
#2855 = FACE_BOUND('',#2856,.T.);
#2856 = EDGE_LOOP('',(#2857,#2858,#2859,#2860));
#2857 = ORIENTED_EDGE('',*,*,#2400,.T.);
#2858 = ORIENTED_EDGE('',*,*,#2438,.T.);
#2859 = ORIENTED_EDGE('',*,*,#2469,.T.);
#2860 = ORIENTED_EDGE('',*,*,#2491,.T.);
#2861 = PLANE('',#2862);
#2862 = AXIS2_PLACEMENT_3D('',#2863,#2864,#2865);
#2863 = CARTESIAN_POINT('',(7.626870841008E-03,1.019853978588E-02,
    6.3E-04));
#2864 = DIRECTION('',(0.,0.,1.));
#2865 = DIRECTION('',(1.,0.,-0.));
#2866 = ( GEOMETRIC_REPRESENTATION_CONTEXT(3) 
GLOBAL_UNCERTAINTY_ASSIGNED_CONTEXT((#2870)) 
GLOBAL_UNIT_ASSIGNED_CONTEXT((#2867,#2868,#2869)) REPRESENTATION_CONTEXT
('Context #1','3D Context with UNIT and UNCERTAINTY') );
#2867 = ( LENGTH_UNIT() NAMED_UNIT(*) SI_UNIT(.MILLI.,.METRE.) );
#2868 = ( NAMED_UNIT(*) PLANE_ANGLE_UNIT() SI_UNIT($,.RADIAN.) );
#2869 = ( NAMED_UNIT(*) SI_UNIT($,.STERADIAN.) SOLID_ANGLE_UNIT() );
#2870 = UNCERTAINTY_MEASURE_WITH_UNIT(LENGTH_MEASURE(1.E-07),#2867,
  'distance_accuracy_value','confusion accuracy');
#2871 = SHAPE_DEFINITION_REPRESENTATION(#2872,#2375);
#2872 = PRODUCT_DEFINITION_SHAPE('','',#2873);
#2873 = PRODUCT_DEFINITION('design','',#2874,#2877);
#2874 = PRODUCT_DEFINITION_FORMATION('','',#2875);
#2875 = PRODUCT('Microchip logo','Microchip logo','',(#2876));
#2876 = PRODUCT_CONTEXT('',#2,'mechanical');
#2877 = PRODUCT_DEFINITION_CONTEXT('part definition',#2,'design');
#2878 = CONTEXT_DEPENDENT_SHAPE_REPRESENTATION(#2879,#2881);
#2879 = ( REPRESENTATION_RELATIONSHIP('','',#2375,#261) 
REPRESENTATION_RELATIONSHIP_WITH_TRANSFORMATION(#2880) 
SHAPE_REPRESENTATION_RELATIONSHIP() );
#2880 = ITEM_DEFINED_TRANSFORMATION('','',#11,#290);
#2881 = PRODUCT_DEFINITION_SHAPE('Placement','Placement of an item',
  #2882);
#2882 = NEXT_ASSEMBLY_USAGE_OCCURRENCE('10','Microchip logo:1','',#256,
  #2873,$);
#2883 = PRODUCT_RELATED_PRODUCT_CATEGORY('part',$,(#2875));
#2884 = CONTEXT_DEPENDENT_SHAPE_REPRESENTATION(#2885,#2887);
#2885 = ( REPRESENTATION_RELATIONSHIP('','',#261,#244) 
REPRESENTATION_RELATIONSHIP_WITH_TRANSFORMATION(#2886) 
SHAPE_REPRESENTATION_RELATIONSHIP() );
#2886 = ITEM_DEFINED_TRANSFORMATION('','',#11,#245);
#2887 = PRODUCT_DEFINITION_SHAPE('Placement','Placement of an item',
  #2888);
#2888 = NEXT_ASSEMBLY_USAGE_OCCURRENCE('11','','',#239,#256,$);
#2889 = PRODUCT_RELATED_PRODUCT_CATEGORY('part',$,(#258));
#2890 = CONTEXT_DEPENDENT_SHAPE_REPRESENTATION(#2891,#2893);
#2891 = ( REPRESENTATION_RELATIONSHIP('','',#244,#10) 
REPRESENTATION_RELATIONSHIP_WITH_TRANSFORMATION(#2892) 
SHAPE_REPRESENTATION_RELATIONSHIP() );
#2892 = ITEM_DEFINED_TRANSFORMATION('','',#11,#19);
#2893 = PRODUCT_DEFINITION_SHAPE('Placement','Placement of an item',
  #2894);
#2894 = NEXT_ASSEMBLY_USAGE_OCCURRENCE('12','','',#5,#239,$);
#2895 = PRODUCT_RELATED_PRODUCT_CATEGORY('part',$,(#241));
#2896 = SHAPE_DEFINITION_REPRESENTATION(#2897,#2903);
#2897 = PRODUCT_DEFINITION_SHAPE('','',#2898);
#2898 = PRODUCT_DEFINITION('design','',#2899,#2902);
#2899 = PRODUCT_DEFINITION_FORMATION('','',#2900);
#2900 = PRODUCT('J2','J2','',(#2901));
#2901 = PRODUCT_CONTEXT('',#2,'mechanical');
#2902 = PRODUCT_DEFINITION_CONTEXT('part definition',#2,'design');
#2903 = SHAPE_REPRESENTATION('',(#11,#2904),#2908);
#2904 = AXIS2_PLACEMENT_3D('',#2905,#2906,#2907);
#2905 = CARTESIAN_POINT('',(21.275001285879,4.37500002,0.));
#2906 = DIRECTION('',(0.,0.,1.));
#2907 = DIRECTION('',(-4.371138828674E-08,1.,0.));
#2908 = ( GEOMETRIC_REPRESENTATION_CONTEXT(3) 
GLOBAL_UNCERTAINTY_ASSIGNED_CONTEXT((#2912)) 
GLOBAL_UNIT_ASSIGNED_CONTEXT((#2909,#2910,#2911)) REPRESENTATION_CONTEXT
('Context #1','3D Context with UNIT and UNCERTAINTY') );
#2909 = ( LENGTH_UNIT() NAMED_UNIT(*) SI_UNIT(.MILLI.,.METRE.) );
#2910 = ( NAMED_UNIT(*) PLANE_ANGLE_UNIT() SI_UNIT($,.RADIAN.) );
#2911 = ( NAMED_UNIT(*) SI_UNIT($,.STERADIAN.) SOLID_ANGLE_UNIT() );
#2912 = UNCERTAINTY_MEASURE_WITH_UNIT(LENGTH_MEASURE(1.E-07),#2909,
  'distance_accuracy_value','confusion accuracy');
#2913 = SHAPE_DEFINITION_REPRESENTATION(#2914,#2920);
#2914 = PRODUCT_DEFINITION_SHAPE('','',#2915);
#2915 = PRODUCT_DEFINITION('design','',#2916,#2919);
#2916 = PRODUCT_DEFINITION_FORMATION('','',#2917);
#2917 = PRODUCT('Conn_JST_SM02B-GHS-TB_LF_SN_eec',
  'Conn_JST_SM02B-GHS-TB_LF_SN_eec','',(#2918));
#2918 = PRODUCT_CONTEXT('',#2,'mechanical');
#2919 = PRODUCT_DEFINITION_CONTEXT('part definition',#2,'design');
#2920 = SHAPE_REPRESENTATION('',(#11,#2921),#2925);
#2921 = AXIS2_PLACEMENT_3D('',#2922,#2923,#2924);
#2922 = CARTESIAN_POINT('',(2.875,2.025,0.1));
#2923 = DIRECTION('',(0.,-1.,-8.008311501313E-17));
#2924 = DIRECTION('',(1.,0.,0.));
#2925 = ( GEOMETRIC_REPRESENTATION_CONTEXT(3) 
GLOBAL_UNCERTAINTY_ASSIGNED_CONTEXT((#2929)) 
GLOBAL_UNIT_ASSIGNED_CONTEXT((#2926,#2927,#2928)) REPRESENTATION_CONTEXT
('Context #1','3D Context with UNIT and UNCERTAINTY') );
#2926 = ( LENGTH_UNIT() NAMED_UNIT(*) SI_UNIT(.MILLI.,.METRE.) );
#2927 = ( NAMED_UNIT(*) PLANE_ANGLE_UNIT() SI_UNIT($,.RADIAN.) );
#2928 = ( NAMED_UNIT(*) SI_UNIT($,.STERADIAN.) SOLID_ANGLE_UNIT() );
#2929 = UNCERTAINTY_MEASURE_WITH_UNIT(LENGTH_MEASURE(1.E-07),#2926,
  'distance_accuracy_value','confusion accuracy');
#2930 = SHAPE_DEFINITION_REPRESENTATION(#2931,#2937);
#2931 = PRODUCT_DEFINITION_SHAPE('','',#2932);
#2932 = PRODUCT_DEFINITION('design','',#2933,#2936);
#2933 = PRODUCT_DEFINITION_FORMATION('','',#2934);
#2934 = PRODUCT('1','1','',(#2935));
#2935 = PRODUCT_CONTEXT('',#2,'mechanical');
#2936 = PRODUCT_DEFINITION_CONTEXT('part definition',#2,'design');
#2937 = SHAPE_REPRESENTATION('',(#11,#2938,#2942,#2946,#2950,#2954,#2958
    ),#2962);
#2938 = AXIS2_PLACEMENT_3D('',#2939,#2940,#2941);
#2939 = CARTESIAN_POINT('',(0.,0.,0.));
#2940 = DIRECTION('',(0.,0.,1.));
#2941 = DIRECTION('',(1.,0.,0.));
#2942 = AXIS2_PLACEMENT_3D('',#2943,#2944,#2945);
#2943 = CARTESIAN_POINT('',(0.,0.,0.));
#2944 = DIRECTION('',(0.,0.,1.));
#2945 = DIRECTION('',(1.,0.,0.));
#2946 = AXIS2_PLACEMENT_3D('',#2947,#2948,#2949);
#2947 = CARTESIAN_POINT('',(0.,0.,0.));
#2948 = DIRECTION('',(0.,0.,1.));
#2949 = DIRECTION('',(1.,0.,0.));
#2950 = AXIS2_PLACEMENT_3D('',#2951,#2952,#2953);
#2951 = CARTESIAN_POINT('',(0.,0.,0.));
#2952 = DIRECTION('',(0.,0.,1.));
#2953 = DIRECTION('',(1.,0.,0.));
#2954 = AXIS2_PLACEMENT_3D('',#2955,#2956,#2957);
#2955 = CARTESIAN_POINT('',(-1.5,2.15,1.45));
#2956 = DIRECTION('',(0.,0.,1.));
#2957 = DIRECTION('',(1.,0.,0.));
#2958 = AXIS2_PLACEMENT_3D('',#2959,#2960,#2961);
#2959 = CARTESIAN_POINT('',(1.063676394389,4.241,5.313180071311));
#2960 = DIRECTION('',(-3.016910393003E-16,1.,-1.959424378203E-32));
#2961 = DIRECTION('',(-1.,-3.016910393003E-16,1.52655665886E-16));
#2962 = ( GEOMETRIC_REPRESENTATION_CONTEXT(3) 
GLOBAL_UNCERTAINTY_ASSIGNED_CONTEXT((#2966)) 
GLOBAL_UNIT_ASSIGNED_CONTEXT((#2963,#2964,#2965)) REPRESENTATION_CONTEXT
('Context #1','3D Context with UNIT and UNCERTAINTY') );
#2963 = ( LENGTH_UNIT() NAMED_UNIT(*) SI_UNIT(.MILLI.,.METRE.) );
#2964 = ( NAMED_UNIT(*) PLANE_ANGLE_UNIT() SI_UNIT($,.RADIAN.) );
#2965 = ( NAMED_UNIT(*) SI_UNIT($,.STERADIAN.) SOLID_ANGLE_UNIT() );
#2966 = UNCERTAINTY_MEASURE_WITH_UNIT(LENGTH_MEASURE(1.E-07),#2963,
  'distance_accuracy_value','confusion accuracy');
#2967 = ADVANCED_BREP_SHAPE_REPRESENTATION('',(#11,#2968),#3184);
#2968 = MANIFOLD_SOLID_BREP('',#2969);
#2969 = CLOSED_SHELL('',(#2970,#3010,#3041,#3072,#3103,#3129,#3153,#3172
    ));
#2970 = ADVANCED_FACE('',(#2971),#3005,.T.);
#2971 = FACE_BOUND('',#2972,.T.);
#2972 = EDGE_LOOP('',(#2973,#2983,#2991,#2999));
#2973 = ORIENTED_EDGE('',*,*,#2974,.F.);
#2974 = EDGE_CURVE('',#2975,#2977,#2979,.T.);
#2975 = VERTEX_POINT('',#2976);
#2976 = CARTESIAN_POINT('',(-0.5,0.6,3.4));
#2977 = VERTEX_POINT('',#2978);
#2978 = CARTESIAN_POINT('',(-0.5,0.6,1.85));
#2979 = LINE('',#2980,#2981);
#2980 = CARTESIAN_POINT('',(-0.5,0.6,3.175));
#2981 = VECTOR('',#2982,1.);
#2982 = DIRECTION('',(0.,0.,-1.));
#2983 = ORIENTED_EDGE('',*,*,#2984,.F.);
#2984 = EDGE_CURVE('',#2985,#2975,#2987,.T.);
#2985 = VERTEX_POINT('',#2986);
#2986 = CARTESIAN_POINT('',(-0.3,0.6,3.4));
#2987 = LINE('',#2988,#2989);
#2988 = CARTESIAN_POINT('',(-0.3,0.6,3.4));
#2989 = VECTOR('',#2990,1.);
#2990 = DIRECTION('',(-1.,0.,0.));
#2991 = ORIENTED_EDGE('',*,*,#2992,.F.);
#2992 = EDGE_CURVE('',#2993,#2985,#2995,.T.);
#2993 = VERTEX_POINT('',#2994);
#2994 = CARTESIAN_POINT('',(-0.3,0.6,1.85));
#2995 = LINE('',#2996,#2997);
#2996 = CARTESIAN_POINT('',(-0.3,0.6,3.4));
#2997 = VECTOR('',#2998,1.);
#2998 = DIRECTION('',(0.,-1.398970545143E-16,1.));
#2999 = ORIENTED_EDGE('',*,*,#3000,.T.);
#3000 = EDGE_CURVE('',#2993,#2977,#3001,.T.);
#3001 = LINE('',#3002,#3003);
#3002 = CARTESIAN_POINT('',(-0.3,0.6,1.85));
#3003 = VECTOR('',#3004,1.);
#3004 = DIRECTION('',(-1.,0.,0.));
#3005 = PLANE('',#3006);
#3006 = AXIS2_PLACEMENT_3D('',#3007,#3008,#3009);
#3007 = CARTESIAN_POINT('',(-0.3,0.6,3.4));
#3008 = DIRECTION('',(0.,1.,0.));
#3009 = DIRECTION('',(0.,0.,-1.));
#3010 = ADVANCED_FACE('',(#3011),#3036,.T.);
#3011 = FACE_BOUND('',#3012,.T.);
#3012 = EDGE_LOOP('',(#3013,#3021,#3029,#3035));
#3013 = ORIENTED_EDGE('',*,*,#3014,.F.);
#3014 = EDGE_CURVE('',#3015,#2975,#3017,.T.);
#3015 = VERTEX_POINT('',#3016);
#3016 = CARTESIAN_POINT('',(-0.5,1.95,3.4));
#3017 = LINE('',#3018,#3019);
#3018 = CARTESIAN_POINT('',(-0.5,1.4375,3.4));
#3019 = VECTOR('',#3020,1.);
#3020 = DIRECTION('',(0.,-1.,0.));
#3021 = ORIENTED_EDGE('',*,*,#3022,.F.);
#3022 = EDGE_CURVE('',#3023,#3015,#3025,.T.);
#3023 = VERTEX_POINT('',#3024);
#3024 = CARTESIAN_POINT('',(-0.3,1.95,3.4));
#3025 = LINE('',#3026,#3027);
#3026 = CARTESIAN_POINT('',(-0.3,1.95,3.4));
#3027 = VECTOR('',#3028,1.);
#3028 = DIRECTION('',(-1.,0.,0.));
#3029 = ORIENTED_EDGE('',*,*,#3030,.F.);
#3030 = EDGE_CURVE('',#2985,#3023,#3031,.T.);
#3031 = LINE('',#3032,#3033);
#3032 = CARTESIAN_POINT('',(-0.3,1.95,3.4));
#3033 = VECTOR('',#3034,1.);
#3034 = DIRECTION('',(0.,1.,0.));
#3035 = ORIENTED_EDGE('',*,*,#2984,.T.);
#3036 = PLANE('',#3037);
#3037 = AXIS2_PLACEMENT_3D('',#3038,#3039,#3040);
#3038 = CARTESIAN_POINT('',(-0.3,1.95,3.4));
#3039 = DIRECTION('',(0.,0.,-1.));
#3040 = DIRECTION('',(0.,-1.,0.));
#3041 = ADVANCED_FACE('',(#3042),#3067,.T.);
#3042 = FACE_BOUND('',#3043,.T.);
#3043 = EDGE_LOOP('',(#3044,#3052,#3060,#3066));
#3044 = ORIENTED_EDGE('',*,*,#3045,.F.);
#3045 = EDGE_CURVE('',#3046,#3015,#3048,.T.);
#3046 = VERTEX_POINT('',#3047);
#3047 = CARTESIAN_POINT('',(-0.5,1.95,4.05));
#3048 = LINE('',#3049,#3050);
#3049 = CARTESIAN_POINT('',(-0.5,1.95,3.5));
#3050 = VECTOR('',#3051,1.);
#3051 = DIRECTION('',(0.,0.,-1.));
#3052 = ORIENTED_EDGE('',*,*,#3053,.T.);
#3053 = EDGE_CURVE('',#3046,#3054,#3056,.T.);
#3054 = VERTEX_POINT('',#3055);
#3055 = CARTESIAN_POINT('',(-0.3,1.95,4.05));
#3056 = LINE('',#3057,#3058);
#3057 = CARTESIAN_POINT('',(-0.15,1.95,4.05));
#3058 = VECTOR('',#3059,1.);
#3059 = DIRECTION('',(1.,0.,0.));
#3060 = ORIENTED_EDGE('',*,*,#3061,.F.);
#3061 = EDGE_CURVE('',#3023,#3054,#3062,.T.);
#3062 = LINE('',#3063,#3064);
#3063 = CARTESIAN_POINT('',(-0.3,1.95,4.05));
#3064 = VECTOR('',#3065,1.);
#3065 = DIRECTION('',(0.,0.,1.));
#3066 = ORIENTED_EDGE('',*,*,#3022,.T.);
#3067 = PLANE('',#3068);
#3068 = AXIS2_PLACEMENT_3D('',#3069,#3070,#3071);
#3069 = CARTESIAN_POINT('',(-0.3,1.95,4.05));
#3070 = DIRECTION('',(0.,1.,0.));
#3071 = DIRECTION('',(0.,0.,-1.));
#3072 = ADVANCED_FACE('',(#3073),#3098,.T.);
#3073 = FACE_BOUND('',#3074,.T.);
#3074 = EDGE_LOOP('',(#3075,#3083,#3091,#3097));
#3075 = ORIENTED_EDGE('',*,*,#3076,.F.);
#3076 = EDGE_CURVE('',#3077,#3046,#3079,.T.);
#3077 = VERTEX_POINT('',#3078);
#3078 = CARTESIAN_POINT('',(-0.5,-1.E-01,4.05));
#3079 = LINE('',#3080,#3081);
#3080 = CARTESIAN_POINT('',(-0.5,0.4625,4.05));
#3081 = VECTOR('',#3082,1.);
#3082 = DIRECTION('',(0.,1.,0.));
#3083 = ORIENTED_EDGE('',*,*,#3084,.F.);
#3084 = EDGE_CURVE('',#3085,#3077,#3087,.T.);
#3085 = VERTEX_POINT('',#3086);
#3086 = CARTESIAN_POINT('',(-0.3,-1.E-01,4.05));
#3087 = LINE('',#3088,#3089);
#3088 = CARTESIAN_POINT('',(-0.3,-1.E-01,4.05));
#3089 = VECTOR('',#3090,1.);
#3090 = DIRECTION('',(-1.,0.,0.));
#3091 = ORIENTED_EDGE('',*,*,#3092,.F.);
#3092 = EDGE_CURVE('',#3054,#3085,#3093,.T.);
#3093 = LINE('',#3094,#3095);
#3094 = CARTESIAN_POINT('',(-0.3,1.95,4.05));
#3095 = VECTOR('',#3096,1.);
#3096 = DIRECTION('',(0.,-1.,0.));
#3097 = ORIENTED_EDGE('',*,*,#3053,.F.);
#3098 = PLANE('',#3099);
#3099 = AXIS2_PLACEMENT_3D('',#3100,#3101,#3102);
#3100 = CARTESIAN_POINT('',(0.,0.,4.05));
#3101 = DIRECTION('',(0.,0.,1.));
#3102 = DIRECTION('',(1.,0.,-0.));
#3103 = ADVANCED_FACE('',(#3104),#3124,.T.);
#3104 = FACE_BOUND('',#3105,.T.);
#3105 = EDGE_LOOP('',(#3106,#3107,#3115,#3121,#3122,#3123));
#3106 = ORIENTED_EDGE('',*,*,#3092,.T.);
#3107 = ORIENTED_EDGE('',*,*,#3108,.T.);
#3108 = EDGE_CURVE('',#3085,#3109,#3111,.T.);
#3109 = VERTEX_POINT('',#3110);
#3110 = CARTESIAN_POINT('',(-0.3,-0.1,1.85));
#3111 = LINE('',#3112,#3113);
#3112 = CARTESIAN_POINT('',(-0.3,-1.E-01,4.05));
#3113 = VECTOR('',#3114,1.);
#3114 = DIRECTION('',(0.,-8.008311501313E-17,-1.));
#3115 = ORIENTED_EDGE('',*,*,#3116,.T.);
#3116 = EDGE_CURVE('',#3109,#2993,#3117,.T.);
#3117 = LINE('',#3118,#3119);
#3118 = CARTESIAN_POINT('',(-0.3,0.6,1.85));
#3119 = VECTOR('',#3120,1.);
#3120 = DIRECTION('',(0.,1.,0.));
#3121 = ORIENTED_EDGE('',*,*,#2992,.T.);
#3122 = ORIENTED_EDGE('',*,*,#3030,.T.);
#3123 = ORIENTED_EDGE('',*,*,#3061,.T.);
#3124 = PLANE('',#3125);
#3125 = AXIS2_PLACEMENT_3D('',#3126,#3127,#3128);
#3126 = CARTESIAN_POINT('',(-0.3,1.95,4.05));
#3127 = DIRECTION('',(1.,0.,0.));
#3128 = DIRECTION('',(0.,0.,-1.));
#3129 = ADVANCED_FACE('',(#3130),#3148,.F.);
#3130 = FACE_BOUND('',#3131,.T.);
#3131 = EDGE_LOOP('',(#3132,#3140,#3146,#3147));
#3132 = ORIENTED_EDGE('',*,*,#3133,.T.);
#3133 = EDGE_CURVE('',#3077,#3134,#3136,.T.);
#3134 = VERTEX_POINT('',#3135);
#3135 = CARTESIAN_POINT('',(-0.5,-0.1,1.85));
#3136 = LINE('',#3137,#3138);
#3137 = CARTESIAN_POINT('',(-0.5,-1.E-01,4.05));
#3138 = VECTOR('',#3139,1.);
#3139 = DIRECTION('',(0.,-8.008311501313E-17,-1.));
#3140 = ORIENTED_EDGE('',*,*,#3141,.F.);
#3141 = EDGE_CURVE('',#3109,#3134,#3142,.T.);
#3142 = LINE('',#3143,#3144);
#3143 = CARTESIAN_POINT('',(-0.3,-0.1,1.85));
#3144 = VECTOR('',#3145,1.);
#3145 = DIRECTION('',(-1.,0.,0.));
#3146 = ORIENTED_EDGE('',*,*,#3108,.F.);
#3147 = ORIENTED_EDGE('',*,*,#3084,.T.);
#3148 = PLANE('',#3149);
#3149 = AXIS2_PLACEMENT_3D('',#3150,#3151,#3152);
#3150 = CARTESIAN_POINT('',(-0.3,-1.E-01,4.05));
#3151 = DIRECTION('',(0.,1.,-8.008311501313E-17));
#3152 = DIRECTION('',(0.,8.008311501313E-17,1.));
#3153 = ADVANCED_FACE('',(#3154),#3167,.F.);
#3154 = FACE_BOUND('',#3155,.T.);
#3155 = EDGE_LOOP('',(#3156,#3157,#3158,#3159,#3160,#3166));
#3156 = ORIENTED_EDGE('',*,*,#3076,.T.);
#3157 = ORIENTED_EDGE('',*,*,#3045,.T.);
#3158 = ORIENTED_EDGE('',*,*,#3014,.T.);
#3159 = ORIENTED_EDGE('',*,*,#2974,.T.);
#3160 = ORIENTED_EDGE('',*,*,#3161,.F.);
#3161 = EDGE_CURVE('',#3134,#2977,#3162,.T.);
#3162 = LINE('',#3163,#3164);
#3163 = CARTESIAN_POINT('',(-0.5,0.6,1.85));
#3164 = VECTOR('',#3165,1.);
#3165 = DIRECTION('',(0.,1.,0.));
#3166 = ORIENTED_EDGE('',*,*,#3133,.F.);
#3167 = PLANE('',#3168);
#3168 = AXIS2_PLACEMENT_3D('',#3169,#3170,#3171);
#3169 = CARTESIAN_POINT('',(-0.5,1.95,4.05));
#3170 = DIRECTION('',(1.,0.,0.));
#3171 = DIRECTION('',(0.,0.,-1.));
#3172 = ADVANCED_FACE('',(#3173),#3179,.F.);
#3173 = FACE_BOUND('',#3174,.T.);
#3174 = EDGE_LOOP('',(#3175,#3176,#3177,#3178));
#3175 = ORIENTED_EDGE('',*,*,#3161,.T.);
#3176 = ORIENTED_EDGE('',*,*,#3000,.F.);
#3177 = ORIENTED_EDGE('',*,*,#3116,.F.);
#3178 = ORIENTED_EDGE('',*,*,#3141,.T.);
#3179 = PLANE('',#3180);
#3180 = AXIS2_PLACEMENT_3D('',#3181,#3182,#3183);
#3181 = CARTESIAN_POINT('',(-0.3,0.6,1.85));
#3182 = DIRECTION('',(0.,0.,1.));
#3183 = DIRECTION('',(1.,0.,-0.));
#3184 = ( GEOMETRIC_REPRESENTATION_CONTEXT(3) 
GLOBAL_UNCERTAINTY_ASSIGNED_CONTEXT((#3188)) 
GLOBAL_UNIT_ASSIGNED_CONTEXT((#3185,#3186,#3187)) REPRESENTATION_CONTEXT
('Context #1','3D Context with UNIT and UNCERTAINTY') );
#3185 = ( LENGTH_UNIT() NAMED_UNIT(*) SI_UNIT(.MILLI.,.METRE.) );
#3186 = ( NAMED_UNIT(*) PLANE_ANGLE_UNIT() SI_UNIT($,.RADIAN.) );
#3187 = ( NAMED_UNIT(*) SI_UNIT($,.STERADIAN.) SOLID_ANGLE_UNIT() );
#3188 = UNCERTAINTY_MEASURE_WITH_UNIT(LENGTH_MEASURE(1.E-07),#3185,
  'distance_accuracy_value','confusion accuracy');
#3189 = SHAPE_DEFINITION_REPRESENTATION(#3190,#2967);
#3190 = PRODUCT_DEFINITION_SHAPE('','',#3191);
#3191 = PRODUCT_DEFINITION('design','',#3192,#3195);
#3192 = PRODUCT_DEFINITION_FORMATION('','',#3193);
#3193 = PRODUCT('1','1','',(#3194));
#3194 = PRODUCT_CONTEXT('',#2,'mechanical');
#3195 = PRODUCT_DEFINITION_CONTEXT('part definition',#2,'design');
#3196 = CONTEXT_DEPENDENT_SHAPE_REPRESENTATION(#3197,#3199);
#3197 = ( REPRESENTATION_RELATIONSHIP('','',#2967,#2937) 
REPRESENTATION_RELATIONSHIP_WITH_TRANSFORMATION(#3198) 
SHAPE_REPRESENTATION_RELATIONSHIP() );
#3198 = ITEM_DEFINED_TRANSFORMATION('','',#11,#2938);
#3199 = PRODUCT_DEFINITION_SHAPE('Placement','Placement of an item',
  #3200);
#3200 = NEXT_ASSEMBLY_USAGE_OCCURRENCE('13','1:1','',#2932,#3191,$);
#3201 = PRODUCT_RELATED_PRODUCT_CATEGORY('part',$,(#3193));
#3202 = ADVANCED_BREP_SHAPE_REPRESENTATION('',(#11,#3203),#3419);
#3203 = MANIFOLD_SOLID_BREP('',#3204);
#3204 = CLOSED_SHELL('',(#3205,#3245,#3276,#3307,#3338,#3364,#3390,#3407
    ));
#3205 = ADVANCED_FACE('',(#3206),#3240,.T.);
#3206 = FACE_BOUND('',#3207,.T.);
#3207 = EDGE_LOOP('',(#3208,#3218,#3226,#3234));
#3208 = ORIENTED_EDGE('',*,*,#3209,.F.);
#3209 = EDGE_CURVE('',#3210,#3212,#3214,.T.);
#3210 = VERTEX_POINT('',#3211);
#3211 = CARTESIAN_POINT('',(-5.25,1.95,3.4));
#3212 = VERTEX_POINT('',#3213);
#3213 = CARTESIAN_POINT('',(-5.25,1.95,4.05));
#3214 = LINE('',#3215,#3216);
#3215 = CARTESIAN_POINT('',(-5.25,1.95,3.175));
#3216 = VECTOR('',#3217,1.);
#3217 = DIRECTION('',(0.,0.,1.));
#3218 = ORIENTED_EDGE('',*,*,#3219,.F.);
#3219 = EDGE_CURVE('',#3220,#3210,#3222,.T.);
#3220 = VERTEX_POINT('',#3221);
#3221 = CARTESIAN_POINT('',(-5.45,1.95,3.4));
#3222 = LINE('',#3223,#3224);
#3223 = CARTESIAN_POINT('',(-5.45,1.95,3.4));
#3224 = VECTOR('',#3225,1.);
#3225 = DIRECTION('',(1.,0.,0.));
#3226 = ORIENTED_EDGE('',*,*,#3227,.T.);
#3227 = EDGE_CURVE('',#3220,#3228,#3230,.T.);
#3228 = VERTEX_POINT('',#3229);
#3229 = CARTESIAN_POINT('',(-5.45,1.95,4.05));
#3230 = LINE('',#3231,#3232);
#3231 = CARTESIAN_POINT('',(-5.45,1.95,4.05));
#3232 = VECTOR('',#3233,1.);
#3233 = DIRECTION('',(0.,0.,1.));
#3234 = ORIENTED_EDGE('',*,*,#3235,.T.);
#3235 = EDGE_CURVE('',#3228,#3212,#3236,.T.);
#3236 = LINE('',#3237,#3238);
#3237 = CARTESIAN_POINT('',(-2.725,1.95,4.05));
#3238 = VECTOR('',#3239,1.);
#3239 = DIRECTION('',(1.,0.,0.));
#3240 = PLANE('',#3241);
#3241 = AXIS2_PLACEMENT_3D('',#3242,#3243,#3244);
#3242 = CARTESIAN_POINT('',(-5.45,1.95,3.4));
#3243 = DIRECTION('',(0.,1.,0.));
#3244 = DIRECTION('',(0.,-0.,1.));
#3245 = ADVANCED_FACE('',(#3246),#3271,.T.);
#3246 = FACE_BOUND('',#3247,.T.);
#3247 = EDGE_LOOP('',(#3248,#3256,#3264,#3270));
#3248 = ORIENTED_EDGE('',*,*,#3249,.F.);
#3249 = EDGE_CURVE('',#3250,#3210,#3252,.T.);
#3250 = VERTEX_POINT('',#3251);
#3251 = CARTESIAN_POINT('',(-5.25,0.6,3.4));
#3252 = LINE('',#3253,#3254);
#3253 = CARTESIAN_POINT('',(-5.25,0.7625,3.4));
#3254 = VECTOR('',#3255,1.);
#3255 = DIRECTION('',(0.,1.,0.));
#3256 = ORIENTED_EDGE('',*,*,#3257,.F.);
#3257 = EDGE_CURVE('',#3258,#3250,#3260,.T.);
#3258 = VERTEX_POINT('',#3259);
#3259 = CARTESIAN_POINT('',(-5.45,0.6,3.4));
#3260 = LINE('',#3261,#3262);
#3261 = CARTESIAN_POINT('',(-5.45,0.6,3.4));
#3262 = VECTOR('',#3263,1.);
#3263 = DIRECTION('',(1.,0.,0.));
#3264 = ORIENTED_EDGE('',*,*,#3265,.T.);
#3265 = EDGE_CURVE('',#3258,#3220,#3266,.T.);
#3266 = LINE('',#3267,#3268);
#3267 = CARTESIAN_POINT('',(-5.45,1.95,3.4));
#3268 = VECTOR('',#3269,1.);
#3269 = DIRECTION('',(0.,1.,0.));
#3270 = ORIENTED_EDGE('',*,*,#3219,.T.);
#3271 = PLANE('',#3272);
#3272 = AXIS2_PLACEMENT_3D('',#3273,#3274,#3275);
#3273 = CARTESIAN_POINT('',(-5.45,0.6,3.4));
#3274 = DIRECTION('',(0.,0.,-1.));
#3275 = DIRECTION('',(0.,1.,0.));
#3276 = ADVANCED_FACE('',(#3277),#3302,.T.);
#3277 = FACE_BOUND('',#3278,.T.);
#3278 = EDGE_LOOP('',(#3279,#3287,#3295,#3301));
#3279 = ORIENTED_EDGE('',*,*,#3280,.F.);
#3280 = EDGE_CURVE('',#3281,#3250,#3283,.T.);
#3281 = VERTEX_POINT('',#3282);
#3282 = CARTESIAN_POINT('',(-5.25,0.6,1.85));
#3283 = LINE('',#3284,#3285);
#3284 = CARTESIAN_POINT('',(-5.25,0.6,2.4));
#3285 = VECTOR('',#3286,1.);
#3286 = DIRECTION('',(0.,-1.790682297783E-16,1.));
#3287 = ORIENTED_EDGE('',*,*,#3288,.F.);
#3288 = EDGE_CURVE('',#3289,#3281,#3291,.T.);
#3289 = VERTEX_POINT('',#3290);
#3290 = CARTESIAN_POINT('',(-5.45,0.6,1.85));
#3291 = LINE('',#3292,#3293);
#3292 = CARTESIAN_POINT('',(-5.45,0.6,1.85));
#3293 = VECTOR('',#3294,1.);
#3294 = DIRECTION('',(1.,0.,0.));
#3295 = ORIENTED_EDGE('',*,*,#3296,.T.);
#3296 = EDGE_CURVE('',#3289,#3258,#3297,.T.);
#3297 = LINE('',#3298,#3299);
#3298 = CARTESIAN_POINT('',(-5.45,0.6,3.4));
#3299 = VECTOR('',#3300,1.);
#3300 = DIRECTION('',(0.,-1.398970545143E-16,1.));
#3301 = ORIENTED_EDGE('',*,*,#3257,.T.);
#3302 = PLANE('',#3303);
#3303 = AXIS2_PLACEMENT_3D('',#3304,#3305,#3306);
#3304 = CARTESIAN_POINT('',(-5.45,0.6,1.85));
#3305 = DIRECTION('',(0.,1.,1.790682297783E-16));
#3306 = DIRECTION('',(0.,-1.790682297783E-16,1.));
#3307 = ADVANCED_FACE('',(#3308),#3333,.T.);
#3308 = FACE_BOUND('',#3309,.T.);
#3309 = EDGE_LOOP('',(#3310,#3311,#3319,#3327));
#3310 = ORIENTED_EDGE('',*,*,#3235,.F.);
#3311 = ORIENTED_EDGE('',*,*,#3312,.T.);
#3312 = EDGE_CURVE('',#3228,#3313,#3315,.T.);
#3313 = VERTEX_POINT('',#3314);
#3314 = CARTESIAN_POINT('',(-5.45,-1.E-01,4.05));
#3315 = LINE('',#3316,#3317);
#3316 = CARTESIAN_POINT('',(-5.45,1.95,4.05));
#3317 = VECTOR('',#3318,1.);
#3318 = DIRECTION('',(0.,-1.,0.));
#3319 = ORIENTED_EDGE('',*,*,#3320,.T.);
#3320 = EDGE_CURVE('',#3313,#3321,#3323,.T.);
#3321 = VERTEX_POINT('',#3322);
#3322 = CARTESIAN_POINT('',(-5.25,-1.E-01,4.05));
#3323 = LINE('',#3324,#3325);
#3324 = CARTESIAN_POINT('',(-5.45,-1.E-01,4.05));
#3325 = VECTOR('',#3326,1.);
#3326 = DIRECTION('',(1.,0.,0.));
#3327 = ORIENTED_EDGE('',*,*,#3328,.F.);
#3328 = EDGE_CURVE('',#3212,#3321,#3329,.T.);
#3329 = LINE('',#3330,#3331);
#3330 = CARTESIAN_POINT('',(-5.25,1.95,4.05));
#3331 = VECTOR('',#3332,1.);
#3332 = DIRECTION('',(0.,-1.,0.));
#3333 = PLANE('',#3334);
#3334 = AXIS2_PLACEMENT_3D('',#3335,#3336,#3337);
#3335 = CARTESIAN_POINT('',(0.,0.,4.05));
#3336 = DIRECTION('',(0.,0.,1.));
#3337 = DIRECTION('',(1.,0.,-0.));
#3338 = ADVANCED_FACE('',(#3339),#3359,.F.);
#3339 = FACE_BOUND('',#3340,.T.);
#3340 = EDGE_LOOP('',(#3341,#3349,#3350,#3351,#3352,#3353));
#3341 = ORIENTED_EDGE('',*,*,#3342,.T.);
#3342 = EDGE_CURVE('',#3343,#3281,#3345,.T.);
#3343 = VERTEX_POINT('',#3344);
#3344 = CARTESIAN_POINT('',(-5.25,-0.1,1.85));
#3345 = LINE('',#3346,#3347);
#3346 = CARTESIAN_POINT('',(-5.25,0.6,1.85));
#3347 = VECTOR('',#3348,1.);
#3348 = DIRECTION('',(0.,1.,0.));
#3349 = ORIENTED_EDGE('',*,*,#3280,.T.);
#3350 = ORIENTED_EDGE('',*,*,#3249,.T.);
#3351 = ORIENTED_EDGE('',*,*,#3209,.T.);
#3352 = ORIENTED_EDGE('',*,*,#3328,.T.);
#3353 = ORIENTED_EDGE('',*,*,#3354,.T.);
#3354 = EDGE_CURVE('',#3321,#3343,#3355,.T.);
#3355 = LINE('',#3356,#3357);
#3356 = CARTESIAN_POINT('',(-5.25,-1.E-01,4.05));
#3357 = VECTOR('',#3358,1.);
#3358 = DIRECTION('',(0.,-8.008311501313E-17,-1.));
#3359 = PLANE('',#3360);
#3360 = AXIS2_PLACEMENT_3D('',#3361,#3362,#3363);
#3361 = CARTESIAN_POINT('',(-5.25,1.95,4.05));
#3362 = DIRECTION('',(-1.,0.,0.));
#3363 = DIRECTION('',(0.,0.,-1.));
#3364 = ADVANCED_FACE('',(#3365),#3385,.T.);
#3365 = FACE_BOUND('',#3366,.T.);
#3366 = EDGE_LOOP('',(#3367,#3368,#3369,#3370,#3371,#3379));
#3367 = ORIENTED_EDGE('',*,*,#3312,.F.);
#3368 = ORIENTED_EDGE('',*,*,#3227,.F.);
#3369 = ORIENTED_EDGE('',*,*,#3265,.F.);
#3370 = ORIENTED_EDGE('',*,*,#3296,.F.);
#3371 = ORIENTED_EDGE('',*,*,#3372,.F.);
#3372 = EDGE_CURVE('',#3373,#3289,#3375,.T.);
#3373 = VERTEX_POINT('',#3374);
#3374 = CARTESIAN_POINT('',(-5.45,-0.1,1.85));
#3375 = LINE('',#3376,#3377);
#3376 = CARTESIAN_POINT('',(-5.45,0.6,1.85));
#3377 = VECTOR('',#3378,1.);
#3378 = DIRECTION('',(0.,1.,0.));
#3379 = ORIENTED_EDGE('',*,*,#3380,.F.);
#3380 = EDGE_CURVE('',#3313,#3373,#3381,.T.);
#3381 = LINE('',#3382,#3383);
#3382 = CARTESIAN_POINT('',(-5.45,-1.E-01,4.05));
#3383 = VECTOR('',#3384,1.);
#3384 = DIRECTION('',(0.,-8.008311501313E-17,-1.));
#3385 = PLANE('',#3386);
#3386 = AXIS2_PLACEMENT_3D('',#3387,#3388,#3389);
#3387 = CARTESIAN_POINT('',(-5.45,1.95,4.05));
#3388 = DIRECTION('',(-1.,0.,0.));
#3389 = DIRECTION('',(0.,0.,-1.));
#3390 = ADVANCED_FACE('',(#3391),#3402,.T.);
#3391 = FACE_BOUND('',#3392,.T.);
#3392 = EDGE_LOOP('',(#3393,#3394,#3395,#3396));
#3393 = ORIENTED_EDGE('',*,*,#3354,.F.);
#3394 = ORIENTED_EDGE('',*,*,#3320,.F.);
#3395 = ORIENTED_EDGE('',*,*,#3380,.T.);
#3396 = ORIENTED_EDGE('',*,*,#3397,.T.);
#3397 = EDGE_CURVE('',#3373,#3343,#3398,.T.);
#3398 = LINE('',#3399,#3400);
#3399 = CARTESIAN_POINT('',(-5.45,-0.1,1.85));
#3400 = VECTOR('',#3401,1.);
#3401 = DIRECTION('',(1.,0.,0.));
#3402 = PLANE('',#3403);
#3403 = AXIS2_PLACEMENT_3D('',#3404,#3405,#3406);
#3404 = CARTESIAN_POINT('',(-5.45,-1.E-01,4.05));
#3405 = DIRECTION('',(0.,-1.,8.008311501313E-17));
#3406 = DIRECTION('',(0.,-8.008311501313E-17,-1.));
#3407 = ADVANCED_FACE('',(#3408),#3414,.T.);
#3408 = FACE_BOUND('',#3409,.T.);
#3409 = EDGE_LOOP('',(#3410,#3411,#3412,#3413));
#3410 = ORIENTED_EDGE('',*,*,#3342,.F.);
#3411 = ORIENTED_EDGE('',*,*,#3397,.F.);
#3412 = ORIENTED_EDGE('',*,*,#3372,.T.);
#3413 = ORIENTED_EDGE('',*,*,#3288,.T.);
#3414 = PLANE('',#3415);
#3415 = AXIS2_PLACEMENT_3D('',#3416,#3417,#3418);
#3416 = CARTESIAN_POINT('',(-5.45,0.6,1.85));
#3417 = DIRECTION('',(0.,0.,-1.));
#3418 = DIRECTION('',(-1.,0.,0.));
#3419 = ( GEOMETRIC_REPRESENTATION_CONTEXT(3) 
GLOBAL_UNCERTAINTY_ASSIGNED_CONTEXT((#3423)) 
GLOBAL_UNIT_ASSIGNED_CONTEXT((#3420,#3421,#3422)) REPRESENTATION_CONTEXT
('Context #1','3D Context with UNIT and UNCERTAINTY') );
#3420 = ( LENGTH_UNIT() NAMED_UNIT(*) SI_UNIT(.MILLI.,.METRE.) );
#3421 = ( NAMED_UNIT(*) PLANE_ANGLE_UNIT() SI_UNIT($,.RADIAN.) );
#3422 = ( NAMED_UNIT(*) SI_UNIT($,.STERADIAN.) SOLID_ANGLE_UNIT() );
#3423 = UNCERTAINTY_MEASURE_WITH_UNIT(LENGTH_MEASURE(1.E-07),#3420,
  'distance_accuracy_value','confusion accuracy');
#3424 = SHAPE_DEFINITION_REPRESENTATION(#3425,#3202);
#3425 = PRODUCT_DEFINITION_SHAPE('','',#3426);
#3426 = PRODUCT_DEFINITION('design','',#3427,#3430);
#3427 = PRODUCT_DEFINITION_FORMATION('','',#3428);
#3428 = PRODUCT('2','2','',(#3429));
#3429 = PRODUCT_CONTEXT('',#2,'mechanical');
#3430 = PRODUCT_DEFINITION_CONTEXT('part definition',#2,'design');
#3431 = CONTEXT_DEPENDENT_SHAPE_REPRESENTATION(#3432,#3434);
#3432 = ( REPRESENTATION_RELATIONSHIP('','',#3202,#2937) 
REPRESENTATION_RELATIONSHIP_WITH_TRANSFORMATION(#3433) 
SHAPE_REPRESENTATION_RELATIONSHIP() );
#3433 = ITEM_DEFINED_TRANSFORMATION('','',#11,#2942);
#3434 = PRODUCT_DEFINITION_SHAPE('Placement','Placement of an item',
  #3435);
#3435 = NEXT_ASSEMBLY_USAGE_OCCURRENCE('14','2:1','',#2932,#3426,$);
#3436 = PRODUCT_RELATED_PRODUCT_CATEGORY('part',$,(#3428));
#3437 = SHAPE_REPRESENTATION('',(#11,#3438,#3687),#3936);
#3438 = MANIFOLD_SOLID_BREP('',#3439);
#3439 = CLOSED_SHELL('',(#3440,#3480,#3511,#3542,#3583,#3624,#3641,#3658
    ,#3675));
#3440 = ADVANCED_FACE('',(#3441),#3475,.T.);
#3441 = FACE_BOUND('',#3442,.T.);
#3442 = EDGE_LOOP('',(#3443,#3453,#3461,#3469));
#3443 = ORIENTED_EDGE('',*,*,#3444,.F.);
#3444 = EDGE_CURVE('',#3445,#3447,#3449,.T.);
#3445 = VERTEX_POINT('',#3446);
#3446 = CARTESIAN_POINT('',(-2.35,0.2,0.5));
#3447 = VERTEX_POINT('',#3448);
#3448 = CARTESIAN_POINT('',(-2.35,0.95,0.5));
#3449 = LINE('',#3450,#3451);
#3450 = CARTESIAN_POINT('',(-2.35,0.95,0.5));
#3451 = VECTOR('',#3452,1.);
#3452 = DIRECTION('',(0.,1.,1.032573497605E-16));
#3453 = ORIENTED_EDGE('',*,*,#3454,.F.);
#3454 = EDGE_CURVE('',#3455,#3445,#3457,.T.);
#3455 = VERTEX_POINT('',#3456);
#3456 = CARTESIAN_POINT('',(-2.15,0.2,0.5));
#3457 = LINE('',#3458,#3459);
#3458 = CARTESIAN_POINT('',(-5.75,0.2,0.5));
#3459 = VECTOR('',#3460,1.);
#3460 = DIRECTION('',(-1.,0.,0.));
#3461 = ORIENTED_EDGE('',*,*,#3462,.F.);
#3462 = EDGE_CURVE('',#3463,#3455,#3465,.T.);
#3463 = VERTEX_POINT('',#3464);
#3464 = CARTESIAN_POINT('',(-2.15,0.95,0.5));
#3465 = LINE('',#3466,#3467);
#3466 = CARTESIAN_POINT('',(-2.15,0.95,0.5));
#3467 = VECTOR('',#3468,1.);
#3468 = DIRECTION('',(0.,-1.,-1.032573497605E-16));
#3469 = ORIENTED_EDGE('',*,*,#3470,.F.);
#3470 = EDGE_CURVE('',#3447,#3463,#3471,.T.);
#3471 = LINE('',#3472,#3473);
#3472 = CARTESIAN_POINT('',(-3.6,0.95,0.5));
#3473 = VECTOR('',#3474,1.);
#3474 = DIRECTION('',(1.,0.,0.));
#3475 = PLANE('',#3476);
#3476 = AXIS2_PLACEMENT_3D('',#3477,#3478,#3479);
#3477 = CARTESIAN_POINT('',(-3.6,0.2,0.5));
#3478 = DIRECTION('',(0.,-1.850371707709E-16,1.));
#3479 = DIRECTION('',(0.,1.,1.850371707709E-16));
#3480 = ADVANCED_FACE('',(#3481),#3506,.T.);
#3481 = FACE_BOUND('',#3482,.T.);
#3482 = EDGE_LOOP('',(#3483,#3491,#3492,#3500));
#3483 = ORIENTED_EDGE('',*,*,#3484,.F.);
#3484 = EDGE_CURVE('',#3447,#3485,#3487,.T.);
#3485 = VERTEX_POINT('',#3486);
#3486 = CARTESIAN_POINT('',(-2.35,0.95,0.1));
#3487 = LINE('',#3488,#3489);
#3488 = CARTESIAN_POINT('',(-2.35,0.95,0.));
#3489 = VECTOR('',#3490,1.);
#3490 = DIRECTION('',(0.,2.168404344971E-16,-1.));
#3491 = ORIENTED_EDGE('',*,*,#3470,.T.);
#3492 = ORIENTED_EDGE('',*,*,#3493,.F.);
#3493 = EDGE_CURVE('',#3494,#3463,#3496,.T.);
#3494 = VERTEX_POINT('',#3495);
#3495 = CARTESIAN_POINT('',(-2.15,0.95,0.1));
#3496 = LINE('',#3497,#3498);
#3497 = CARTESIAN_POINT('',(-2.15,0.95,0.));
#3498 = VECTOR('',#3499,1.);
#3499 = DIRECTION('',(0.,-2.168404344971E-16,1.));
#3500 = ORIENTED_EDGE('',*,*,#3501,.F.);
#3501 = EDGE_CURVE('',#3485,#3494,#3502,.T.);
#3502 = LINE('',#3503,#3504);
#3503 = CARTESIAN_POINT('',(-2.15,0.95,0.1));
#3504 = VECTOR('',#3505,1.);
#3505 = DIRECTION('',(1.,0.,0.));
#3506 = PLANE('',#3507);
#3507 = AXIS2_PLACEMENT_3D('',#3508,#3509,#3510);
#3508 = CARTESIAN_POINT('',(-3.6,0.95,0.5));
#3509 = DIRECTION('',(0.,1.,1.850371707709E-16));
#3510 = DIRECTION('',(0.,1.850371707709E-16,-1.));
#3511 = ADVANCED_FACE('',(#3512),#3537,.T.);
#3512 = FACE_BOUND('',#3513,.T.);
#3513 = EDGE_LOOP('',(#3514,#3522,#3530,#3536));
#3514 = ORIENTED_EDGE('',*,*,#3515,.T.);
#3515 = EDGE_CURVE('',#3494,#3516,#3518,.T.);
#3516 = VERTEX_POINT('',#3517);
#3517 = CARTESIAN_POINT('',(-2.15,0.2,0.1));
#3518 = LINE('',#3519,#3520);
#3519 = CARTESIAN_POINT('',(-2.15,0.95,0.1));
#3520 = VECTOR('',#3521,1.);
#3521 = DIRECTION('',(0.,-1.,-1.445602896647E-16));
#3522 = ORIENTED_EDGE('',*,*,#3523,.T.);
#3523 = EDGE_CURVE('',#3516,#3524,#3526,.T.);
#3524 = VERTEX_POINT('',#3525);
#3525 = CARTESIAN_POINT('',(-2.35,0.2,0.1));
#3526 = LINE('',#3527,#3528);
#3527 = CARTESIAN_POINT('',(-2.15,0.2,0.1));
#3528 = VECTOR('',#3529,1.);
#3529 = DIRECTION('',(-1.,2.710505431214E-16,0.));
#3530 = ORIENTED_EDGE('',*,*,#3531,.T.);
#3531 = EDGE_CURVE('',#3524,#3485,#3532,.T.);
#3532 = LINE('',#3533,#3534);
#3533 = CARTESIAN_POINT('',(-2.35,0.95,0.1));
#3534 = VECTOR('',#3535,1.);
#3535 = DIRECTION('',(5.782411586589E-16,1.,1.445602896647E-16));
#3536 = ORIENTED_EDGE('',*,*,#3501,.T.);
#3537 = PLANE('',#3538);
#3538 = AXIS2_PLACEMENT_3D('',#3539,#3540,#3541);
#3539 = CARTESIAN_POINT('',(-2.15,0.95,0.1));
#3540 = DIRECTION('',(0.,1.445602896647E-16,-1.));
#3541 = DIRECTION('',(0.,1.,1.445602896647E-16));
#3542 = ADVANCED_FACE('',(#3543),#3578,.F.);
#3543 = FACE_BOUND('',#3544,.T.);
#3544 = EDGE_LOOP('',(#3545,#3546,#3554,#3562,#3570,#3576,#3577));
#3545 = ORIENTED_EDGE('',*,*,#3462,.T.);
#3546 = ORIENTED_EDGE('',*,*,#3547,.T.);
#3547 = EDGE_CURVE('',#3455,#3548,#3550,.T.);
#3548 = VERTEX_POINT('',#3549);
#3549 = CARTESIAN_POINT('',(-2.15,-0.1,0.2));
#3550 = LINE('',#3551,#3552);
#3551 = CARTESIAN_POINT('',(-2.15,-0.1,0.2));
#3552 = VECTOR('',#3553,1.);
#3553 = DIRECTION('',(0.,-0.707106781187,-0.707106781187));
#3554 = ORIENTED_EDGE('',*,*,#3555,.F.);
#3555 = EDGE_CURVE('',#3556,#3548,#3558,.T.);
#3556 = VERTEX_POINT('',#3557);
#3557 = CARTESIAN_POINT('',(-2.15,-1.E-01,-0.8));
#3558 = LINE('',#3559,#3560);
#3559 = CARTESIAN_POINT('',(-2.15,-1.E-01,-0.8));
#3560 = VECTOR('',#3561,1.);
#3561 = DIRECTION('',(0.,-1.445602896647E-16,1.));
#3562 = ORIENTED_EDGE('',*,*,#3563,.F.);
#3563 = EDGE_CURVE('',#3564,#3556,#3566,.T.);
#3564 = VERTEX_POINT('',#3565);
#3565 = CARTESIAN_POINT('',(-2.15,0.2,-0.8));
#3566 = LINE('',#3567,#3568);
#3567 = CARTESIAN_POINT('',(-2.15,0.95,-0.8));
#3568 = VECTOR('',#3569,1.);
#3569 = DIRECTION('',(0.,-1.,-1.032573497605E-16));
#3570 = ORIENTED_EDGE('',*,*,#3571,.F.);
#3571 = EDGE_CURVE('',#3516,#3564,#3572,.T.);
#3572 = LINE('',#3573,#3574);
#3573 = CARTESIAN_POINT('',(-2.15,0.2,0.1));
#3574 = VECTOR('',#3575,1.);
#3575 = DIRECTION('',(0.,1.032573497605E-16,-1.));
#3576 = ORIENTED_EDGE('',*,*,#3515,.F.);
#3577 = ORIENTED_EDGE('',*,*,#3493,.T.);
#3578 = PLANE('',#3579);
#3579 = AXIS2_PLACEMENT_3D('',#3580,#3581,#3582);
#3580 = CARTESIAN_POINT('',(-2.15,0.95,-0.8));
#3581 = DIRECTION('',(-1.,0.,0.));
#3582 = DIRECTION('',(0.,0.,1.));
#3583 = ADVANCED_FACE('',(#3584),#3619,.F.);
#3584 = FACE_BOUND('',#3585,.T.);
#3585 = EDGE_LOOP('',(#3586,#3596,#3602,#3603,#3604,#3605,#3613));
#3586 = ORIENTED_EDGE('',*,*,#3587,.T.);
#3587 = EDGE_CURVE('',#3588,#3590,#3592,.T.);
#3588 = VERTEX_POINT('',#3589);
#3589 = CARTESIAN_POINT('',(-2.35,-1.E-01,-0.8));
#3590 = VERTEX_POINT('',#3591);
#3591 = CARTESIAN_POINT('',(-2.35,-0.1,0.2));
#3592 = LINE('',#3593,#3594);
#3593 = CARTESIAN_POINT('',(-2.35,-1.E-01,-0.8));
#3594 = VECTOR('',#3595,1.);
#3595 = DIRECTION('',(0.,-1.445602896647E-16,1.));
#3596 = ORIENTED_EDGE('',*,*,#3597,.T.);
#3597 = EDGE_CURVE('',#3590,#3445,#3598,.T.);
#3598 = LINE('',#3599,#3600);
#3599 = CARTESIAN_POINT('',(-2.35,-0.1,0.2));
#3600 = VECTOR('',#3601,1.);
#3601 = DIRECTION('',(0.,0.707106781187,0.707106781187));
#3602 = ORIENTED_EDGE('',*,*,#3444,.T.);
#3603 = ORIENTED_EDGE('',*,*,#3484,.T.);
#3604 = ORIENTED_EDGE('',*,*,#3531,.F.);
#3605 = ORIENTED_EDGE('',*,*,#3606,.T.);
#3606 = EDGE_CURVE('',#3524,#3607,#3609,.T.);
#3607 = VERTEX_POINT('',#3608);
#3608 = CARTESIAN_POINT('',(-2.35,0.2,-0.8));
#3609 = LINE('',#3610,#3611);
#3610 = CARTESIAN_POINT('',(-2.35,0.2,0.1));
#3611 = VECTOR('',#3612,1.);
#3612 = DIRECTION('',(0.,1.032573497605E-16,-1.));
#3613 = ORIENTED_EDGE('',*,*,#3614,.F.);
#3614 = EDGE_CURVE('',#3588,#3607,#3615,.T.);
#3615 = LINE('',#3616,#3617);
#3616 = CARTESIAN_POINT('',(-2.35,0.95,-0.8));
#3617 = VECTOR('',#3618,1.);
#3618 = DIRECTION('',(0.,1.,1.032573497605E-16));
#3619 = PLANE('',#3620);
#3620 = AXIS2_PLACEMENT_3D('',#3621,#3622,#3623);
#3621 = CARTESIAN_POINT('',(-2.35,0.95,-0.8));
#3622 = DIRECTION('',(1.,0.,0.));
#3623 = DIRECTION('',(0.,0.,-1.));
#3624 = ADVANCED_FACE('',(#3625),#3636,.F.);
#3625 = FACE_BOUND('',#3626,.T.);
#3626 = EDGE_LOOP('',(#3627,#3628,#3629,#3630));
#3627 = ORIENTED_EDGE('',*,*,#3547,.F.);
#3628 = ORIENTED_EDGE('',*,*,#3454,.T.);
#3629 = ORIENTED_EDGE('',*,*,#3597,.F.);
#3630 = ORIENTED_EDGE('',*,*,#3631,.F.);
#3631 = EDGE_CURVE('',#3548,#3590,#3632,.T.);
#3632 = LINE('',#3633,#3634);
#3633 = CARTESIAN_POINT('',(-2.15,-0.1,0.2));
#3634 = VECTOR('',#3635,1.);
#3635 = DIRECTION('',(-1.,0.,0.));
#3636 = PLANE('',#3637);
#3637 = AXIS2_PLACEMENT_3D('',#3638,#3639,#3640);
#3638 = CARTESIAN_POINT('',(-2.15,-0.1,0.2));
#3639 = DIRECTION('',(0.,0.707106781187,-0.707106781187));
#3640 = DIRECTION('',(0.,0.707106781187,0.707106781187));
#3641 = ADVANCED_FACE('',(#3642),#3653,.F.);
#3642 = FACE_BOUND('',#3643,.T.);
#3643 = EDGE_LOOP('',(#3644,#3650,#3651,#3652));
#3644 = ORIENTED_EDGE('',*,*,#3645,.T.);
#3645 = EDGE_CURVE('',#3564,#3607,#3646,.T.);
#3646 = LINE('',#3647,#3648);
#3647 = CARTESIAN_POINT('',(-2.15,0.2,-0.8));
#3648 = VECTOR('',#3649,1.);
#3649 = DIRECTION('',(-1.,2.710505431214E-16,0.));
#3650 = ORIENTED_EDGE('',*,*,#3606,.F.);
#3651 = ORIENTED_EDGE('',*,*,#3523,.F.);
#3652 = ORIENTED_EDGE('',*,*,#3571,.T.);
#3653 = PLANE('',#3654);
#3654 = AXIS2_PLACEMENT_3D('',#3655,#3656,#3657);
#3655 = CARTESIAN_POINT('',(-2.15,0.2,0.1));
#3656 = DIRECTION('',(-2.710505431214E-16,-1.,-1.032573497605E-16));
#3657 = DIRECTION('',(1.,-2.710505431214E-16,6.717110576128E-34));
#3658 = ADVANCED_FACE('',(#3659),#3670,.F.);
#3659 = FACE_BOUND('',#3660,.T.);
#3660 = EDGE_LOOP('',(#3661,#3662,#3663,#3664));
#3661 = ORIENTED_EDGE('',*,*,#3555,.T.);
#3662 = ORIENTED_EDGE('',*,*,#3631,.T.);
#3663 = ORIENTED_EDGE('',*,*,#3587,.F.);
#3664 = ORIENTED_EDGE('',*,*,#3665,.F.);
#3665 = EDGE_CURVE('',#3556,#3588,#3666,.T.);
#3666 = LINE('',#3667,#3668);
#3667 = CARTESIAN_POINT('',(-2.15,-1.E-01,-0.8));
#3668 = VECTOR('',#3669,1.);
#3669 = DIRECTION('',(-1.,0.,0.));
#3670 = PLANE('',#3671);
#3671 = AXIS2_PLACEMENT_3D('',#3672,#3673,#3674);
#3672 = CARTESIAN_POINT('',(-2.15,-1.E-01,-0.8));
#3673 = DIRECTION('',(0.,1.,1.445602896647E-16));
#3674 = DIRECTION('',(0.,-1.445602896647E-16,1.));
#3675 = ADVANCED_FACE('',(#3676),#3682,.T.);
#3676 = FACE_BOUND('',#3677,.T.);
#3677 = EDGE_LOOP('',(#3678,#3679,#3680,#3681));
#3678 = ORIENTED_EDGE('',*,*,#3645,.F.);
#3679 = ORIENTED_EDGE('',*,*,#3563,.T.);
#3680 = ORIENTED_EDGE('',*,*,#3665,.T.);
#3681 = ORIENTED_EDGE('',*,*,#3614,.T.);
#3682 = PLANE('',#3683);
#3683 = AXIS2_PLACEMENT_3D('',#3684,#3685,#3686);
#3684 = CARTESIAN_POINT('',(-2.35,-1.E-01,-0.8));
#3685 = DIRECTION('',(0.,1.032573497605E-16,-1.));
#3686 = DIRECTION('',(0.,1.,1.032573497605E-16));
#3687 = MANIFOLD_SOLID_BREP('',#3688);
#3688 = CLOSED_SHELL('',(#3689,#3729,#3760,#3791,#3822,#3856,#3890,#3907
    ,#3924));
#3689 = ADVANCED_FACE('',(#3690),#3724,.T.);
#3690 = FACE_BOUND('',#3691,.T.);
#3691 = EDGE_LOOP('',(#3692,#3702,#3710,#3718));
#3692 = ORIENTED_EDGE('',*,*,#3693,.F.);
#3693 = EDGE_CURVE('',#3694,#3696,#3698,.T.);
#3694 = VERTEX_POINT('',#3695);
#3695 = CARTESIAN_POINT('',(-3.4,0.2,-0.8));
#3696 = VERTEX_POINT('',#3697);
#3697 = CARTESIAN_POINT('',(-3.6,0.2,-0.8));
#3698 = LINE('',#3699,#3700);
#3699 = CARTESIAN_POINT('',(-3.4,0.2,-0.8));
#3700 = VECTOR('',#3701,1.);
#3701 = DIRECTION('',(-1.,2.710505431214E-16,0.));
#3702 = ORIENTED_EDGE('',*,*,#3703,.T.);
#3703 = EDGE_CURVE('',#3694,#3704,#3706,.T.);
#3704 = VERTEX_POINT('',#3705);
#3705 = CARTESIAN_POINT('',(-3.4,-0.1,-0.8));
#3706 = LINE('',#3707,#3708);
#3707 = CARTESIAN_POINT('',(-3.4,0.95,-0.8));
#3708 = VECTOR('',#3709,1.);
#3709 = DIRECTION('',(0.,-1.,-1.032573497605E-16));
#3710 = ORIENTED_EDGE('',*,*,#3711,.T.);
#3711 = EDGE_CURVE('',#3704,#3712,#3714,.T.);
#3712 = VERTEX_POINT('',#3713);
#3713 = CARTESIAN_POINT('',(-3.6,-0.1,-0.8));
#3714 = LINE('',#3715,#3716);
#3715 = CARTESIAN_POINT('',(-3.4,-0.1,-0.8));
#3716 = VECTOR('',#3717,1.);
#3717 = DIRECTION('',(-1.,0.,0.));
#3718 = ORIENTED_EDGE('',*,*,#3719,.T.);
#3719 = EDGE_CURVE('',#3712,#3696,#3720,.T.);
#3720 = LINE('',#3721,#3722);
#3721 = CARTESIAN_POINT('',(-3.6,0.95,-0.8));
#3722 = VECTOR('',#3723,1.);
#3723 = DIRECTION('',(0.,1.,1.032573497605E-16));
#3724 = PLANE('',#3725);
#3725 = AXIS2_PLACEMENT_3D('',#3726,#3727,#3728);
#3726 = CARTESIAN_POINT('',(-3.6,-0.1,-0.8));
#3727 = DIRECTION('',(0.,1.032573497605E-16,-1.));
#3728 = DIRECTION('',(0.,1.,1.032573497605E-16));
#3729 = ADVANCED_FACE('',(#3730),#3755,.F.);
#3730 = FACE_BOUND('',#3731,.T.);
#3731 = EDGE_LOOP('',(#3732,#3740,#3748,#3754));
#3732 = ORIENTED_EDGE('',*,*,#3733,.T.);
#3733 = EDGE_CURVE('',#3704,#3734,#3736,.T.);
#3734 = VERTEX_POINT('',#3735);
#3735 = CARTESIAN_POINT('',(-3.4,-0.1,0.2));
#3736 = LINE('',#3737,#3738);
#3737 = CARTESIAN_POINT('',(-3.4,-0.1,-0.8));
#3738 = VECTOR('',#3739,1.);
#3739 = DIRECTION('',(0.,-1.445602896647E-16,1.));
#3740 = ORIENTED_EDGE('',*,*,#3741,.T.);
#3741 = EDGE_CURVE('',#3734,#3742,#3744,.T.);
#3742 = VERTEX_POINT('',#3743);
#3743 = CARTESIAN_POINT('',(-3.6,-0.1,0.2));
#3744 = LINE('',#3745,#3746);
#3745 = CARTESIAN_POINT('',(-3.4,-0.1,0.2));
#3746 = VECTOR('',#3747,1.);
#3747 = DIRECTION('',(-1.,0.,0.));
#3748 = ORIENTED_EDGE('',*,*,#3749,.F.);
#3749 = EDGE_CURVE('',#3712,#3742,#3750,.T.);
#3750 = LINE('',#3751,#3752);
#3751 = CARTESIAN_POINT('',(-3.6,-0.1,-0.8));
#3752 = VECTOR('',#3753,1.);
#3753 = DIRECTION('',(0.,-1.445602896647E-16,1.));
#3754 = ORIENTED_EDGE('',*,*,#3711,.F.);
#3755 = PLANE('',#3756);
#3756 = AXIS2_PLACEMENT_3D('',#3757,#3758,#3759);
#3757 = CARTESIAN_POINT('',(-3.4,-0.1,-0.8));
#3758 = DIRECTION('',(0.,1.,1.445602896647E-16));
#3759 = DIRECTION('',(0.,-1.445602896647E-16,1.));
#3760 = ADVANCED_FACE('',(#3761),#3786,.F.);
#3761 = FACE_BOUND('',#3762,.T.);
#3762 = EDGE_LOOP('',(#3763,#3764,#3772,#3780));
#3763 = ORIENTED_EDGE('',*,*,#3693,.T.);
#3764 = ORIENTED_EDGE('',*,*,#3765,.F.);
#3765 = EDGE_CURVE('',#3766,#3696,#3768,.T.);
#3766 = VERTEX_POINT('',#3767);
#3767 = CARTESIAN_POINT('',(-3.6,0.2,0.1));
#3768 = LINE('',#3769,#3770);
#3769 = CARTESIAN_POINT('',(-3.6,0.2,0.1));
#3770 = VECTOR('',#3771,1.);
#3771 = DIRECTION('',(0.,1.032573497605E-16,-1.));
#3772 = ORIENTED_EDGE('',*,*,#3773,.F.);
#3773 = EDGE_CURVE('',#3774,#3766,#3776,.T.);
#3774 = VERTEX_POINT('',#3775);
#3775 = CARTESIAN_POINT('',(-3.4,0.2,0.1));
#3776 = LINE('',#3777,#3778);
#3777 = CARTESIAN_POINT('',(-3.4,0.2,0.1));
#3778 = VECTOR('',#3779,1.);
#3779 = DIRECTION('',(-1.,2.710505431214E-16,0.));
#3780 = ORIENTED_EDGE('',*,*,#3781,.T.);
#3781 = EDGE_CURVE('',#3774,#3694,#3782,.T.);
#3782 = LINE('',#3783,#3784);
#3783 = CARTESIAN_POINT('',(-3.4,0.2,0.1));
#3784 = VECTOR('',#3785,1.);
#3785 = DIRECTION('',(0.,1.032573497605E-16,-1.));
#3786 = PLANE('',#3787);
#3787 = AXIS2_PLACEMENT_3D('',#3788,#3789,#3790);
#3788 = CARTESIAN_POINT('',(-3.4,0.2,0.1));
#3789 = DIRECTION('',(-2.710505431214E-16,-1.,-1.032573497605E-16));
#3790 = DIRECTION('',(1.,-2.710505431214E-16,6.717110576128E-34));
#3791 = ADVANCED_FACE('',(#3792),#3817,.F.);
#3792 = FACE_BOUND('',#3793,.T.);
#3793 = EDGE_LOOP('',(#3794,#3802,#3810,#3816));
#3794 = ORIENTED_EDGE('',*,*,#3795,.F.);
#3795 = EDGE_CURVE('',#3796,#3734,#3798,.T.);
#3796 = VERTEX_POINT('',#3797);
#3797 = CARTESIAN_POINT('',(-3.4,0.2,0.5));
#3798 = LINE('',#3799,#3800);
#3799 = CARTESIAN_POINT('',(-3.4,-0.1,0.2));
#3800 = VECTOR('',#3801,1.);
#3801 = DIRECTION('',(0.,-0.707106781187,-0.707106781187));
#3802 = ORIENTED_EDGE('',*,*,#3803,.F.);
#3803 = EDGE_CURVE('',#3804,#3796,#3806,.T.);
#3804 = VERTEX_POINT('',#3805);
#3805 = CARTESIAN_POINT('',(-3.6,0.2,0.5));
#3806 = LINE('',#3807,#3808);
#3807 = CARTESIAN_POINT('',(-5.75,0.2,0.5));
#3808 = VECTOR('',#3809,1.);
#3809 = DIRECTION('',(1.,0.,0.));
#3810 = ORIENTED_EDGE('',*,*,#3811,.F.);
#3811 = EDGE_CURVE('',#3742,#3804,#3812,.T.);
#3812 = LINE('',#3813,#3814);
#3813 = CARTESIAN_POINT('',(-3.6,-0.1,0.2));
#3814 = VECTOR('',#3815,1.);
#3815 = DIRECTION('',(0.,0.707106781187,0.707106781187));
#3816 = ORIENTED_EDGE('',*,*,#3741,.F.);
#3817 = PLANE('',#3818);
#3818 = AXIS2_PLACEMENT_3D('',#3819,#3820,#3821);
#3819 = CARTESIAN_POINT('',(-3.4,-0.1,0.2));
#3820 = DIRECTION('',(0.,0.707106781187,-0.707106781187));
#3821 = DIRECTION('',(0.,0.707106781187,0.707106781187));
#3822 = ADVANCED_FACE('',(#3823),#3851,.F.);
#3823 = FACE_BOUND('',#3824,.T.);
#3824 = EDGE_LOOP('',(#3825,#3833,#3834,#3835,#3836,#3837,#3845));
#3825 = ORIENTED_EDGE('',*,*,#3826,.T.);
#3826 = EDGE_CURVE('',#3827,#3796,#3829,.T.);
#3827 = VERTEX_POINT('',#3828);
#3828 = CARTESIAN_POINT('',(-3.4,0.95,0.5));
#3829 = LINE('',#3830,#3831);
#3830 = CARTESIAN_POINT('',(-3.4,0.95,0.5));
#3831 = VECTOR('',#3832,1.);
#3832 = DIRECTION('',(0.,-1.,-1.032573497605E-16));
#3833 = ORIENTED_EDGE('',*,*,#3795,.T.);
#3834 = ORIENTED_EDGE('',*,*,#3733,.F.);
#3835 = ORIENTED_EDGE('',*,*,#3703,.F.);
#3836 = ORIENTED_EDGE('',*,*,#3781,.F.);
#3837 = ORIENTED_EDGE('',*,*,#3838,.F.);
#3838 = EDGE_CURVE('',#3839,#3774,#3841,.T.);
#3839 = VERTEX_POINT('',#3840);
#3840 = CARTESIAN_POINT('',(-3.4,0.95,0.1));
#3841 = LINE('',#3842,#3843);
#3842 = CARTESIAN_POINT('',(-3.4,0.95,0.1));
#3843 = VECTOR('',#3844,1.);
#3844 = DIRECTION('',(0.,-1.,-1.445602896647E-16));
#3845 = ORIENTED_EDGE('',*,*,#3846,.T.);
#3846 = EDGE_CURVE('',#3839,#3827,#3847,.T.);
#3847 = LINE('',#3848,#3849);
#3848 = CARTESIAN_POINT('',(-3.4,0.95,-0.8));
#3849 = VECTOR('',#3850,1.);
#3850 = DIRECTION('',(0.,-1.445602896647E-16,1.));
#3851 = PLANE('',#3852);
#3852 = AXIS2_PLACEMENT_3D('',#3853,#3854,#3855);
#3853 = CARTESIAN_POINT('',(-3.4,0.95,-0.8));
#3854 = DIRECTION('',(-1.,0.,0.));
#3855 = DIRECTION('',(0.,0.,1.));
#3856 = ADVANCED_FACE('',(#3857),#3885,.F.);
#3857 = FACE_BOUND('',#3858,.T.);
#3858 = EDGE_LOOP('',(#3859,#3860,#3861,#3869,#3877,#3883,#3884));
#3859 = ORIENTED_EDGE('',*,*,#3749,.T.);
#3860 = ORIENTED_EDGE('',*,*,#3811,.T.);
#3861 = ORIENTED_EDGE('',*,*,#3862,.T.);
#3862 = EDGE_CURVE('',#3804,#3863,#3865,.T.);
#3863 = VERTEX_POINT('',#3864);
#3864 = CARTESIAN_POINT('',(-3.6,0.95,0.5));
#3865 = LINE('',#3866,#3867);
#3866 = CARTESIAN_POINT('',(-3.6,0.95,0.5));
#3867 = VECTOR('',#3868,1.);
#3868 = DIRECTION('',(0.,1.,1.032573497605E-16));
#3869 = ORIENTED_EDGE('',*,*,#3870,.F.);
#3870 = EDGE_CURVE('',#3871,#3863,#3873,.T.);
#3871 = VERTEX_POINT('',#3872);
#3872 = CARTESIAN_POINT('',(-3.6,0.95,0.1));
#3873 = LINE('',#3874,#3875);
#3874 = CARTESIAN_POINT('',(-3.6,0.95,-0.8));
#3875 = VECTOR('',#3876,1.);
#3876 = DIRECTION('',(0.,-1.445602896647E-16,1.));
#3877 = ORIENTED_EDGE('',*,*,#3878,.F.);
#3878 = EDGE_CURVE('',#3766,#3871,#3879,.T.);
#3879 = LINE('',#3880,#3881);
#3880 = CARTESIAN_POINT('',(-3.6,0.95,0.1));
#3881 = VECTOR('',#3882,1.);
#3882 = DIRECTION('',(5.782411586589E-16,1.,1.445602896647E-16));
#3883 = ORIENTED_EDGE('',*,*,#3765,.T.);
#3884 = ORIENTED_EDGE('',*,*,#3719,.F.);
#3885 = PLANE('',#3886);
#3886 = AXIS2_PLACEMENT_3D('',#3887,#3888,#3889);
#3887 = CARTESIAN_POINT('',(-3.6,0.95,-0.8));
#3888 = DIRECTION('',(1.,0.,0.));
#3889 = DIRECTION('',(0.,0.,-1.));
#3890 = ADVANCED_FACE('',(#3891),#3902,.T.);
#3891 = FACE_BOUND('',#3892,.T.);
#3892 = EDGE_LOOP('',(#3893,#3894,#3895,#3896));
#3893 = ORIENTED_EDGE('',*,*,#3838,.T.);
#3894 = ORIENTED_EDGE('',*,*,#3773,.T.);
#3895 = ORIENTED_EDGE('',*,*,#3878,.T.);
#3896 = ORIENTED_EDGE('',*,*,#3897,.T.);
#3897 = EDGE_CURVE('',#3871,#3839,#3898,.T.);
#3898 = LINE('',#3899,#3900);
#3899 = CARTESIAN_POINT('',(-3.4,0.95,0.1));
#3900 = VECTOR('',#3901,1.);
#3901 = DIRECTION('',(1.,0.,0.));
#3902 = PLANE('',#3903);
#3903 = AXIS2_PLACEMENT_3D('',#3904,#3905,#3906);
#3904 = CARTESIAN_POINT('',(-3.4,0.95,0.1));
#3905 = DIRECTION('',(0.,1.445602896647E-16,-1.));
#3906 = DIRECTION('',(0.,1.,1.445602896647E-16));
#3907 = ADVANCED_FACE('',(#3908),#3919,.T.);
#3908 = FACE_BOUND('',#3909,.T.);
#3909 = EDGE_LOOP('',(#3910,#3911,#3917,#3918));
#3910 = ORIENTED_EDGE('',*,*,#3870,.T.);
#3911 = ORIENTED_EDGE('',*,*,#3912,.T.);
#3912 = EDGE_CURVE('',#3863,#3827,#3913,.T.);
#3913 = LINE('',#3914,#3915);
#3914 = CARTESIAN_POINT('',(-3.6,0.95,0.5));
#3915 = VECTOR('',#3916,1.);
#3916 = DIRECTION('',(1.,0.,0.));
#3917 = ORIENTED_EDGE('',*,*,#3846,.F.);
#3918 = ORIENTED_EDGE('',*,*,#3897,.F.);
#3919 = PLANE('',#3920);
#3920 = AXIS2_PLACEMENT_3D('',#3921,#3922,#3923);
#3921 = CARTESIAN_POINT('',(-3.6,0.95,0.5));
#3922 = DIRECTION('',(0.,1.,1.850371707709E-16));
#3923 = DIRECTION('',(0.,1.850371707709E-16,-1.));
#3924 = ADVANCED_FACE('',(#3925),#3931,.T.);
#3925 = FACE_BOUND('',#3926,.T.);
#3926 = EDGE_LOOP('',(#3927,#3928,#3929,#3930));
#3927 = ORIENTED_EDGE('',*,*,#3862,.F.);
#3928 = ORIENTED_EDGE('',*,*,#3803,.T.);
#3929 = ORIENTED_EDGE('',*,*,#3826,.F.);
#3930 = ORIENTED_EDGE('',*,*,#3912,.F.);
#3931 = PLANE('',#3932);
#3932 = AXIS2_PLACEMENT_3D('',#3933,#3934,#3935);
#3933 = CARTESIAN_POINT('',(-3.6,0.2,0.5));
#3934 = DIRECTION('',(0.,-1.850371707709E-16,1.));
#3935 = DIRECTION('',(0.,1.,1.850371707709E-16));
#3936 = ( GEOMETRIC_REPRESENTATION_CONTEXT(3) 
GLOBAL_UNCERTAINTY_ASSIGNED_CONTEXT((#3940)) 
GLOBAL_UNIT_ASSIGNED_CONTEXT((#3937,#3938,#3939)) REPRESENTATION_CONTEXT
('Context #1','3D Context with UNIT and UNCERTAINTY') );
#3937 = ( LENGTH_UNIT() NAMED_UNIT(*) SI_UNIT(.MILLI.,.METRE.) );
#3938 = ( NAMED_UNIT(*) PLANE_ANGLE_UNIT() SI_UNIT($,.RADIAN.) );
#3939 = ( NAMED_UNIT(*) SI_UNIT($,.STERADIAN.) SOLID_ANGLE_UNIT() );
#3940 = UNCERTAINTY_MEASURE_WITH_UNIT(LENGTH_MEASURE(1.E-07),#3937,
  'distance_accuracy_value','confusion accuracy');
#3941 = SHAPE_DEFINITION_REPRESENTATION(#3942,#3437);
#3942 = PRODUCT_DEFINITION_SHAPE('','',#3943);
#3943 = PRODUCT_DEFINITION('design','',#3944,#3947);
#3944 = PRODUCT_DEFINITION_FORMATION('','',#3945);
#3945 = PRODUCT('3','3','',(#3946));
#3946 = PRODUCT_CONTEXT('',#2,'mechanical');
#3947 = PRODUCT_DEFINITION_CONTEXT('part definition',#2,'design');
#3948 = CONTEXT_DEPENDENT_SHAPE_REPRESENTATION(#3949,#3951);
#3949 = ( REPRESENTATION_RELATIONSHIP('','',#3437,#2937) 
REPRESENTATION_RELATIONSHIP_WITH_TRANSFORMATION(#3950) 
SHAPE_REPRESENTATION_RELATIONSHIP() );
#3950 = ITEM_DEFINED_TRANSFORMATION('','',#11,#2946);
#3951 = PRODUCT_DEFINITION_SHAPE('Placement','Placement of an item',
  #3952);
#3952 = NEXT_ASSEMBLY_USAGE_OCCURRENCE('15','3:1','',#2932,#3943,$);
#3953 = PRODUCT_RELATED_PRODUCT_CATEGORY('part',$,(#3945));
#3954 = ADVANCED_BREP_SHAPE_REPRESENTATION('',(#11,#3955),#5685);
#3955 = MANIFOLD_SOLID_BREP('',#3956);
#3956 = CLOSED_SHELL('',(#3957,#3997,#4030,#4061,#4094,#4125,#4164,#4284
    ,#4309,#4365,#4390,#4510,#4543,#4591,#4735,#4783,#4805,#4822,#4887,
    #4899,#4912,#4930,#4952,#4969,#5020,#5037,#5049,#5066,#5097,#5121,
    #5152,#5197,#5228,#5245,#5269,#5286,#5303,#5328,#5345,#5362,#5386,
    #5410,#5422,#5439,#5456,#5468,#5492,#5516,#5533,#5564,#5588,#5612,
    #5629,#5645,#5659,#5673));
#3957 = ADVANCED_FACE('',(#3958),#3992,.T.);
#3958 = FACE_BOUND('',#3959,.T.);
#3959 = EDGE_LOOP('',(#3960,#3970,#3978,#3986));
#3960 = ORIENTED_EDGE('',*,*,#3961,.T.);
#3961 = EDGE_CURVE('',#3962,#3964,#3966,.T.);
#3962 = VERTEX_POINT('',#3963);
#3963 = CARTESIAN_POINT('',(-0.1,1.95,4.05));
#3964 = VERTEX_POINT('',#3965);
#3965 = CARTESIAN_POINT('',(0.,1.95,3.95));
#3966 = LINE('',#3967,#3968);
#3967 = CARTESIAN_POINT('',(-0.175,1.95,4.125));
#3968 = VECTOR('',#3969,1.);
#3969 = DIRECTION('',(0.707106781187,0.,-0.707106781187));
#3970 = ORIENTED_EDGE('',*,*,#3971,.T.);
#3971 = EDGE_CURVE('',#3964,#3972,#3974,.T.);
#3972 = VERTEX_POINT('',#3973);
#3973 = CARTESIAN_POINT('',(0.,4.05,3.95));
#3974 = LINE('',#3975,#3976);
#3975 = CARTESIAN_POINT('',(0.,0.,3.95));
#3976 = VECTOR('',#3977,1.);
#3977 = DIRECTION('',(0.,1.,0.));
#3978 = ORIENTED_EDGE('',*,*,#3979,.T.);
#3979 = EDGE_CURVE('',#3972,#3980,#3982,.T.);
#3980 = VERTEX_POINT('',#3981);
#3981 = CARTESIAN_POINT('',(-0.1,4.05,4.05));
#3982 = LINE('',#3983,#3984);
#3983 = CARTESIAN_POINT('',(0.,4.05,3.95));
#3984 = VECTOR('',#3985,1.);
#3985 = DIRECTION('',(-0.707106781187,0.,0.707106781187));
#3986 = ORIENTED_EDGE('',*,*,#3987,.T.);
#3987 = EDGE_CURVE('',#3980,#3962,#3988,.T.);
#3988 = LINE('',#3989,#3990);
#3989 = CARTESIAN_POINT('',(-0.1,0.,4.05));
#3990 = VECTOR('',#3991,1.);
#3991 = DIRECTION('',(0.,-1.,0.));
#3992 = PLANE('',#3993);
#3993 = AXIS2_PLACEMENT_3D('',#3994,#3995,#3996);
#3994 = CARTESIAN_POINT('',(-5.E-02,0.,4.));
#3995 = DIRECTION('',(0.707106781187,0.,0.707106781187));
#3996 = DIRECTION('',(0.707106781187,0.,-0.707106781187));
#3997 = ADVANCED_FACE('',(#3998),#4025,.T.);
#3998 = FACE_BOUND('',#3999,.T.);
#3999 = EDGE_LOOP('',(#4000,#4001,#4010,#4018));
#4000 = ORIENTED_EDGE('',*,*,#3979,.F.);
#4001 = ORIENTED_EDGE('',*,*,#4002,.T.);
#4002 = EDGE_CURVE('',#3972,#4003,#4005,.T.);
#4003 = VERTEX_POINT('',#4004);
#4004 = CARTESIAN_POINT('',(-0.2,4.25,3.95));
#4005 = CIRCLE('',#4006,0.2);
#4006 = AXIS2_PLACEMENT_3D('',#4007,#4008,#4009);
#4007 = CARTESIAN_POINT('',(-0.2,4.05,3.95));
#4008 = DIRECTION('',(0.,0.,1.));
#4009 = DIRECTION('',(0.707106781187,0.707106781187,-0.));
#4010 = ORIENTED_EDGE('',*,*,#4011,.T.);
#4011 = EDGE_CURVE('',#4003,#4012,#4014,.T.);
#4012 = VERTEX_POINT('',#4013);
#4013 = CARTESIAN_POINT('',(-0.2,4.15,4.05));
#4014 = LINE('',#4015,#4016);
#4015 = CARTESIAN_POINT('',(-0.2,4.25,3.95));
#4016 = VECTOR('',#4017,1.);
#4017 = DIRECTION('',(2.453269466693E-16,-0.707106781187,0.707106781187)
  );
#4018 = ORIENTED_EDGE('',*,*,#4019,.T.);
#4019 = EDGE_CURVE('',#4012,#3980,#4020,.T.);
#4020 = CIRCLE('',#4021,0.1);
#4021 = AXIS2_PLACEMENT_3D('',#4022,#4023,#4024);
#4022 = CARTESIAN_POINT('',(-0.2,4.05,4.05));
#4023 = DIRECTION('',(0.,0.,-1.));
#4024 = DIRECTION('',(0.707106781187,0.707106781187,0.));
#4025 = CONICAL_SURFACE('',#4026,0.15,0.785398163397);
#4026 = AXIS2_PLACEMENT_3D('',#4027,#4028,#4029);
#4027 = CARTESIAN_POINT('',(-0.2,4.05,4.));
#4028 = DIRECTION('',(0.,0.,-1.));
#4029 = DIRECTION('',(0.707106781187,0.707106781187,0.));
#4030 = ADVANCED_FACE('',(#4031),#4056,.T.);
#4031 = FACE_BOUND('',#4032,.T.);
#4032 = EDGE_LOOP('',(#4033,#4043,#4049,#4050));
#4033 = ORIENTED_EDGE('',*,*,#4034,.T.);
#4034 = EDGE_CURVE('',#4035,#4037,#4039,.T.);
#4035 = VERTEX_POINT('',#4036);
#4036 = CARTESIAN_POINT('',(-5.55,4.25,3.95));
#4037 = VERTEX_POINT('',#4038);
#4038 = CARTESIAN_POINT('',(-5.55,4.15,4.05));
#4039 = LINE('',#4040,#4041);
#4040 = CARTESIAN_POINT('',(-5.55,4.25,3.95));
#4041 = VECTOR('',#4042,1.);
#4042 = DIRECTION('',(0.,-0.707106781187,0.707106781187));
#4043 = ORIENTED_EDGE('',*,*,#4044,.T.);
#4044 = EDGE_CURVE('',#4037,#4012,#4045,.T.);
#4045 = LINE('',#4046,#4047);
#4046 = CARTESIAN_POINT('',(-6.109243545831E-16,4.15,4.05));
#4047 = VECTOR('',#4048,1.);
#4048 = DIRECTION('',(1.,3.016910393003E-16,0.));
#4049 = ORIENTED_EDGE('',*,*,#4011,.F.);
#4050 = ORIENTED_EDGE('',*,*,#4051,.T.);
#4051 = EDGE_CURVE('',#4003,#4035,#4052,.T.);
#4052 = LINE('',#4053,#4054);
#4053 = CARTESIAN_POINT('',(-6.410934585132E-16,4.25,3.95));
#4054 = VECTOR('',#4055,1.);
#4055 = DIRECTION('',(-1.,-3.016910393003E-16,0.));
#4056 = PLANE('',#4057);
#4057 = AXIS2_PLACEMENT_3D('',#4058,#4059,#4060);
#4058 = CARTESIAN_POINT('',(-6.260089065482E-16,4.2,4.));
#4059 = DIRECTION('',(-2.133277797125E-16,0.707106781187,0.707106781187)
  );
#4060 = DIRECTION('',(1.,1.761875669514E-17,2.840722826052E-16));
#4061 = ADVANCED_FACE('',(#4062),#4089,.T.);
#4062 = FACE_BOUND('',#4063,.T.);
#4063 = EDGE_LOOP('',(#4064,#4065,#4074,#4082));
#4064 = ORIENTED_EDGE('',*,*,#4034,.F.);
#4065 = ORIENTED_EDGE('',*,*,#4066,.T.);
#4066 = EDGE_CURVE('',#4035,#4067,#4069,.T.);
#4067 = VERTEX_POINT('',#4068);
#4068 = CARTESIAN_POINT('',(-5.75,4.05,3.95));
#4069 = CIRCLE('',#4070,0.2);
#4070 = AXIS2_PLACEMENT_3D('',#4071,#4072,#4073);
#4071 = CARTESIAN_POINT('',(-5.55,4.05,3.95));
#4072 = DIRECTION('',(0.,0.,1.));
#4073 = DIRECTION('',(-0.707106781187,0.707106781187,0.));
#4074 = ORIENTED_EDGE('',*,*,#4075,.T.);
#4075 = EDGE_CURVE('',#4067,#4076,#4078,.T.);
#4076 = VERTEX_POINT('',#4077);
#4077 = CARTESIAN_POINT('',(-5.65,4.05,4.05));
#4078 = LINE('',#4079,#4080);
#4079 = CARTESIAN_POINT('',(-5.75,4.05,3.95));
#4080 = VECTOR('',#4081,1.);
#4081 = DIRECTION('',(0.707106781187,0.,0.707106781187));
#4082 = ORIENTED_EDGE('',*,*,#4083,.T.);
#4083 = EDGE_CURVE('',#4076,#4037,#4084,.T.);
#4084 = CIRCLE('',#4085,0.1);
#4085 = AXIS2_PLACEMENT_3D('',#4086,#4087,#4088);
#4086 = CARTESIAN_POINT('',(-5.55,4.05,4.05));
#4087 = DIRECTION('',(0.,0.,-1.));
#4088 = DIRECTION('',(-0.707106781187,0.707106781187,0.));
#4089 = CONICAL_SURFACE('',#4090,0.15,0.785398163397);
#4090 = AXIS2_PLACEMENT_3D('',#4091,#4092,#4093);
#4091 = CARTESIAN_POINT('',(-5.55,4.05,4.));
#4092 = DIRECTION('',(0.,0.,-1.));
#4093 = DIRECTION('',(-0.707106781187,0.707106781187,0.));
#4094 = ADVANCED_FACE('',(#4095),#4120,.T.);
#4095 = FACE_BOUND('',#4096,.T.);
#4096 = EDGE_LOOP('',(#4097,#4107,#4113,#4114));
#4097 = ORIENTED_EDGE('',*,*,#4098,.T.);
#4098 = EDGE_CURVE('',#4099,#4101,#4103,.T.);
#4099 = VERTEX_POINT('',#4100);
#4100 = CARTESIAN_POINT('',(-5.75,1.95,3.95));
#4101 = VERTEX_POINT('',#4102);
#4102 = CARTESIAN_POINT('',(-5.65,1.95,4.05));
#4103 = LINE('',#4104,#4105);
#4104 = CARTESIAN_POINT('',(-5.575,1.95,4.125));
#4105 = VECTOR('',#4106,1.);
#4106 = DIRECTION('',(0.707106781187,0.,0.707106781187));
#4107 = ORIENTED_EDGE('',*,*,#4108,.T.);
#4108 = EDGE_CURVE('',#4101,#4076,#4109,.T.);
#4109 = LINE('',#4110,#4111);
#4110 = CARTESIAN_POINT('',(-5.65,-3.520743267239E-16,4.05));
#4111 = VECTOR('',#4112,1.);
#4112 = DIRECTION('',(0.,1.,0.));
#4113 = ORIENTED_EDGE('',*,*,#4075,.F.);
#4114 = ORIENTED_EDGE('',*,*,#4115,.T.);
#4115 = EDGE_CURVE('',#4067,#4099,#4116,.T.);
#4116 = LINE('',#4117,#4118);
#4117 = CARTESIAN_POINT('',(-5.75,-3.520743267239E-16,3.95));
#4118 = VECTOR('',#4119,1.);
#4119 = DIRECTION('',(0.,-1.,0.));
#4120 = PLANE('',#4121);
#4121 = AXIS2_PLACEMENT_3D('',#4122,#4123,#4124);
#4122 = CARTESIAN_POINT('',(-5.7,-3.520743267239E-16,4.));
#4123 = DIRECTION('',(-0.707106781187,0.,0.707106781187));
#4124 = DIRECTION('',(0.707106781187,0.,0.707106781187));
#4125 = ADVANCED_FACE('',(#4126),#4159,.T.);
#4126 = FACE_BOUND('',#4127,.T.);
#4127 = EDGE_LOOP('',(#4128,#4129,#4137,#4145,#4153));
#4128 = ORIENTED_EDGE('',*,*,#4098,.F.);
#4129 = ORIENTED_EDGE('',*,*,#4130,.F.);
#4130 = EDGE_CURVE('',#4131,#4099,#4133,.T.);
#4131 = VERTEX_POINT('',#4132);
#4132 = CARTESIAN_POINT('',(-5.75,1.95,3.4));
#4133 = LINE('',#4134,#4135);
#4134 = CARTESIAN_POINT('',(-5.75,1.95,4.05));
#4135 = VECTOR('',#4136,1.);
#4136 = DIRECTION('',(0.,0.,1.));
#4137 = ORIENTED_EDGE('',*,*,#4138,.T.);
#4138 = EDGE_CURVE('',#4131,#4139,#4141,.T.);
#4139 = VERTEX_POINT('',#4140);
#4140 = CARTESIAN_POINT('',(-5.25,1.95,3.4));
#4141 = LINE('',#4142,#4143);
#4142 = CARTESIAN_POINT('',(-5.45,1.95,3.4));
#4143 = VECTOR('',#4144,1.);
#4144 = DIRECTION('',(1.,0.,0.));
#4145 = ORIENTED_EDGE('',*,*,#4146,.T.);
#4146 = EDGE_CURVE('',#4139,#4147,#4149,.T.);
#4147 = VERTEX_POINT('',#4148);
#4148 = CARTESIAN_POINT('',(-5.25,1.95,4.05));
#4149 = LINE('',#4150,#4151);
#4150 = CARTESIAN_POINT('',(-5.25,1.95,3.175));
#4151 = VECTOR('',#4152,1.);
#4152 = DIRECTION('',(0.,0.,1.));
#4153 = ORIENTED_EDGE('',*,*,#4154,.T.);
#4154 = EDGE_CURVE('',#4147,#4101,#4155,.T.);
#4155 = LINE('',#4156,#4157);
#4156 = CARTESIAN_POINT('',(-5.25,1.95,4.05));
#4157 = VECTOR('',#4158,1.);
#4158 = DIRECTION('',(-1.,0.,0.));
#4159 = PLANE('',#4160);
#4160 = AXIS2_PLACEMENT_3D('',#4161,#4162,#4163);
#4161 = CARTESIAN_POINT('',(-5.25,1.95,4.05));
#4162 = DIRECTION('',(0.,-1.,0.));
#4163 = DIRECTION('',(0.,0.,-1.));
#4164 = ADVANCED_FACE('',(#4165),#4279,.F.);
#4165 = FACE_BOUND('',#4166,.T.);
#4166 = EDGE_LOOP('',(#4167,#4168,#4176,#4184,#4192,#4200,#4208,#4216,
    #4224,#4232,#4240,#4248,#4256,#4264,#4272,#4278));
#4167 = ORIENTED_EDGE('',*,*,#4115,.F.);
#4168 = ORIENTED_EDGE('',*,*,#4169,.F.);
#4169 = EDGE_CURVE('',#4170,#4067,#4172,.T.);
#4170 = VERTEX_POINT('',#4171);
#4171 = CARTESIAN_POINT('',(-5.75,4.05,1.9));
#4172 = LINE('',#4173,#4174);
#4173 = CARTESIAN_POINT('',(-5.75,4.05,4.05));
#4174 = VECTOR('',#4175,1.);
#4175 = DIRECTION('',(0.,0.,1.));
#4176 = ORIENTED_EDGE('',*,*,#4177,.T.);
#4177 = EDGE_CURVE('',#4170,#4178,#4180,.T.);
#4178 = VERTEX_POINT('',#4179);
#4179 = CARTESIAN_POINT('',(-5.75,3.65,1.9));
#4180 = LINE('',#4181,#4182);
#4181 = CARTESIAN_POINT('',(-5.75,4.25,1.9));
#4182 = VECTOR('',#4183,1.);
#4183 = DIRECTION('',(0.,-1.,0.));
#4184 = ORIENTED_EDGE('',*,*,#4185,.T.);
#4185 = EDGE_CURVE('',#4178,#4186,#4188,.T.);
#4186 = VERTEX_POINT('',#4187);
#4187 = CARTESIAN_POINT('',(-5.75,3.65,0.6));
#4188 = LINE('',#4189,#4190);
#4189 = CARTESIAN_POINT('',(-5.75,3.65,1.9));
#4190 = VECTOR('',#4191,1.);
#4191 = DIRECTION('',(0.,0.,-1.));
#4192 = ORIENTED_EDGE('',*,*,#4193,.T.);
#4193 = EDGE_CURVE('',#4186,#4194,#4196,.T.);
#4194 = VERTEX_POINT('',#4195);
#4195 = CARTESIAN_POINT('',(-5.75,2.,0.6));
#4196 = LINE('',#4197,#4198);
#4197 = CARTESIAN_POINT('',(-5.75,3.65,0.6));
#4198 = VECTOR('',#4199,1.);
#4199 = DIRECTION('',(0.,-1.,-1.971276677246E-16));
#4200 = ORIENTED_EDGE('',*,*,#4201,.T.);
#4201 = EDGE_CURVE('',#4194,#4202,#4204,.T.);
#4202 = VERTEX_POINT('',#4203);
#4203 = CARTESIAN_POINT('',(-5.75,2.,0.));
#4204 = LINE('',#4205,#4206);
#4205 = CARTESIAN_POINT('',(-5.75,2.,0.6));
#4206 = VECTOR('',#4207,1.);
#4207 = DIRECTION('',(0.,0.,-1.));
#4208 = ORIENTED_EDGE('',*,*,#4209,.T.);
#4209 = EDGE_CURVE('',#4202,#4210,#4212,.T.);
#4210 = VERTEX_POINT('',#4211);
#4211 = CARTESIAN_POINT('',(-5.75,0.95,0.));
#4212 = LINE('',#4213,#4214);
#4213 = CARTESIAN_POINT('',(-5.75,-7.041486534479E-16,0.));
#4214 = VECTOR('',#4215,1.);
#4215 = DIRECTION('',(0.,-1.,0.));
#4216 = ORIENTED_EDGE('',*,*,#4217,.T.);
#4217 = EDGE_CURVE('',#4210,#4218,#4220,.T.);
#4218 = VERTEX_POINT('',#4219);
#4219 = CARTESIAN_POINT('',(-5.75,0.95,0.5));
#4220 = LINE('',#4221,#4222);
#4221 = CARTESIAN_POINT('',(-5.75,0.95,0.));
#4222 = VECTOR('',#4223,1.);
#4223 = DIRECTION('',(0.,-2.168404344971E-16,1.));
#4224 = ORIENTED_EDGE('',*,*,#4225,.T.);
#4225 = EDGE_CURVE('',#4218,#4226,#4228,.T.);
#4226 = VERTEX_POINT('',#4227);
#4227 = CARTESIAN_POINT('',(-5.75,0.2,0.5));
#4228 = LINE('',#4229,#4230);
#4229 = CARTESIAN_POINT('',(-5.75,0.95,0.5));
#4230 = VECTOR('',#4231,1.);
#4231 = DIRECTION('',(0.,-1.,-1.445602896647E-16));
#4232 = ORIENTED_EDGE('',*,*,#4233,.T.);
#4233 = EDGE_CURVE('',#4226,#4234,#4236,.T.);
#4234 = VERTEX_POINT('',#4235);
#4235 = CARTESIAN_POINT('',(-5.75,0.2,0.65));
#4236 = LINE('',#4237,#4238);
#4237 = CARTESIAN_POINT('',(-5.75,0.2,0.5));
#4238 = VECTOR('',#4239,1.);
#4239 = DIRECTION('',(0.,-1.807003620809E-16,1.));
#4240 = ORIENTED_EDGE('',*,*,#4241,.T.);
#4241 = EDGE_CURVE('',#4234,#4242,#4244,.T.);
#4242 = VERTEX_POINT('',#4243);
#4243 = CARTESIAN_POINT('',(-5.75,-2.360392656451E-32,0.65));
#4244 = LINE('',#4245,#4246);
#4245 = CARTESIAN_POINT('',(-5.75,0.2,0.65));
#4246 = VECTOR('',#4247,1.);
#4247 = DIRECTION('',(0.,-1.,5.421010862428E-16));
#4248 = ORIENTED_EDGE('',*,*,#4249,.F.);
#4249 = EDGE_CURVE('',#4250,#4242,#4252,.T.);
#4250 = VERTEX_POINT('',#4251);
#4251 = CARTESIAN_POINT('',(-5.75,0.,1.8));
#4252 = LINE('',#4253,#4254);
#4253 = CARTESIAN_POINT('',(-5.75,-7.041486534479E-16,4.05));
#4254 = VECTOR('',#4255,1.);
#4255 = DIRECTION('',(0.,0.,-1.));
#4256 = ORIENTED_EDGE('',*,*,#4257,.T.);
#4257 = EDGE_CURVE('',#4250,#4258,#4260,.T.);
#4258 = VERTEX_POINT('',#4259);
#4259 = CARTESIAN_POINT('',(-5.75,0.6,1.8));
#4260 = LINE('',#4261,#4262);
#4261 = CARTESIAN_POINT('',(-5.75,0.6,1.8));
#4262 = VECTOR('',#4263,1.);
#4263 = DIRECTION('',(0.,1.,0.));
#4264 = ORIENTED_EDGE('',*,*,#4265,.T.);
#4265 = EDGE_CURVE('',#4258,#4266,#4268,.T.);
#4266 = VERTEX_POINT('',#4267);
#4267 = CARTESIAN_POINT('',(-5.75,0.6,3.4));
#4268 = LINE('',#4269,#4270);
#4269 = CARTESIAN_POINT('',(-5.75,0.6,3.4));
#4270 = VECTOR('',#4271,1.);
#4271 = DIRECTION('',(0.,0.,1.));
#4272 = ORIENTED_EDGE('',*,*,#4273,.T.);
#4273 = EDGE_CURVE('',#4266,#4131,#4274,.T.);
#4274 = LINE('',#4275,#4276);
#4275 = CARTESIAN_POINT('',(-5.75,1.95,3.4));
#4276 = VECTOR('',#4277,1.);
#4277 = DIRECTION('',(0.,1.,0.));
#4278 = ORIENTED_EDGE('',*,*,#4130,.T.);
#4279 = PLANE('',#4280);
#4280 = AXIS2_PLACEMENT_3D('',#4281,#4282,#4283);
#4281 = CARTESIAN_POINT('',(-5.75,-7.041486534479E-16,4.05));
#4282 = DIRECTION('',(1.,0.,0.));
#4283 = DIRECTION('',(0.,0.,-1.));
#4284 = ADVANCED_FACE('',(#4285),#4304,.T.);
#4285 = FACE_BOUND('',#4286,.T.);
#4286 = EDGE_LOOP('',(#4287,#4288,#4296,#4303));
#4287 = ORIENTED_EDGE('',*,*,#4066,.F.);
#4288 = ORIENTED_EDGE('',*,*,#4289,.T.);
#4289 = EDGE_CURVE('',#4035,#4290,#4292,.T.);
#4290 = VERTEX_POINT('',#4291);
#4291 = CARTESIAN_POINT('',(-5.55,4.25,1.9));
#4292 = LINE('',#4293,#4294);
#4293 = CARTESIAN_POINT('',(-5.55,4.25,4.05));
#4294 = VECTOR('',#4295,1.);
#4295 = DIRECTION('',(0.,0.,-1.));
#4296 = ORIENTED_EDGE('',*,*,#4297,.T.);
#4297 = EDGE_CURVE('',#4290,#4170,#4298,.T.);
#4298 = CIRCLE('',#4299,0.2);
#4299 = AXIS2_PLACEMENT_3D('',#4300,#4301,#4302);
#4300 = CARTESIAN_POINT('',(-5.55,4.05,1.9));
#4301 = DIRECTION('',(0.,0.,1.));
#4302 = DIRECTION('',(-0.707106781187,0.707106781187,0.));
#4303 = ORIENTED_EDGE('',*,*,#4169,.T.);
#4304 = CYLINDRICAL_SURFACE('',#4305,0.2);
#4305 = AXIS2_PLACEMENT_3D('',#4306,#4307,#4308);
#4306 = CARTESIAN_POINT('',(-5.55,4.05,4.05));
#4307 = DIRECTION('',(0.,0.,-1.));
#4308 = DIRECTION('',(-0.707106781187,0.707106781187,0.));
#4309 = ADVANCED_FACE('',(#4310),#4360,.F.);
#4310 = FACE_BOUND('',#4311,.T.);
#4311 = EDGE_LOOP('',(#4312,#4313,#4321,#4329,#4337,#4345,#4353,#4359));
#4312 = ORIENTED_EDGE('',*,*,#4051,.F.);
#4313 = ORIENTED_EDGE('',*,*,#4314,.F.);
#4314 = EDGE_CURVE('',#4315,#4003,#4317,.T.);
#4315 = VERTEX_POINT('',#4316);
#4316 = CARTESIAN_POINT('',(-0.2,4.25,1.9));
#4317 = LINE('',#4318,#4319);
#4318 = CARTESIAN_POINT('',(-0.2,4.25,4.05));
#4319 = VECTOR('',#4320,1.);
#4320 = DIRECTION('',(0.,0.,1.));
#4321 = ORIENTED_EDGE('',*,*,#4322,.F.);
#4322 = EDGE_CURVE('',#4323,#4315,#4325,.T.);
#4323 = VERTEX_POINT('',#4324);
#4324 = CARTESIAN_POINT('',(-0.5,4.25,1.9));
#4325 = LINE('',#4326,#4327);
#4326 = CARTESIAN_POINT('',(-0.5,4.25,1.9));
#4327 = VECTOR('',#4328,1.);
#4328 = DIRECTION('',(1.,0.,0.));
#4329 = ORIENTED_EDGE('',*,*,#4330,.F.);
#4330 = EDGE_CURVE('',#4331,#4323,#4333,.T.);
#4331 = VERTEX_POINT('',#4332);
#4332 = CARTESIAN_POINT('',(-0.5,4.25,0.2));
#4333 = LINE('',#4334,#4335);
#4334 = CARTESIAN_POINT('',(-0.5,4.25,0.));
#4335 = VECTOR('',#4336,1.);
#4336 = DIRECTION('',(0.,0.,1.));
#4337 = ORIENTED_EDGE('',*,*,#4338,.F.);
#4338 = EDGE_CURVE('',#4339,#4331,#4341,.T.);
#4339 = VERTEX_POINT('',#4340);
#4340 = CARTESIAN_POINT('',(-5.25,4.25,0.2));
#4341 = LINE('',#4342,#4343);
#4342 = CARTESIAN_POINT('',(-6.410934585132E-16,4.25,0.2));
#4343 = VECTOR('',#4344,1.);
#4344 = DIRECTION('',(1.,3.016910393003E-16,0.));
#4345 = ORIENTED_EDGE('',*,*,#4346,.T.);
#4346 = EDGE_CURVE('',#4339,#4347,#4349,.T.);
#4347 = VERTEX_POINT('',#4348);
#4348 = CARTESIAN_POINT('',(-5.25,4.25,1.9));
#4349 = LINE('',#4350,#4351);
#4350 = CARTESIAN_POINT('',(-5.25,4.25,0.));
#4351 = VECTOR('',#4352,1.);
#4352 = DIRECTION('',(0.,0.,1.));
#4353 = ORIENTED_EDGE('',*,*,#4354,.T.);
#4354 = EDGE_CURVE('',#4347,#4290,#4355,.T.);
#4355 = LINE('',#4356,#4357);
#4356 = CARTESIAN_POINT('',(-5.25,4.25,1.9));
#4357 = VECTOR('',#4358,1.);
#4358 = DIRECTION('',(-1.,0.,0.));
#4359 = ORIENTED_EDGE('',*,*,#4289,.F.);
#4360 = PLANE('',#4361);
#4361 = AXIS2_PLACEMENT_3D('',#4362,#4363,#4364);
#4362 = CARTESIAN_POINT('',(0.,4.25,4.05));
#4363 = DIRECTION('',(3.016910393003E-16,-1.,0.));
#4364 = DIRECTION('',(1.,3.016910393003E-16,0.));
#4365 = ADVANCED_FACE('',(#4366),#4385,.T.);
#4366 = FACE_BOUND('',#4367,.T.);
#4367 = EDGE_LOOP('',(#4368,#4369,#4377,#4384));
#4368 = ORIENTED_EDGE('',*,*,#4002,.F.);
#4369 = ORIENTED_EDGE('',*,*,#4370,.T.);
#4370 = EDGE_CURVE('',#3972,#4371,#4373,.T.);
#4371 = VERTEX_POINT('',#4372);
#4372 = CARTESIAN_POINT('',(0.,4.05,1.9));
#4373 = LINE('',#4374,#4375);
#4374 = CARTESIAN_POINT('',(0.,4.05,4.05));
#4375 = VECTOR('',#4376,1.);
#4376 = DIRECTION('',(0.,0.,-1.));
#4377 = ORIENTED_EDGE('',*,*,#4378,.T.);
#4378 = EDGE_CURVE('',#4371,#4315,#4379,.T.);
#4379 = CIRCLE('',#4380,0.2);
#4380 = AXIS2_PLACEMENT_3D('',#4381,#4382,#4383);
#4381 = CARTESIAN_POINT('',(-0.2,4.05,1.9));
#4382 = DIRECTION('',(0.,0.,1.));
#4383 = DIRECTION('',(0.707106781187,0.707106781187,-0.));
#4384 = ORIENTED_EDGE('',*,*,#4314,.T.);
#4385 = CYLINDRICAL_SURFACE('',#4386,0.2);
#4386 = AXIS2_PLACEMENT_3D('',#4387,#4388,#4389);
#4387 = CARTESIAN_POINT('',(-0.2,4.05,4.05));
#4388 = DIRECTION('',(0.,0.,-1.));
#4389 = DIRECTION('',(0.707106781187,0.707106781187,0.));
#4390 = ADVANCED_FACE('',(#4391),#4505,.F.);
#4391 = FACE_BOUND('',#4392,.T.);
#4392 = EDGE_LOOP('',(#4393,#4394,#4402,#4410,#4418,#4426,#4434,#4442,
    #4450,#4458,#4466,#4474,#4482,#4490,#4498,#4504));
#4393 = ORIENTED_EDGE('',*,*,#3971,.F.);
#4394 = ORIENTED_EDGE('',*,*,#4395,.F.);
#4395 = EDGE_CURVE('',#4396,#3964,#4398,.T.);
#4396 = VERTEX_POINT('',#4397);
#4397 = CARTESIAN_POINT('',(0.,1.95,3.4));
#4398 = LINE('',#4399,#4400);
#4399 = CARTESIAN_POINT('',(0.,1.95,4.05));
#4400 = VECTOR('',#4401,1.);
#4401 = DIRECTION('',(0.,0.,1.));
#4402 = ORIENTED_EDGE('',*,*,#4403,.F.);
#4403 = EDGE_CURVE('',#4404,#4396,#4406,.T.);
#4404 = VERTEX_POINT('',#4405);
#4405 = CARTESIAN_POINT('',(0.,0.6,3.4));
#4406 = LINE('',#4407,#4408);
#4407 = CARTESIAN_POINT('',(0.,1.95,3.4));
#4408 = VECTOR('',#4409,1.);
#4409 = DIRECTION('',(0.,1.,0.));
#4410 = ORIENTED_EDGE('',*,*,#4411,.F.);
#4411 = EDGE_CURVE('',#4412,#4404,#4414,.T.);
#4412 = VERTEX_POINT('',#4413);
#4413 = CARTESIAN_POINT('',(0.,0.6,1.8));
#4414 = LINE('',#4415,#4416);
#4415 = CARTESIAN_POINT('',(0.,0.6,3.4));
#4416 = VECTOR('',#4417,1.);
#4417 = DIRECTION('',(0.,0.,1.));
#4418 = ORIENTED_EDGE('',*,*,#4419,.F.);
#4419 = EDGE_CURVE('',#4420,#4412,#4422,.T.);
#4420 = VERTEX_POINT('',#4421);
#4421 = CARTESIAN_POINT('',(0.,0.,1.8));
#4422 = LINE('',#4423,#4424);
#4423 = CARTESIAN_POINT('',(0.,0.6,1.8));
#4424 = VECTOR('',#4425,1.);
#4425 = DIRECTION('',(0.,1.,0.));
#4426 = ORIENTED_EDGE('',*,*,#4427,.T.);
#4427 = EDGE_CURVE('',#4420,#4428,#4430,.T.);
#4428 = VERTEX_POINT('',#4429);
#4429 = CARTESIAN_POINT('',(0.,-2.360392656451E-32,0.65));
#4430 = LINE('',#4431,#4432);
#4431 = CARTESIAN_POINT('',(0.,0.,4.05));
#4432 = VECTOR('',#4433,1.);
#4433 = DIRECTION('',(0.,0.,-1.));
#4434 = ORIENTED_EDGE('',*,*,#4435,.F.);
#4435 = EDGE_CURVE('',#4436,#4428,#4438,.T.);
#4436 = VERTEX_POINT('',#4437);
#4437 = CARTESIAN_POINT('',(0.,0.2,0.65));
#4438 = LINE('',#4439,#4440);
#4439 = CARTESIAN_POINT('',(0.,0.2,0.65));
#4440 = VECTOR('',#4441,1.);
#4441 = DIRECTION('',(0.,-1.,5.421010862428E-16));
#4442 = ORIENTED_EDGE('',*,*,#4443,.F.);
#4443 = EDGE_CURVE('',#4444,#4436,#4446,.T.);
#4444 = VERTEX_POINT('',#4445);
#4445 = CARTESIAN_POINT('',(0.,0.2,0.5));
#4446 = LINE('',#4447,#4448);
#4447 = CARTESIAN_POINT('',(0.,0.2,0.5));
#4448 = VECTOR('',#4449,1.);
#4449 = DIRECTION('',(0.,-1.807003620809E-16,1.));
#4450 = ORIENTED_EDGE('',*,*,#4451,.F.);
#4451 = EDGE_CURVE('',#4452,#4444,#4454,.T.);
#4452 = VERTEX_POINT('',#4453);
#4453 = CARTESIAN_POINT('',(0.,0.95,0.5));
#4454 = LINE('',#4455,#4456);
#4455 = CARTESIAN_POINT('',(0.,0.95,0.5));
#4456 = VECTOR('',#4457,1.);
#4457 = DIRECTION('',(0.,-1.,-1.445602896647E-16));
#4458 = ORIENTED_EDGE('',*,*,#4459,.F.);
#4459 = EDGE_CURVE('',#4460,#4452,#4462,.T.);
#4460 = VERTEX_POINT('',#4461);
#4461 = CARTESIAN_POINT('',(0.,0.95,0.));
#4462 = LINE('',#4463,#4464);
#4463 = CARTESIAN_POINT('',(0.,0.95,0.));
#4464 = VECTOR('',#4465,1.);
#4465 = DIRECTION('',(0.,-2.168404344971E-16,1.));
#4466 = ORIENTED_EDGE('',*,*,#4467,.T.);
#4467 = EDGE_CURVE('',#4460,#4468,#4470,.T.);
#4468 = VERTEX_POINT('',#4469);
#4469 = CARTESIAN_POINT('',(0.,2.,0.));
#4470 = LINE('',#4471,#4472);
#4471 = CARTESIAN_POINT('',(0.,0.,0.));
#4472 = VECTOR('',#4473,1.);
#4473 = DIRECTION('',(0.,1.,0.));
#4474 = ORIENTED_EDGE('',*,*,#4475,.F.);
#4475 = EDGE_CURVE('',#4476,#4468,#4478,.T.);
#4476 = VERTEX_POINT('',#4477);
#4477 = CARTESIAN_POINT('',(0.,2.,0.6));
#4478 = LINE('',#4479,#4480);
#4479 = CARTESIAN_POINT('',(0.,2.,0.6));
#4480 = VECTOR('',#4481,1.);
#4481 = DIRECTION('',(0.,0.,-1.));
#4482 = ORIENTED_EDGE('',*,*,#4483,.F.);
#4483 = EDGE_CURVE('',#4484,#4476,#4486,.T.);
#4484 = VERTEX_POINT('',#4485);
#4485 = CARTESIAN_POINT('',(0.,3.65,0.6));
#4486 = LINE('',#4487,#4488);
#4487 = CARTESIAN_POINT('',(0.,3.65,0.6));
#4488 = VECTOR('',#4489,1.);
#4489 = DIRECTION('',(0.,-1.,-1.971276677246E-16));
#4490 = ORIENTED_EDGE('',*,*,#4491,.F.);
#4491 = EDGE_CURVE('',#4492,#4484,#4494,.T.);
#4492 = VERTEX_POINT('',#4493);
#4493 = CARTESIAN_POINT('',(0.,3.65,1.9));
#4494 = LINE('',#4495,#4496);
#4495 = CARTESIAN_POINT('',(0.,3.65,1.9));
#4496 = VECTOR('',#4497,1.);
#4497 = DIRECTION('',(0.,0.,-1.));
#4498 = ORIENTED_EDGE('',*,*,#4499,.F.);
#4499 = EDGE_CURVE('',#4371,#4492,#4500,.T.);
#4500 = LINE('',#4501,#4502);
#4501 = CARTESIAN_POINT('',(0.,4.25,1.9));
#4502 = VECTOR('',#4503,1.);
#4503 = DIRECTION('',(0.,-1.,0.));
#4504 = ORIENTED_EDGE('',*,*,#4370,.F.);
#4505 = PLANE('',#4506);
#4506 = AXIS2_PLACEMENT_3D('',#4507,#4508,#4509);
#4507 = CARTESIAN_POINT('',(0.,0.,4.05));
#4508 = DIRECTION('',(-1.,0.,0.));
#4509 = DIRECTION('',(0.,0.,1.));
#4510 = ADVANCED_FACE('',(#4511),#4538,.T.);
#4511 = FACE_BOUND('',#4512,.T.);
#4512 = EDGE_LOOP('',(#4513,#4522,#4523,#4532));
#4513 = ORIENTED_EDGE('',*,*,#4514,.T.);
#4514 = EDGE_CURVE('',#4515,#4339,#4517,.T.);
#4515 = VERTEX_POINT('',#4516);
#4516 = CARTESIAN_POINT('',(-5.25,4.05,0.));
#4517 = CIRCLE('',#4518,0.2);
#4518 = AXIS2_PLACEMENT_3D('',#4519,#4520,#4521);
#4519 = CARTESIAN_POINT('',(-5.25,4.05,0.2));
#4520 = DIRECTION('',(1.,0.,0.));
#4521 = DIRECTION('',(0.,0.707106781187,-0.707106781187));
#4522 = ORIENTED_EDGE('',*,*,#4338,.T.);
#4523 = ORIENTED_EDGE('',*,*,#4524,.T.);
#4524 = EDGE_CURVE('',#4331,#4525,#4527,.T.);
#4525 = VERTEX_POINT('',#4526);
#4526 = CARTESIAN_POINT('',(-0.5,4.05,0.));
#4527 = CIRCLE('',#4528,0.2);
#4528 = AXIS2_PLACEMENT_3D('',#4529,#4530,#4531);
#4529 = CARTESIAN_POINT('',(-0.5,4.05,0.2));
#4530 = DIRECTION('',(-1.,0.,0.));
#4531 = DIRECTION('',(0.,0.707106781187,-0.707106781187));
#4532 = ORIENTED_EDGE('',*,*,#4533,.T.);
#4533 = EDGE_CURVE('',#4525,#4515,#4534,.T.);
#4534 = LINE('',#4535,#4536);
#4535 = CARTESIAN_POINT('',(-5.807552506531E-16,4.05,0.));
#4536 = VECTOR('',#4537,1.);
#4537 = DIRECTION('',(-1.,-3.016910393003E-16,0.));
#4538 = CYLINDRICAL_SURFACE('',#4539,0.2);
#4539 = AXIS2_PLACEMENT_3D('',#4540,#4541,#4542);
#4540 = CARTESIAN_POINT('',(-5.807552506531E-16,4.05,0.2));
#4541 = DIRECTION('',(-1.,-3.016910393003E-16,0.));
#4542 = DIRECTION('',(-2.133277797125E-16,0.707106781187,-0.707106781187
    ));
#4543 = ADVANCED_FACE('',(#4544),#4586,.T.);
#4544 = FACE_BOUND('',#4545,.T.);
#4545 = EDGE_LOOP('',(#4546,#4547,#4548,#4556,#4564,#4572,#4580));
#4546 = ORIENTED_EDGE('',*,*,#4524,.F.);
#4547 = ORIENTED_EDGE('',*,*,#4330,.T.);
#4548 = ORIENTED_EDGE('',*,*,#4549,.T.);
#4549 = EDGE_CURVE('',#4323,#4550,#4552,.T.);
#4550 = VERTEX_POINT('',#4551);
#4551 = CARTESIAN_POINT('',(-0.5,3.65,1.9));
#4552 = LINE('',#4553,#4554);
#4553 = CARTESIAN_POINT('',(-0.5,4.25,1.9));
#4554 = VECTOR('',#4555,1.);
#4555 = DIRECTION('',(0.,-1.,0.));
#4556 = ORIENTED_EDGE('',*,*,#4557,.T.);
#4557 = EDGE_CURVE('',#4550,#4558,#4560,.T.);
#4558 = VERTEX_POINT('',#4559);
#4559 = CARTESIAN_POINT('',(-0.5,3.65,0.6));
#4560 = LINE('',#4561,#4562);
#4561 = CARTESIAN_POINT('',(-0.5,3.65,1.9));
#4562 = VECTOR('',#4563,1.);
#4563 = DIRECTION('',(0.,0.,-1.));
#4564 = ORIENTED_EDGE('',*,*,#4565,.T.);
#4565 = EDGE_CURVE('',#4558,#4566,#4568,.T.);
#4566 = VERTEX_POINT('',#4567);
#4567 = CARTESIAN_POINT('',(-0.5,2.,0.6));
#4568 = LINE('',#4569,#4570);
#4569 = CARTESIAN_POINT('',(-0.5,3.65,0.6));
#4570 = VECTOR('',#4571,1.);
#4571 = DIRECTION('',(0.,-1.,-1.971276677246E-16));
#4572 = ORIENTED_EDGE('',*,*,#4573,.T.);
#4573 = EDGE_CURVE('',#4566,#4574,#4576,.T.);
#4574 = VERTEX_POINT('',#4575);
#4575 = CARTESIAN_POINT('',(-0.5,2.,0.));
#4576 = LINE('',#4577,#4578);
#4577 = CARTESIAN_POINT('',(-0.5,2.,0.6));
#4578 = VECTOR('',#4579,1.);
#4579 = DIRECTION('',(0.,0.,-1.));
#4580 = ORIENTED_EDGE('',*,*,#4581,.T.);
#4581 = EDGE_CURVE('',#4574,#4525,#4582,.T.);
#4582 = LINE('',#4583,#4584);
#4583 = CARTESIAN_POINT('',(-0.5,2.,0.));
#4584 = VECTOR('',#4585,1.);
#4585 = DIRECTION('',(0.,1.,0.));
#4586 = PLANE('',#4587);
#4587 = AXIS2_PLACEMENT_3D('',#4588,#4589,#4590);
#4588 = CARTESIAN_POINT('',(-0.5,4.25,1.9));
#4589 = DIRECTION('',(1.,0.,0.));
#4590 = DIRECTION('',(0.,0.,-1.));
#4591 = ADVANCED_FACE('',(#4592,#4630,#4696),#4730,.T.);
#4592 = FACE_BOUND('',#4593,.T.);
#4593 = EDGE_LOOP('',(#4594,#4595,#4596,#4604,#4612,#4620,#4626,#4627,
    #4628,#4629));
#4594 = ORIENTED_EDGE('',*,*,#4108,.F.);
#4595 = ORIENTED_EDGE('',*,*,#4154,.F.);
#4596 = ORIENTED_EDGE('',*,*,#4597,.T.);
#4597 = EDGE_CURVE('',#4147,#4598,#4600,.T.);
#4598 = VERTEX_POINT('',#4599);
#4599 = CARTESIAN_POINT('',(-5.25,-6.505213034913E-16,4.05));
#4600 = LINE('',#4601,#4602);
#4601 = CARTESIAN_POINT('',(-5.25,0.4625,4.05));
#4602 = VECTOR('',#4603,1.);
#4603 = DIRECTION('',(0.,-1.,0.));
#4604 = ORIENTED_EDGE('',*,*,#4605,.T.);
#4605 = EDGE_CURVE('',#4598,#4606,#4608,.T.);
#4606 = VERTEX_POINT('',#4607);
#4607 = CARTESIAN_POINT('',(-0.5,0.,4.05));
#4608 = LINE('',#4609,#4610);
#4609 = CARTESIAN_POINT('',(0.,0.,4.05));
#4610 = VECTOR('',#4611,1.);
#4611 = DIRECTION('',(1.,1.224606353822E-16,0.));
#4612 = ORIENTED_EDGE('',*,*,#4613,.T.);
#4613 = EDGE_CURVE('',#4606,#4614,#4616,.T.);
#4614 = VERTEX_POINT('',#4615);
#4615 = CARTESIAN_POINT('',(-0.5,1.95,4.05));
#4616 = LINE('',#4617,#4618);
#4617 = CARTESIAN_POINT('',(-0.5,0.4625,4.05));
#4618 = VECTOR('',#4619,1.);
#4619 = DIRECTION('',(0.,1.,0.));
#4620 = ORIENTED_EDGE('',*,*,#4621,.T.);
#4621 = EDGE_CURVE('',#4614,#3962,#4622,.T.);
#4622 = LINE('',#4623,#4624);
#4623 = CARTESIAN_POINT('',(-0.15,1.95,4.05));
#4624 = VECTOR('',#4625,1.);
#4625 = DIRECTION('',(1.,0.,0.));
#4626 = ORIENTED_EDGE('',*,*,#3987,.F.);
#4627 = ORIENTED_EDGE('',*,*,#4019,.F.);
#4628 = ORIENTED_EDGE('',*,*,#4044,.F.);
#4629 = ORIENTED_EDGE('',*,*,#4083,.F.);
#4630 = FACE_BOUND('',#4631,.T.);
#4631 = EDGE_LOOP('',(#4632,#4642,#4650,#4658,#4666,#4674,#4682,#4690));
#4632 = ORIENTED_EDGE('',*,*,#4633,.F.);
#4633 = EDGE_CURVE('',#4634,#4636,#4638,.T.);
#4634 = VERTEX_POINT('',#4635);
#4635 = CARTESIAN_POINT('',(-1.5,2.15,4.05));
#4636 = VERTEX_POINT('',#4637);
#4637 = CARTESIAN_POINT('',(-4.25,2.15,4.05));
#4638 = LINE('',#4639,#4640);
#4639 = CARTESIAN_POINT('',(-4.25,2.15,4.05));
#4640 = VECTOR('',#4641,1.);
#4641 = DIRECTION('',(-1.,-1.577021341797E-16,0.));
#4642 = ORIENTED_EDGE('',*,*,#4643,.F.);
#4643 = EDGE_CURVE('',#4644,#4634,#4646,.T.);
#4644 = VERTEX_POINT('',#4645);
#4645 = CARTESIAN_POINT('',(-1.5,2.65,4.05));
#4646 = LINE('',#4647,#4648);
#4647 = CARTESIAN_POINT('',(-1.5,2.15,4.05));
#4648 = VECTOR('',#4649,1.);
#4649 = DIRECTION('',(0.,-1.,0.));
#4650 = ORIENTED_EDGE('',*,*,#4651,.F.);
#4651 = EDGE_CURVE('',#4652,#4644,#4654,.T.);
#4652 = VERTEX_POINT('',#4653);
#4653 = CARTESIAN_POINT('',(-1.,2.65,4.05));
#4654 = LINE('',#4655,#4656);
#4655 = CARTESIAN_POINT('',(-1.5,2.65,4.05));
#4656 = VECTOR('',#4657,1.);
#4657 = DIRECTION('',(-1.,0.,0.));
#4658 = ORIENTED_EDGE('',*,*,#4659,.F.);
#4659 = EDGE_CURVE('',#4660,#4652,#4662,.T.);
#4660 = VERTEX_POINT('',#4661);
#4661 = CARTESIAN_POINT('',(-1.,0.6,4.05));
#4662 = LINE('',#4663,#4664);
#4663 = CARTESIAN_POINT('',(-1.,0.6,4.05));
#4664 = VECTOR('',#4665,1.);
#4665 = DIRECTION('',(0.,1.,0.));
#4666 = ORIENTED_EDGE('',*,*,#4667,.F.);
#4667 = EDGE_CURVE('',#4668,#4660,#4670,.T.);
#4668 = VERTEX_POINT('',#4669);
#4669 = CARTESIAN_POINT('',(-4.75,0.6,4.05));
#4670 = LINE('',#4671,#4672);
#4671 = CARTESIAN_POINT('',(-4.75,0.6,4.05));
#4672 = VECTOR('',#4673,1.);
#4673 = DIRECTION('',(1.,1.156482317318E-16,0.));
#4674 = ORIENTED_EDGE('',*,*,#4675,.F.);
#4675 = EDGE_CURVE('',#4676,#4668,#4678,.T.);
#4676 = VERTEX_POINT('',#4677);
#4677 = CARTESIAN_POINT('',(-4.75,2.65,4.05));
#4678 = LINE('',#4679,#4680);
#4679 = CARTESIAN_POINT('',(-4.75,2.65,4.05));
#4680 = VECTOR('',#4681,1.);
#4681 = DIRECTION('',(0.,-1.,0.));
#4682 = ORIENTED_EDGE('',*,*,#4683,.F.);
#4683 = EDGE_CURVE('',#4684,#4676,#4686,.T.);
#4684 = VERTEX_POINT('',#4685);
#4685 = CARTESIAN_POINT('',(-4.25,2.65,4.05));
#4686 = LINE('',#4687,#4688);
#4687 = CARTESIAN_POINT('',(-4.75,2.65,4.05));
#4688 = VECTOR('',#4689,1.);
#4689 = DIRECTION('',(-1.,0.,0.));
#4690 = ORIENTED_EDGE('',*,*,#4691,.F.);
#4691 = EDGE_CURVE('',#4636,#4684,#4692,.T.);
#4692 = LINE('',#4693,#4694);
#4693 = CARTESIAN_POINT('',(-4.25,2.65,4.05));
#4694 = VECTOR('',#4695,1.);
#4695 = DIRECTION('',(0.,1.,0.));
#4696 = FACE_BOUND('',#4697,.T.);
#4697 = EDGE_LOOP('',(#4698,#4708,#4716,#4724));
#4698 = ORIENTED_EDGE('',*,*,#4699,.F.);
#4699 = EDGE_CURVE('',#4700,#4702,#4704,.T.);
#4700 = VERTEX_POINT('',#4701);
#4701 = CARTESIAN_POINT('',(-3.9,3.85,4.05));
#4702 = VERTEX_POINT('',#4703);
#4703 = CARTESIAN_POINT('',(-3.9,2.45,4.05));
#4704 = LINE('',#4705,#4706);
#4705 = CARTESIAN_POINT('',(-3.9,3.85,4.05));
#4706 = VECTOR('',#4707,1.);
#4707 = DIRECTION('',(3.097720492816E-16,-1.,0.));
#4708 = ORIENTED_EDGE('',*,*,#4709,.F.);
#4709 = EDGE_CURVE('',#4710,#4700,#4712,.T.);
#4710 = VERTEX_POINT('',#4711);
#4711 = CARTESIAN_POINT('',(-1.85,3.85,4.05));
#4712 = LINE('',#4713,#4714);
#4713 = CARTESIAN_POINT('',(-3.9,3.85,4.05));
#4714 = VECTOR('',#4715,1.);
#4715 = DIRECTION('',(-1.,-2.115516434118E-16,0.));
#4716 = ORIENTED_EDGE('',*,*,#4717,.F.);
#4717 = EDGE_CURVE('',#4718,#4710,#4720,.T.);
#4718 = VERTEX_POINT('',#4719);
#4719 = CARTESIAN_POINT('',(-1.85,2.45,4.05));
#4720 = LINE('',#4721,#4722);
#4721 = CARTESIAN_POINT('',(-1.85,3.85,4.05));
#4722 = VECTOR('',#4723,1.);
#4723 = DIRECTION('',(1.548860246408E-16,1.,0.));
#4724 = ORIENTED_EDGE('',*,*,#4725,.F.);
#4725 = EDGE_CURVE('',#4702,#4718,#4726,.T.);
#4726 = LINE('',#4727,#4728);
#4727 = CARTESIAN_POINT('',(-3.9,2.45,4.05));
#4728 = VECTOR('',#4729,1.);
#4729 = DIRECTION('',(1.,2.115516434118E-16,0.));
#4730 = PLANE('',#4731);
#4731 = AXIS2_PLACEMENT_3D('',#4732,#4733,#4734);
#4732 = CARTESIAN_POINT('',(0.,0.,4.05));
#4733 = DIRECTION('',(0.,0.,1.));
#4734 = DIRECTION('',(1.,0.,-0.));
#4735 = ADVANCED_FACE('',(#4736),#4778,.T.);
#4736 = FACE_BOUND('',#4737,.T.);
#4737 = EDGE_LOOP('',(#4738,#4739,#4747,#4755,#4763,#4771,#4777));
#4738 = ORIENTED_EDGE('',*,*,#4514,.F.);
#4739 = ORIENTED_EDGE('',*,*,#4740,.F.);
#4740 = EDGE_CURVE('',#4741,#4515,#4743,.T.);
#4741 = VERTEX_POINT('',#4742);
#4742 = CARTESIAN_POINT('',(-5.25,2.,0.));
#4743 = LINE('',#4744,#4745);
#4744 = CARTESIAN_POINT('',(-5.25,2.,0.));
#4745 = VECTOR('',#4746,1.);
#4746 = DIRECTION('',(0.,1.,0.));
#4747 = ORIENTED_EDGE('',*,*,#4748,.F.);
#4748 = EDGE_CURVE('',#4749,#4741,#4751,.T.);
#4749 = VERTEX_POINT('',#4750);
#4750 = CARTESIAN_POINT('',(-5.25,2.,0.6));
#4751 = LINE('',#4752,#4753);
#4752 = CARTESIAN_POINT('',(-5.25,2.,0.6));
#4753 = VECTOR('',#4754,1.);
#4754 = DIRECTION('',(0.,0.,-1.));
#4755 = ORIENTED_EDGE('',*,*,#4756,.F.);
#4756 = EDGE_CURVE('',#4757,#4749,#4759,.T.);
#4757 = VERTEX_POINT('',#4758);
#4758 = CARTESIAN_POINT('',(-5.25,3.65,0.6));
#4759 = LINE('',#4760,#4761);
#4760 = CARTESIAN_POINT('',(-5.25,3.65,0.6));
#4761 = VECTOR('',#4762,1.);
#4762 = DIRECTION('',(0.,-1.,-1.971276677246E-16));
#4763 = ORIENTED_EDGE('',*,*,#4764,.F.);
#4764 = EDGE_CURVE('',#4765,#4757,#4767,.T.);
#4765 = VERTEX_POINT('',#4766);
#4766 = CARTESIAN_POINT('',(-5.25,3.65,1.9));
#4767 = LINE('',#4768,#4769);
#4768 = CARTESIAN_POINT('',(-5.25,3.65,1.9));
#4769 = VECTOR('',#4770,1.);
#4770 = DIRECTION('',(0.,0.,-1.));
#4771 = ORIENTED_EDGE('',*,*,#4772,.F.);
#4772 = EDGE_CURVE('',#4347,#4765,#4773,.T.);
#4773 = LINE('',#4774,#4775);
#4774 = CARTESIAN_POINT('',(-5.25,4.25,1.9));
#4775 = VECTOR('',#4776,1.);
#4776 = DIRECTION('',(0.,-1.,0.));
#4777 = ORIENTED_EDGE('',*,*,#4346,.F.);
#4778 = PLANE('',#4779);
#4779 = AXIS2_PLACEMENT_3D('',#4780,#4781,#4782);
#4780 = CARTESIAN_POINT('',(-5.25,4.25,1.9));
#4781 = DIRECTION('',(-1.,0.,0.));
#4782 = DIRECTION('',(0.,0.,-1.));
#4783 = ADVANCED_FACE('',(#4784),#4800,.T.);
#4784 = FACE_BOUND('',#4785,.T.);
#4785 = EDGE_LOOP('',(#4786,#4787,#4793,#4794));
#4786 = ORIENTED_EDGE('',*,*,#4185,.F.);
#4787 = ORIENTED_EDGE('',*,*,#4788,.F.);
#4788 = EDGE_CURVE('',#4765,#4178,#4789,.T.);
#4789 = LINE('',#4790,#4791);
#4790 = CARTESIAN_POINT('',(-5.25,3.65,1.9));
#4791 = VECTOR('',#4792,1.);
#4792 = DIRECTION('',(-1.,0.,0.));
#4793 = ORIENTED_EDGE('',*,*,#4764,.T.);
#4794 = ORIENTED_EDGE('',*,*,#4795,.T.);
#4795 = EDGE_CURVE('',#4757,#4186,#4796,.T.);
#4796 = LINE('',#4797,#4798);
#4797 = CARTESIAN_POINT('',(-5.25,3.65,0.6));
#4798 = VECTOR('',#4799,1.);
#4799 = DIRECTION('',(-1.,0.,0.));
#4800 = PLANE('',#4801);
#4801 = AXIS2_PLACEMENT_3D('',#4802,#4803,#4804);
#4802 = CARTESIAN_POINT('',(-5.25,3.65,1.9));
#4803 = DIRECTION('',(0.,1.,0.));
#4804 = DIRECTION('',(0.,-0.,1.));
#4805 = ADVANCED_FACE('',(#4806),#4817,.T.);
#4806 = FACE_BOUND('',#4807,.T.);
#4807 = EDGE_LOOP('',(#4808,#4809,#4810,#4811));
#4808 = ORIENTED_EDGE('',*,*,#4193,.F.);
#4809 = ORIENTED_EDGE('',*,*,#4795,.F.);
#4810 = ORIENTED_EDGE('',*,*,#4756,.T.);
#4811 = ORIENTED_EDGE('',*,*,#4812,.T.);
#4812 = EDGE_CURVE('',#4749,#4194,#4813,.T.);
#4813 = LINE('',#4814,#4815);
#4814 = CARTESIAN_POINT('',(-5.25,2.,0.6));
#4815 = VECTOR('',#4816,1.);
#4816 = DIRECTION('',(-1.,0.,0.));
#4817 = PLANE('',#4818);
#4818 = AXIS2_PLACEMENT_3D('',#4819,#4820,#4821);
#4819 = CARTESIAN_POINT('',(-5.25,3.65,0.6));
#4820 = DIRECTION('',(0.,1.971276677246E-16,-1.));
#4821 = DIRECTION('',(0.,1.,1.971276677246E-16));
#4822 = ADVANCED_FACE('',(#4823,#4848),#4882,.F.);
#4823 = FACE_BOUND('',#4824,.T.);
#4824 = EDGE_LOOP('',(#4825,#4826,#4827,#4833,#4834,#4840,#4841,#4847));
#4825 = ORIENTED_EDGE('',*,*,#4533,.F.);
#4826 = ORIENTED_EDGE('',*,*,#4581,.F.);
#4827 = ORIENTED_EDGE('',*,*,#4828,.T.);
#4828 = EDGE_CURVE('',#4574,#4468,#4829,.T.);
#4829 = LINE('',#4830,#4831);
#4830 = CARTESIAN_POINT('',(-0.5,2.,0.));
#4831 = VECTOR('',#4832,1.);
#4832 = DIRECTION('',(1.,0.,0.));
#4833 = ORIENTED_EDGE('',*,*,#4467,.F.);
#4834 = ORIENTED_EDGE('',*,*,#4835,.F.);
#4835 = EDGE_CURVE('',#4210,#4460,#4836,.T.);
#4836 = LINE('',#4837,#4838);
#4837 = CARTESIAN_POINT('',(-5.75,0.95,0.));
#4838 = VECTOR('',#4839,1.);
#4839 = DIRECTION('',(1.,0.,0.));
#4840 = ORIENTED_EDGE('',*,*,#4209,.F.);
#4841 = ORIENTED_EDGE('',*,*,#4842,.F.);
#4842 = EDGE_CURVE('',#4741,#4202,#4843,.T.);
#4843 = LINE('',#4844,#4845);
#4844 = CARTESIAN_POINT('',(-5.25,2.,0.));
#4845 = VECTOR('',#4846,1.);
#4846 = DIRECTION('',(-1.,0.,0.));
#4847 = ORIENTED_EDGE('',*,*,#4740,.T.);
#4848 = FACE_BOUND('',#4849,.T.);
#4849 = EDGE_LOOP('',(#4850,#4860,#4868,#4876));
#4850 = ORIENTED_EDGE('',*,*,#4851,.T.);
#4851 = EDGE_CURVE('',#4852,#4854,#4856,.T.);
#4852 = VERTEX_POINT('',#4853);
#4853 = CARTESIAN_POINT('',(-1.85,3.85,0.));
#4854 = VERTEX_POINT('',#4855);
#4855 = CARTESIAN_POINT('',(-3.9,3.85,0.));
#4856 = LINE('',#4857,#4858);
#4857 = CARTESIAN_POINT('',(-3.9,3.85,0.));
#4858 = VECTOR('',#4859,1.);
#4859 = DIRECTION('',(-1.,-2.115516434118E-16,0.));
#4860 = ORIENTED_EDGE('',*,*,#4861,.T.);
#4861 = EDGE_CURVE('',#4854,#4862,#4864,.T.);
#4862 = VERTEX_POINT('',#4863);
#4863 = CARTESIAN_POINT('',(-3.9,2.45,0.));
#4864 = LINE('',#4865,#4866);
#4865 = CARTESIAN_POINT('',(-3.9,3.85,0.));
#4866 = VECTOR('',#4867,1.);
#4867 = DIRECTION('',(3.097720492816E-16,-1.,0.));
#4868 = ORIENTED_EDGE('',*,*,#4869,.T.);
#4869 = EDGE_CURVE('',#4862,#4870,#4872,.T.);
#4870 = VERTEX_POINT('',#4871);
#4871 = CARTESIAN_POINT('',(-1.85,2.45,0.));
#4872 = LINE('',#4873,#4874);
#4873 = CARTESIAN_POINT('',(-3.9,2.45,0.));
#4874 = VECTOR('',#4875,1.);
#4875 = DIRECTION('',(1.,2.115516434118E-16,0.));
#4876 = ORIENTED_EDGE('',*,*,#4877,.T.);
#4877 = EDGE_CURVE('',#4870,#4852,#4878,.T.);
#4878 = LINE('',#4879,#4880);
#4879 = CARTESIAN_POINT('',(-1.85,3.85,0.));
#4880 = VECTOR('',#4881,1.);
#4881 = DIRECTION('',(1.548860246408E-16,1.,0.));
#4882 = PLANE('',#4883);
#4883 = AXIS2_PLACEMENT_3D('',#4884,#4885,#4886);
#4884 = CARTESIAN_POINT('',(0.,0.,0.));
#4885 = DIRECTION('',(0.,0.,1.));
#4886 = DIRECTION('',(1.,0.,-0.));
#4887 = ADVANCED_FACE('',(#4888),#4894,.T.);
#4888 = FACE_BOUND('',#4889,.T.);
#4889 = EDGE_LOOP('',(#4890,#4891,#4892,#4893));
#4890 = ORIENTED_EDGE('',*,*,#4201,.F.);
#4891 = ORIENTED_EDGE('',*,*,#4812,.F.);
#4892 = ORIENTED_EDGE('',*,*,#4748,.T.);
#4893 = ORIENTED_EDGE('',*,*,#4842,.T.);
#4894 = PLANE('',#4895);
#4895 = AXIS2_PLACEMENT_3D('',#4896,#4897,#4898);
#4896 = CARTESIAN_POINT('',(-5.25,2.,0.6));
#4897 = DIRECTION('',(0.,1.,0.));
#4898 = DIRECTION('',(0.,-0.,1.));
#4899 = ADVANCED_FACE('',(#4900),#4907,.T.);
#4900 = FACE_BOUND('',#4901,.T.);
#4901 = EDGE_LOOP('',(#4902,#4903,#4904,#4905,#4906));
#4902 = ORIENTED_EDGE('',*,*,#4297,.F.);
#4903 = ORIENTED_EDGE('',*,*,#4354,.F.);
#4904 = ORIENTED_EDGE('',*,*,#4772,.T.);
#4905 = ORIENTED_EDGE('',*,*,#4788,.T.);
#4906 = ORIENTED_EDGE('',*,*,#4177,.F.);
#4907 = PLANE('',#4908);
#4908 = AXIS2_PLACEMENT_3D('',#4909,#4910,#4911);
#4909 = CARTESIAN_POINT('',(-5.25,4.25,1.9));
#4910 = DIRECTION('',(0.,0.,-1.));
#4911 = DIRECTION('',(-1.,0.,0.));
#4912 = ADVANCED_FACE('',(#4913),#4925,.F.);
#4913 = FACE_BOUND('',#4914,.T.);
#4914 = EDGE_LOOP('',(#4915,#4916,#4917,#4923,#4924));
#4915 = ORIENTED_EDGE('',*,*,#4378,.F.);
#4916 = ORIENTED_EDGE('',*,*,#4499,.T.);
#4917 = ORIENTED_EDGE('',*,*,#4918,.F.);
#4918 = EDGE_CURVE('',#4550,#4492,#4919,.T.);
#4919 = LINE('',#4920,#4921);
#4920 = CARTESIAN_POINT('',(-0.5,3.65,1.9));
#4921 = VECTOR('',#4922,1.);
#4922 = DIRECTION('',(1.,0.,0.));
#4923 = ORIENTED_EDGE('',*,*,#4549,.F.);
#4924 = ORIENTED_EDGE('',*,*,#4322,.T.);
#4925 = PLANE('',#4926);
#4926 = AXIS2_PLACEMENT_3D('',#4927,#4928,#4929);
#4927 = CARTESIAN_POINT('',(-0.5,4.25,1.9));
#4928 = DIRECTION('',(0.,0.,1.));
#4929 = DIRECTION('',(1.,0.,-0.));
#4930 = ADVANCED_FACE('',(#4931),#4947,.F.);
#4931 = FACE_BOUND('',#4932,.T.);
#4932 = EDGE_LOOP('',(#4933,#4934,#4940,#4941));
#4933 = ORIENTED_EDGE('',*,*,#4717,.T.);
#4934 = ORIENTED_EDGE('',*,*,#4935,.F.);
#4935 = EDGE_CURVE('',#4852,#4710,#4936,.T.);
#4936 = LINE('',#4937,#4938);
#4937 = CARTESIAN_POINT('',(-1.85,3.85,0.));
#4938 = VECTOR('',#4939,1.);
#4939 = DIRECTION('',(0.,0.,1.));
#4940 = ORIENTED_EDGE('',*,*,#4877,.F.);
#4941 = ORIENTED_EDGE('',*,*,#4942,.T.);
#4942 = EDGE_CURVE('',#4870,#4718,#4943,.T.);
#4943 = LINE('',#4944,#4945);
#4944 = CARTESIAN_POINT('',(-1.85,2.45,0.));
#4945 = VECTOR('',#4946,1.);
#4946 = DIRECTION('',(0.,0.,1.));
#4947 = PLANE('',#4948);
#4948 = AXIS2_PLACEMENT_3D('',#4949,#4950,#4951);
#4949 = CARTESIAN_POINT('',(-1.85,3.85,0.));
#4950 = DIRECTION('',(1.,-1.548860246408E-16,0.));
#4951 = DIRECTION('',(1.548860246408E-16,1.,0.));
#4952 = ADVANCED_FACE('',(#4953),#4964,.F.);
#4953 = FACE_BOUND('',#4954,.T.);
#4954 = EDGE_LOOP('',(#4955,#4956,#4957,#4958));
#4955 = ORIENTED_EDGE('',*,*,#4217,.F.);
#4956 = ORIENTED_EDGE('',*,*,#4835,.T.);
#4957 = ORIENTED_EDGE('',*,*,#4459,.T.);
#4958 = ORIENTED_EDGE('',*,*,#4959,.F.);
#4959 = EDGE_CURVE('',#4218,#4452,#4960,.T.);
#4960 = LINE('',#4961,#4962);
#4961 = CARTESIAN_POINT('',(-5.75,0.95,0.5));
#4962 = VECTOR('',#4963,1.);
#4963 = DIRECTION('',(1.,0.,0.));
#4964 = PLANE('',#4965);
#4965 = AXIS2_PLACEMENT_3D('',#4966,#4967,#4968);
#4966 = CARTESIAN_POINT('',(-5.75,0.95,0.));
#4967 = DIRECTION('',(0.,1.,2.168404344971E-16));
#4968 = DIRECTION('',(0.,-2.168404344971E-16,1.));
#4969 = ADVANCED_FACE('',(#4970,#4981),#5015,.F.);
#4970 = FACE_BOUND('',#4971,.T.);
#4971 = EDGE_LOOP('',(#4972,#4973,#4974,#4975));
#4972 = ORIENTED_EDGE('',*,*,#4725,.T.);
#4973 = ORIENTED_EDGE('',*,*,#4942,.F.);
#4974 = ORIENTED_EDGE('',*,*,#4869,.F.);
#4975 = ORIENTED_EDGE('',*,*,#4976,.T.);
#4976 = EDGE_CURVE('',#4862,#4702,#4977,.T.);
#4977 = LINE('',#4978,#4979);
#4978 = CARTESIAN_POINT('',(-3.9,2.45,0.));
#4979 = VECTOR('',#4980,1.);
#4980 = DIRECTION('',(0.,0.,1.));
#4981 = FACE_BOUND('',#4982,.T.);
#4982 = EDGE_LOOP('',(#4983,#4993,#5001,#5009));
#4983 = ORIENTED_EDGE('',*,*,#4984,.T.);
#4984 = EDGE_CURVE('',#4985,#4987,#4989,.T.);
#4985 = VERTEX_POINT('',#4986);
#4986 = CARTESIAN_POINT('',(-2.400000000023,2.45,2.25));
#4987 = VERTEX_POINT('',#4988);
#4988 = CARTESIAN_POINT('',(-2.4,2.45,3.25));
#4989 = LINE('',#4990,#4991);
#4990 = CARTESIAN_POINT('',(-2.4,2.45,0.));
#4991 = VECTOR('',#4992,1.);
#4992 = DIRECTION('',(0.,0.,1.));
#4993 = ORIENTED_EDGE('',*,*,#4994,.T.);
#4994 = EDGE_CURVE('',#4987,#4995,#4997,.T.);
#4995 = VERTEX_POINT('',#4996);
#4996 = CARTESIAN_POINT('',(-3.35,2.45,3.25));
#4997 = LINE('',#4998,#4999);
#4998 = CARTESIAN_POINT('',(5.E+05,2.45,3.25));
#4999 = VECTOR('',#5000,1.);
#5000 = DIRECTION('',(-1.,0.,0.));
#5001 = ORIENTED_EDGE('',*,*,#5002,.F.);
#5002 = EDGE_CURVE('',#5003,#4995,#5005,.T.);
#5003 = VERTEX_POINT('',#5004);
#5004 = CARTESIAN_POINT('',(-3.350000000012,2.45,2.25));
#5005 = LINE('',#5006,#5007);
#5006 = CARTESIAN_POINT('',(-3.35,2.45,0.));
#5007 = VECTOR('',#5008,1.);
#5008 = DIRECTION('',(0.,0.,1.));
#5009 = ORIENTED_EDGE('',*,*,#5010,.F.);
#5010 = EDGE_CURVE('',#4985,#5003,#5011,.T.);
#5011 = LINE('',#5012,#5013);
#5012 = CARTESIAN_POINT('',(5.E+05,2.45,2.25));
#5013 = VECTOR('',#5014,1.);
#5014 = DIRECTION('',(-1.,0.,0.));
#5015 = PLANE('',#5016);
#5016 = AXIS2_PLACEMENT_3D('',#5017,#5018,#5019);
#5017 = CARTESIAN_POINT('',(-3.9,2.45,0.));
#5018 = DIRECTION('',(2.115516434118E-16,-1.,0.));
#5019 = DIRECTION('',(1.,2.115516434118E-16,0.));
#5020 = ADVANCED_FACE('',(#5021),#5032,.F.);
#5021 = FACE_BOUND('',#5022,.T.);
#5022 = EDGE_LOOP('',(#5023,#5024,#5030,#5031));
#5023 = ORIENTED_EDGE('',*,*,#4709,.T.);
#5024 = ORIENTED_EDGE('',*,*,#5025,.F.);
#5025 = EDGE_CURVE('',#4854,#4700,#5026,.T.);
#5026 = LINE('',#5027,#5028);
#5027 = CARTESIAN_POINT('',(-3.9,3.85,0.));
#5028 = VECTOR('',#5029,1.);
#5029 = DIRECTION('',(0.,0.,1.));
#5030 = ORIENTED_EDGE('',*,*,#4851,.F.);
#5031 = ORIENTED_EDGE('',*,*,#4935,.T.);
#5032 = PLANE('',#5033);
#5033 = AXIS2_PLACEMENT_3D('',#5034,#5035,#5036);
#5034 = CARTESIAN_POINT('',(-3.9,3.85,0.));
#5035 = DIRECTION('',(-2.115516434118E-16,1.,0.));
#5036 = DIRECTION('',(-1.,-2.115516434118E-16,-0.));
#5037 = ADVANCED_FACE('',(#5038),#5044,.F.);
#5038 = FACE_BOUND('',#5039,.T.);
#5039 = EDGE_LOOP('',(#5040,#5041,#5042,#5043));
#5040 = ORIENTED_EDGE('',*,*,#4976,.F.);
#5041 = ORIENTED_EDGE('',*,*,#4861,.F.);
#5042 = ORIENTED_EDGE('',*,*,#5025,.T.);
#5043 = ORIENTED_EDGE('',*,*,#4699,.T.);
#5044 = PLANE('',#5045);
#5045 = AXIS2_PLACEMENT_3D('',#5046,#5047,#5048);
#5046 = CARTESIAN_POINT('',(-3.9,3.85,0.));
#5047 = DIRECTION('',(-1.,-3.097720492816E-16,0.));
#5048 = DIRECTION('',(3.097720492816E-16,-1.,0.));
#5049 = ADVANCED_FACE('',(#5050),#5061,.F.);
#5050 = FACE_BOUND('',#5051,.T.);
#5051 = EDGE_LOOP('',(#5052,#5053,#5054,#5055));
#5052 = ORIENTED_EDGE('',*,*,#4475,.T.);
#5053 = ORIENTED_EDGE('',*,*,#4828,.F.);
#5054 = ORIENTED_EDGE('',*,*,#4573,.F.);
#5055 = ORIENTED_EDGE('',*,*,#5056,.T.);
#5056 = EDGE_CURVE('',#4566,#4476,#5057,.T.);
#5057 = LINE('',#5058,#5059);
#5058 = CARTESIAN_POINT('',(-0.5,2.,0.6));
#5059 = VECTOR('',#5060,1.);
#5060 = DIRECTION('',(1.,0.,0.));
#5061 = PLANE('',#5062);
#5062 = AXIS2_PLACEMENT_3D('',#5063,#5064,#5065);
#5063 = CARTESIAN_POINT('',(-0.5,2.,0.6));
#5064 = DIRECTION('',(0.,-1.,0.));
#5065 = DIRECTION('',(0.,0.,-1.));
#5066 = ADVANCED_FACE('',(#5067),#5092,.F.);
#5067 = FACE_BOUND('',#5068,.T.);
#5068 = EDGE_LOOP('',(#5069,#5070,#5078,#5086));
#5069 = ORIENTED_EDGE('',*,*,#4633,.T.);
#5070 = ORIENTED_EDGE('',*,*,#5071,.F.);
#5071 = EDGE_CURVE('',#5072,#4636,#5074,.T.);
#5072 = VERTEX_POINT('',#5073);
#5073 = CARTESIAN_POINT('',(-4.25,2.15,1.45));
#5074 = LINE('',#5075,#5076);
#5075 = CARTESIAN_POINT('',(-4.25,2.15,1.45));
#5076 = VECTOR('',#5077,1.);
#5077 = DIRECTION('',(0.,0.,1.));
#5078 = ORIENTED_EDGE('',*,*,#5079,.F.);
#5079 = EDGE_CURVE('',#5080,#5072,#5082,.T.);
#5080 = VERTEX_POINT('',#5081);
#5081 = CARTESIAN_POINT('',(-1.5,2.15,1.45));
#5082 = LINE('',#5083,#5084);
#5083 = CARTESIAN_POINT('',(-4.25,2.15,1.45));
#5084 = VECTOR('',#5085,1.);
#5085 = DIRECTION('',(-1.,-1.577021341797E-16,0.));
#5086 = ORIENTED_EDGE('',*,*,#5087,.T.);
#5087 = EDGE_CURVE('',#5080,#4634,#5088,.T.);
#5088 = LINE('',#5089,#5090);
#5089 = CARTESIAN_POINT('',(-1.5,2.15,1.45));
#5090 = VECTOR('',#5091,1.);
#5091 = DIRECTION('',(0.,0.,1.));
#5092 = PLANE('',#5093);
#5093 = AXIS2_PLACEMENT_3D('',#5094,#5095,#5096);
#5094 = CARTESIAN_POINT('',(-4.25,2.15,1.45));
#5095 = DIRECTION('',(-1.577021341797E-16,1.,0.));
#5096 = DIRECTION('',(-1.,-1.577021341797E-16,-0.));
#5097 = ADVANCED_FACE('',(#5098),#5116,.F.);
#5098 = FACE_BOUND('',#5099,.T.);
#5099 = EDGE_LOOP('',(#5100,#5101,#5109,#5115));
#5100 = ORIENTED_EDGE('',*,*,#4691,.T.);
#5101 = ORIENTED_EDGE('',*,*,#5102,.F.);
#5102 = EDGE_CURVE('',#5103,#4684,#5105,.T.);
#5103 = VERTEX_POINT('',#5104);
#5104 = CARTESIAN_POINT('',(-4.25,2.65,1.45));
#5105 = LINE('',#5106,#5107);
#5106 = CARTESIAN_POINT('',(-4.25,2.65,1.45));
#5107 = VECTOR('',#5108,1.);
#5108 = DIRECTION('',(0.,0.,1.));
#5109 = ORIENTED_EDGE('',*,*,#5110,.F.);
#5110 = EDGE_CURVE('',#5072,#5103,#5111,.T.);
#5111 = LINE('',#5112,#5113);
#5112 = CARTESIAN_POINT('',(-4.25,2.65,1.45));
#5113 = VECTOR('',#5114,1.);
#5114 = DIRECTION('',(0.,1.,0.));
#5115 = ORIENTED_EDGE('',*,*,#5071,.T.);
#5116 = PLANE('',#5117);
#5117 = AXIS2_PLACEMENT_3D('',#5118,#5119,#5120);
#5118 = CARTESIAN_POINT('',(-4.25,2.65,1.45));
#5119 = DIRECTION('',(1.,0.,0.));
#5120 = DIRECTION('',(0.,0.,-1.));
#5121 = ADVANCED_FACE('',(#5122),#5147,.F.);
#5122 = FACE_BOUND('',#5123,.T.);
#5123 = EDGE_LOOP('',(#5124,#5125,#5133,#5141));
#5124 = ORIENTED_EDGE('',*,*,#4667,.T.);
#5125 = ORIENTED_EDGE('',*,*,#5126,.F.);
#5126 = EDGE_CURVE('',#5127,#4660,#5129,.T.);
#5127 = VERTEX_POINT('',#5128);
#5128 = CARTESIAN_POINT('',(-1.,0.6,1.45));
#5129 = LINE('',#5130,#5131);
#5130 = CARTESIAN_POINT('',(-1.,0.6,1.45));
#5131 = VECTOR('',#5132,1.);
#5132 = DIRECTION('',(0.,0.,1.));
#5133 = ORIENTED_EDGE('',*,*,#5134,.F.);
#5134 = EDGE_CURVE('',#5135,#5127,#5137,.T.);
#5135 = VERTEX_POINT('',#5136);
#5136 = CARTESIAN_POINT('',(-4.75,0.6,1.45));
#5137 = LINE('',#5138,#5139);
#5138 = CARTESIAN_POINT('',(-4.75,0.6,1.45));
#5139 = VECTOR('',#5140,1.);
#5140 = DIRECTION('',(1.,1.156482317318E-16,0.));
#5141 = ORIENTED_EDGE('',*,*,#5142,.T.);
#5142 = EDGE_CURVE('',#5135,#4668,#5143,.T.);
#5143 = LINE('',#5144,#5145);
#5144 = CARTESIAN_POINT('',(-4.75,0.6,1.45));
#5145 = VECTOR('',#5146,1.);
#5146 = DIRECTION('',(0.,0.,1.));
#5147 = PLANE('',#5148);
#5148 = AXIS2_PLACEMENT_3D('',#5149,#5150,#5151);
#5149 = CARTESIAN_POINT('',(-4.75,0.6,1.45));
#5150 = DIRECTION('',(1.156482317318E-16,-1.,0.));
#5151 = DIRECTION('',(1.,1.156482317318E-16,0.));
#5152 = ADVANCED_FACE('',(#5153),#5192,.F.);
#5153 = FACE_BOUND('',#5154,.T.);
#5154 = EDGE_LOOP('',(#5155,#5156,#5162,#5163,#5171,#5177,#5178,#5186));
#5155 = ORIENTED_EDGE('',*,*,#4249,.T.);
#5156 = ORIENTED_EDGE('',*,*,#5157,.T.);
#5157 = EDGE_CURVE('',#4242,#4428,#5158,.T.);
#5158 = LINE('',#5159,#5160);
#5159 = CARTESIAN_POINT('',(-5.75,-2.360392656451E-32,0.65));
#5160 = VECTOR('',#5161,1.);
#5161 = DIRECTION('',(1.,0.,0.));
#5162 = ORIENTED_EDGE('',*,*,#4427,.F.);
#5163 = ORIENTED_EDGE('',*,*,#5164,.F.);
#5164 = EDGE_CURVE('',#5165,#4420,#5167,.T.);
#5165 = VERTEX_POINT('',#5166);
#5166 = CARTESIAN_POINT('',(-0.5,0.,1.8));
#5167 = LINE('',#5168,#5169);
#5168 = CARTESIAN_POINT('',(-0.5,0.,1.8));
#5169 = VECTOR('',#5170,1.);
#5170 = DIRECTION('',(1.,0.,0.));
#5171 = ORIENTED_EDGE('',*,*,#5172,.F.);
#5172 = EDGE_CURVE('',#4606,#5165,#5173,.T.);
#5173 = LINE('',#5174,#5175);
#5174 = CARTESIAN_POINT('',(-0.5,0.,1.8));
#5175 = VECTOR('',#5176,1.);
#5176 = DIRECTION('',(0.,0.,-1.));
#5177 = ORIENTED_EDGE('',*,*,#4605,.F.);
#5178 = ORIENTED_EDGE('',*,*,#5179,.T.);
#5179 = EDGE_CURVE('',#4598,#5180,#5182,.T.);
#5180 = VERTEX_POINT('',#5181);
#5181 = CARTESIAN_POINT('',(-5.25,0.,1.8));
#5182 = LINE('',#5183,#5184);
#5183 = CARTESIAN_POINT('',(-5.25,0.,1.8));
#5184 = VECTOR('',#5185,1.);
#5185 = DIRECTION('',(0.,0.,-1.));
#5186 = ORIENTED_EDGE('',*,*,#5187,.T.);
#5187 = EDGE_CURVE('',#5180,#4250,#5188,.T.);
#5188 = LINE('',#5189,#5190);
#5189 = CARTESIAN_POINT('',(-5.25,0.,1.8));
#5190 = VECTOR('',#5191,1.);
#5191 = DIRECTION('',(-1.,0.,0.));
#5192 = PLANE('',#5193);
#5193 = AXIS2_PLACEMENT_3D('',#5194,#5195,#5196);
#5194 = CARTESIAN_POINT('',(0.,0.,4.05));
#5195 = DIRECTION('',(-1.224606353822E-16,1.,0.));
#5196 = DIRECTION('',(-1.,-1.224606353822E-16,0.));
#5197 = ADVANCED_FACE('',(#5198),#5223,.F.);
#5198 = FACE_BOUND('',#5199,.T.);
#5199 = EDGE_LOOP('',(#5200,#5201,#5209,#5217));
#5200 = ORIENTED_EDGE('',*,*,#4651,.T.);
#5201 = ORIENTED_EDGE('',*,*,#5202,.F.);
#5202 = EDGE_CURVE('',#5203,#4644,#5205,.T.);
#5203 = VERTEX_POINT('',#5204);
#5204 = CARTESIAN_POINT('',(-1.5,2.65,1.45));
#5205 = LINE('',#5206,#5207);
#5206 = CARTESIAN_POINT('',(-1.5,2.65,1.45));
#5207 = VECTOR('',#5208,1.);
#5208 = DIRECTION('',(0.,0.,1.));
#5209 = ORIENTED_EDGE('',*,*,#5210,.F.);
#5210 = EDGE_CURVE('',#5211,#5203,#5213,.T.);
#5211 = VERTEX_POINT('',#5212);
#5212 = CARTESIAN_POINT('',(-1.,2.65,1.45));
#5213 = LINE('',#5214,#5215);
#5214 = CARTESIAN_POINT('',(-1.5,2.65,1.45));
#5215 = VECTOR('',#5216,1.);
#5216 = DIRECTION('',(-1.,0.,0.));
#5217 = ORIENTED_EDGE('',*,*,#5218,.T.);
#5218 = EDGE_CURVE('',#5211,#4652,#5219,.T.);
#5219 = LINE('',#5220,#5221);
#5220 = CARTESIAN_POINT('',(-1.,2.65,1.45));
#5221 = VECTOR('',#5222,1.);
#5222 = DIRECTION('',(0.,0.,1.));
#5223 = PLANE('',#5224);
#5224 = AXIS2_PLACEMENT_3D('',#5225,#5226,#5227);
#5225 = CARTESIAN_POINT('',(-1.5,2.65,1.45));
#5226 = DIRECTION('',(0.,1.,0.));
#5227 = DIRECTION('',(0.,-0.,1.));
#5228 = ADVANCED_FACE('',(#5229),#5240,.F.);
#5229 = FACE_BOUND('',#5230,.T.);
#5230 = EDGE_LOOP('',(#5231,#5232,#5233,#5239));
#5231 = ORIENTED_EDGE('',*,*,#4659,.T.);
#5232 = ORIENTED_EDGE('',*,*,#5218,.F.);
#5233 = ORIENTED_EDGE('',*,*,#5234,.F.);
#5234 = EDGE_CURVE('',#5127,#5211,#5235,.T.);
#5235 = LINE('',#5236,#5237);
#5236 = CARTESIAN_POINT('',(-1.,0.6,1.45));
#5237 = VECTOR('',#5238,1.);
#5238 = DIRECTION('',(0.,1.,0.));
#5239 = ORIENTED_EDGE('',*,*,#5126,.T.);
#5240 = PLANE('',#5241);
#5241 = AXIS2_PLACEMENT_3D('',#5242,#5243,#5244);
#5242 = CARTESIAN_POINT('',(-1.,0.6,1.45));
#5243 = DIRECTION('',(1.,0.,0.));
#5244 = DIRECTION('',(0.,0.,-1.));
#5245 = ADVANCED_FACE('',(#5246),#5264,.F.);
#5246 = FACE_BOUND('',#5247,.T.);
#5247 = EDGE_LOOP('',(#5248,#5249,#5257,#5263));
#5248 = ORIENTED_EDGE('',*,*,#4683,.T.);
#5249 = ORIENTED_EDGE('',*,*,#5250,.F.);
#5250 = EDGE_CURVE('',#5251,#4676,#5253,.T.);
#5251 = VERTEX_POINT('',#5252);
#5252 = CARTESIAN_POINT('',(-4.75,2.65,1.45));
#5253 = LINE('',#5254,#5255);
#5254 = CARTESIAN_POINT('',(-4.75,2.65,1.45));
#5255 = VECTOR('',#5256,1.);
#5256 = DIRECTION('',(0.,0.,1.));
#5257 = ORIENTED_EDGE('',*,*,#5258,.F.);
#5258 = EDGE_CURVE('',#5103,#5251,#5259,.T.);
#5259 = LINE('',#5260,#5261);
#5260 = CARTESIAN_POINT('',(-4.75,2.65,1.45));
#5261 = VECTOR('',#5262,1.);
#5262 = DIRECTION('',(-1.,0.,0.));
#5263 = ORIENTED_EDGE('',*,*,#5102,.T.);
#5264 = PLANE('',#5265);
#5265 = AXIS2_PLACEMENT_3D('',#5266,#5267,#5268);
#5266 = CARTESIAN_POINT('',(-4.75,2.65,1.45));
#5267 = DIRECTION('',(0.,1.,0.));
#5268 = DIRECTION('',(0.,-0.,1.));
#5269 = ADVANCED_FACE('',(#5270),#5281,.F.);
#5270 = FACE_BOUND('',#5271,.T.);
#5271 = EDGE_LOOP('',(#5272,#5273,#5274,#5280));
#5272 = ORIENTED_EDGE('',*,*,#4675,.T.);
#5273 = ORIENTED_EDGE('',*,*,#5142,.F.);
#5274 = ORIENTED_EDGE('',*,*,#5275,.F.);
#5275 = EDGE_CURVE('',#5251,#5135,#5276,.T.);
#5276 = LINE('',#5277,#5278);
#5277 = CARTESIAN_POINT('',(-4.75,2.65,1.45));
#5278 = VECTOR('',#5279,1.);
#5279 = DIRECTION('',(0.,-1.,0.));
#5280 = ORIENTED_EDGE('',*,*,#5250,.T.);
#5281 = PLANE('',#5282);
#5282 = AXIS2_PLACEMENT_3D('',#5283,#5284,#5285);
#5283 = CARTESIAN_POINT('',(-4.75,2.65,1.45));
#5284 = DIRECTION('',(-1.,0.,0.));
#5285 = DIRECTION('',(0.,0.,1.));
#5286 = ADVANCED_FACE('',(#5287),#5298,.F.);
#5287 = FACE_BOUND('',#5288,.T.);
#5288 = EDGE_LOOP('',(#5289,#5290,#5291,#5297));
#5289 = ORIENTED_EDGE('',*,*,#4643,.T.);
#5290 = ORIENTED_EDGE('',*,*,#5087,.F.);
#5291 = ORIENTED_EDGE('',*,*,#5292,.F.);
#5292 = EDGE_CURVE('',#5203,#5080,#5293,.T.);
#5293 = LINE('',#5294,#5295);
#5294 = CARTESIAN_POINT('',(-1.5,2.15,1.45));
#5295 = VECTOR('',#5296,1.);
#5296 = DIRECTION('',(0.,-1.,0.));
#5297 = ORIENTED_EDGE('',*,*,#5202,.T.);
#5298 = PLANE('',#5299);
#5299 = AXIS2_PLACEMENT_3D('',#5300,#5301,#5302);
#5300 = CARTESIAN_POINT('',(-1.5,2.15,1.45));
#5301 = DIRECTION('',(-1.,0.,0.));
#5302 = DIRECTION('',(0.,0.,1.));
#5303 = ADVANCED_FACE('',(#5304),#5323,.F.);
#5304 = FACE_BOUND('',#5305,.T.);
#5305 = EDGE_LOOP('',(#5306,#5307,#5308,#5316,#5322));
#5306 = ORIENTED_EDGE('',*,*,#3961,.F.);
#5307 = ORIENTED_EDGE('',*,*,#4621,.F.);
#5308 = ORIENTED_EDGE('',*,*,#5309,.T.);
#5309 = EDGE_CURVE('',#4614,#5310,#5312,.T.);
#5310 = VERTEX_POINT('',#5311);
#5311 = CARTESIAN_POINT('',(-0.5,1.95,3.4));
#5312 = LINE('',#5313,#5314);
#5313 = CARTESIAN_POINT('',(-0.5,1.95,3.5));
#5314 = VECTOR('',#5315,1.);
#5315 = DIRECTION('',(0.,0.,-1.));
#5316 = ORIENTED_EDGE('',*,*,#5317,.F.);
#5317 = EDGE_CURVE('',#4396,#5310,#5318,.T.);
#5318 = LINE('',#5319,#5320);
#5319 = CARTESIAN_POINT('',(-0.3,1.95,3.4));
#5320 = VECTOR('',#5321,1.);
#5321 = DIRECTION('',(-1.,0.,0.));
#5322 = ORIENTED_EDGE('',*,*,#4395,.T.);
#5323 = PLANE('',#5324);
#5324 = AXIS2_PLACEMENT_3D('',#5325,#5326,#5327);
#5325 = CARTESIAN_POINT('',(-0.5,1.95,4.05));
#5326 = DIRECTION('',(0.,1.,0.));
#5327 = DIRECTION('',(0.,-0.,1.));
#5328 = ADVANCED_FACE('',(#5329),#5340,.F.);
#5329 = FACE_BOUND('',#5330,.T.);
#5330 = EDGE_LOOP('',(#5331,#5332,#5333,#5334));
#5331 = ORIENTED_EDGE('',*,*,#4435,.T.);
#5332 = ORIENTED_EDGE('',*,*,#5157,.F.);
#5333 = ORIENTED_EDGE('',*,*,#4241,.F.);
#5334 = ORIENTED_EDGE('',*,*,#5335,.T.);
#5335 = EDGE_CURVE('',#4234,#4436,#5336,.T.);
#5336 = LINE('',#5337,#5338);
#5337 = CARTESIAN_POINT('',(-5.75,0.2,0.65));
#5338 = VECTOR('',#5339,1.);
#5339 = DIRECTION('',(1.,0.,0.));
#5340 = PLANE('',#5341);
#5341 = AXIS2_PLACEMENT_3D('',#5342,#5343,#5344);
#5342 = CARTESIAN_POINT('',(-5.75,0.2,0.65));
#5343 = DIRECTION('',(0.,5.421010862428E-16,1.));
#5344 = DIRECTION('',(0.,-1.,5.421010862428E-16));
#5345 = ADVANCED_FACE('',(#5346),#5357,.F.);
#5346 = FACE_BOUND('',#5347,.T.);
#5347 = EDGE_LOOP('',(#5348,#5354,#5355,#5356));
#5348 = ORIENTED_EDGE('',*,*,#5349,.F.);
#5349 = EDGE_CURVE('',#4226,#4444,#5350,.T.);
#5350 = LINE('',#5351,#5352);
#5351 = CARTESIAN_POINT('',(-5.75,0.2,0.5));
#5352 = VECTOR('',#5353,1.);
#5353 = DIRECTION('',(1.,0.,0.));
#5354 = ORIENTED_EDGE('',*,*,#4225,.F.);
#5355 = ORIENTED_EDGE('',*,*,#4959,.T.);
#5356 = ORIENTED_EDGE('',*,*,#4451,.T.);
#5357 = PLANE('',#5358);
#5358 = AXIS2_PLACEMENT_3D('',#5359,#5360,#5361);
#5359 = CARTESIAN_POINT('',(-5.75,0.95,0.5));
#5360 = DIRECTION('',(0.,-1.445602896647E-16,1.));
#5361 = DIRECTION('',(0.,-1.,-1.445602896647E-16));
#5362 = ADVANCED_FACE('',(#5363),#5381,.T.);
#5363 = FACE_BOUND('',#5364,.T.);
#5364 = EDGE_LOOP('',(#5365,#5366,#5367,#5375));
#5365 = ORIENTED_EDGE('',*,*,#4138,.F.);
#5366 = ORIENTED_EDGE('',*,*,#4273,.F.);
#5367 = ORIENTED_EDGE('',*,*,#5368,.T.);
#5368 = EDGE_CURVE('',#4266,#5369,#5371,.T.);
#5369 = VERTEX_POINT('',#5370);
#5370 = CARTESIAN_POINT('',(-5.25,0.6,3.4));
#5371 = LINE('',#5372,#5373);
#5372 = CARTESIAN_POINT('',(-5.45,0.6,3.4));
#5373 = VECTOR('',#5374,1.);
#5374 = DIRECTION('',(1.,0.,0.));
#5375 = ORIENTED_EDGE('',*,*,#5376,.T.);
#5376 = EDGE_CURVE('',#5369,#4139,#5377,.T.);
#5377 = LINE('',#5378,#5379);
#5378 = CARTESIAN_POINT('',(-5.25,0.7625,3.4));
#5379 = VECTOR('',#5380,1.);
#5380 = DIRECTION('',(0.,1.,0.));
#5381 = PLANE('',#5382);
#5382 = AXIS2_PLACEMENT_3D('',#5383,#5384,#5385);
#5383 = CARTESIAN_POINT('',(-5.25,1.95,3.4));
#5384 = DIRECTION('',(0.,0.,1.));
#5385 = DIRECTION('',(1.,0.,-0.));
#5386 = ADVANCED_FACE('',(#5387),#5405,.T.);
#5387 = FACE_BOUND('',#5388,.T.);
#5388 = EDGE_LOOP('',(#5389,#5390,#5391,#5399));
#5389 = ORIENTED_EDGE('',*,*,#5368,.F.);
#5390 = ORIENTED_EDGE('',*,*,#4265,.F.);
#5391 = ORIENTED_EDGE('',*,*,#5392,.F.);
#5392 = EDGE_CURVE('',#5393,#4258,#5395,.T.);
#5393 = VERTEX_POINT('',#5394);
#5394 = CARTESIAN_POINT('',(-5.25,0.6,1.8));
#5395 = LINE('',#5396,#5397);
#5396 = CARTESIAN_POINT('',(-5.25,0.6,1.8));
#5397 = VECTOR('',#5398,1.);
#5398 = DIRECTION('',(-1.,0.,0.));
#5399 = ORIENTED_EDGE('',*,*,#5400,.T.);
#5400 = EDGE_CURVE('',#5393,#5369,#5401,.T.);
#5401 = LINE('',#5402,#5403);
#5402 = CARTESIAN_POINT('',(-5.25,0.6,2.4));
#5403 = VECTOR('',#5404,1.);
#5404 = DIRECTION('',(0.,-1.790682297783E-16,1.));
#5405 = PLANE('',#5406);
#5406 = AXIS2_PLACEMENT_3D('',#5407,#5408,#5409);
#5407 = CARTESIAN_POINT('',(-5.25,0.6,3.4));
#5408 = DIRECTION('',(0.,-1.,0.));
#5409 = DIRECTION('',(0.,0.,-1.));
#5410 = ADVANCED_FACE('',(#5411),#5417,.F.);
#5411 = FACE_BOUND('',#5412,.T.);
#5412 = EDGE_LOOP('',(#5413,#5414,#5415,#5416));
#5413 = ORIENTED_EDGE('',*,*,#4443,.T.);
#5414 = ORIENTED_EDGE('',*,*,#5335,.F.);
#5415 = ORIENTED_EDGE('',*,*,#4233,.F.);
#5416 = ORIENTED_EDGE('',*,*,#5349,.T.);
#5417 = PLANE('',#5418);
#5418 = AXIS2_PLACEMENT_3D('',#5419,#5420,#5421);
#5419 = CARTESIAN_POINT('',(-5.75,0.2,0.5));
#5420 = DIRECTION('',(0.,1.,1.807003620809E-16));
#5421 = DIRECTION('',(0.,-1.807003620809E-16,1.));
#5422 = ADVANCED_FACE('',(#5423),#5434,.T.);
#5423 = FACE_BOUND('',#5424,.T.);
#5424 = EDGE_LOOP('',(#5425,#5426,#5427,#5433));
#5425 = ORIENTED_EDGE('',*,*,#4257,.F.);
#5426 = ORIENTED_EDGE('',*,*,#5187,.F.);
#5427 = ORIENTED_EDGE('',*,*,#5428,.T.);
#5428 = EDGE_CURVE('',#5180,#5393,#5429,.T.);
#5429 = LINE('',#5430,#5431);
#5430 = CARTESIAN_POINT('',(-5.25,0.6,1.8));
#5431 = VECTOR('',#5432,1.);
#5432 = DIRECTION('',(0.,1.,0.));
#5433 = ORIENTED_EDGE('',*,*,#5392,.T.);
#5434 = PLANE('',#5435);
#5435 = AXIS2_PLACEMENT_3D('',#5436,#5437,#5438);
#5436 = CARTESIAN_POINT('',(-5.25,0.6,1.8));
#5437 = DIRECTION('',(0.,0.,1.));
#5438 = DIRECTION('',(1.,0.,-0.));
#5439 = ADVANCED_FACE('',(#5440),#5451,.F.);
#5440 = FACE_BOUND('',#5441,.T.);
#5441 = EDGE_LOOP('',(#5442,#5443,#5449,#5450));
#5442 = ORIENTED_EDGE('',*,*,#4491,.T.);
#5443 = ORIENTED_EDGE('',*,*,#5444,.F.);
#5444 = EDGE_CURVE('',#4558,#4484,#5445,.T.);
#5445 = LINE('',#5446,#5447);
#5446 = CARTESIAN_POINT('',(-0.5,3.65,0.6));
#5447 = VECTOR('',#5448,1.);
#5448 = DIRECTION('',(1.,0.,0.));
#5449 = ORIENTED_EDGE('',*,*,#4557,.F.);
#5450 = ORIENTED_EDGE('',*,*,#4918,.T.);
#5451 = PLANE('',#5452);
#5452 = AXIS2_PLACEMENT_3D('',#5453,#5454,#5455);
#5453 = CARTESIAN_POINT('',(-0.5,3.65,1.9));
#5454 = DIRECTION('',(0.,-1.,0.));
#5455 = DIRECTION('',(0.,0.,-1.));
#5456 = ADVANCED_FACE('',(#5457),#5463,.F.);
#5457 = FACE_BOUND('',#5458,.T.);
#5458 = EDGE_LOOP('',(#5459,#5460,#5461,#5462));
#5459 = ORIENTED_EDGE('',*,*,#4483,.T.);
#5460 = ORIENTED_EDGE('',*,*,#5056,.F.);
#5461 = ORIENTED_EDGE('',*,*,#4565,.F.);
#5462 = ORIENTED_EDGE('',*,*,#5444,.T.);
#5463 = PLANE('',#5464);
#5464 = AXIS2_PLACEMENT_3D('',#5465,#5466,#5467);
#5465 = CARTESIAN_POINT('',(-0.5,3.65,0.6));
#5466 = DIRECTION('',(0.,-1.971276677246E-16,1.));
#5467 = DIRECTION('',(0.,-1.,-1.971276677246E-16));
#5468 = ADVANCED_FACE('',(#5469),#5487,.F.);
#5469 = FACE_BOUND('',#5470,.T.);
#5470 = EDGE_LOOP('',(#5471,#5472,#5480,#5486));
#5471 = ORIENTED_EDGE('',*,*,#4419,.T.);
#5472 = ORIENTED_EDGE('',*,*,#5473,.F.);
#5473 = EDGE_CURVE('',#5474,#4412,#5476,.T.);
#5474 = VERTEX_POINT('',#5475);
#5475 = CARTESIAN_POINT('',(-0.5,0.6,1.8));
#5476 = LINE('',#5477,#5478);
#5477 = CARTESIAN_POINT('',(-0.5,0.6,1.8));
#5478 = VECTOR('',#5479,1.);
#5479 = DIRECTION('',(1.,0.,0.));
#5480 = ORIENTED_EDGE('',*,*,#5481,.F.);
#5481 = EDGE_CURVE('',#5165,#5474,#5482,.T.);
#5482 = LINE('',#5483,#5484);
#5483 = CARTESIAN_POINT('',(-0.5,0.6,1.8));
#5484 = VECTOR('',#5485,1.);
#5485 = DIRECTION('',(0.,1.,0.));
#5486 = ORIENTED_EDGE('',*,*,#5164,.T.);
#5487 = PLANE('',#5488);
#5488 = AXIS2_PLACEMENT_3D('',#5489,#5490,#5491);
#5489 = CARTESIAN_POINT('',(-0.5,0.6,1.8));
#5490 = DIRECTION('',(0.,0.,-1.));
#5491 = DIRECTION('',(-1.,0.,0.));
#5492 = ADVANCED_FACE('',(#5493),#5511,.F.);
#5493 = FACE_BOUND('',#5494,.T.);
#5494 = EDGE_LOOP('',(#5495,#5496,#5504,#5510));
#5495 = ORIENTED_EDGE('',*,*,#5317,.T.);
#5496 = ORIENTED_EDGE('',*,*,#5497,.T.);
#5497 = EDGE_CURVE('',#5310,#5498,#5500,.T.);
#5498 = VERTEX_POINT('',#5499);
#5499 = CARTESIAN_POINT('',(-0.5,0.6,3.4));
#5500 = LINE('',#5501,#5502);
#5501 = CARTESIAN_POINT('',(-0.5,1.4375,3.4));
#5502 = VECTOR('',#5503,1.);
#5503 = DIRECTION('',(0.,-1.,0.));
#5504 = ORIENTED_EDGE('',*,*,#5505,.F.);
#5505 = EDGE_CURVE('',#4404,#5498,#5506,.T.);
#5506 = LINE('',#5507,#5508);
#5507 = CARTESIAN_POINT('',(-0.3,0.6,3.4));
#5508 = VECTOR('',#5509,1.);
#5509 = DIRECTION('',(-1.,0.,0.));
#5510 = ORIENTED_EDGE('',*,*,#4403,.T.);
#5511 = PLANE('',#5512);
#5512 = AXIS2_PLACEMENT_3D('',#5513,#5514,#5515);
#5513 = CARTESIAN_POINT('',(-0.5,1.95,3.4));
#5514 = DIRECTION('',(0.,0.,-1.));
#5515 = DIRECTION('',(-1.,0.,0.));
#5516 = ADVANCED_FACE('',(#5517),#5528,.F.);
#5517 = FACE_BOUND('',#5518,.T.);
#5518 = EDGE_LOOP('',(#5519,#5525,#5526,#5527));
#5519 = ORIENTED_EDGE('',*,*,#5520,.F.);
#5520 = EDGE_CURVE('',#5474,#5498,#5521,.T.);
#5521 = LINE('',#5522,#5523);
#5522 = CARTESIAN_POINT('',(-0.5,0.6,3.4));
#5523 = VECTOR('',#5524,1.);
#5524 = DIRECTION('',(0.,0.,1.));
#5525 = ORIENTED_EDGE('',*,*,#5473,.T.);
#5526 = ORIENTED_EDGE('',*,*,#4411,.T.);
#5527 = ORIENTED_EDGE('',*,*,#5505,.T.);
#5528 = PLANE('',#5529);
#5529 = AXIS2_PLACEMENT_3D('',#5530,#5531,#5532);
#5530 = CARTESIAN_POINT('',(-0.5,0.6,3.4));
#5531 = DIRECTION('',(0.,1.,0.));
#5532 = DIRECTION('',(0.,-0.,1.));
#5533 = ADVANCED_FACE('',(#5534),#5559,.F.);
#5534 = FACE_BOUND('',#5535,.T.);
#5535 = EDGE_LOOP('',(#5536,#5537,#5545,#5553));
#5536 = ORIENTED_EDGE('',*,*,#4984,.F.);
#5537 = ORIENTED_EDGE('',*,*,#5538,.F.);
#5538 = EDGE_CURVE('',#5539,#4985,#5541,.T.);
#5539 = VERTEX_POINT('',#5540);
#5540 = CARTESIAN_POINT('',(-2.4,2.85,2.25));
#5541 = LINE('',#5542,#5543);
#5542 = CARTESIAN_POINT('',(-2.400000000023,2.45,2.25));
#5543 = VECTOR('',#5544,1.);
#5544 = DIRECTION('',(0.,-1.,0.));
#5545 = ORIENTED_EDGE('',*,*,#5546,.T.);
#5546 = EDGE_CURVE('',#5539,#5547,#5549,.T.);
#5547 = VERTEX_POINT('',#5548);
#5548 = CARTESIAN_POINT('',(-2.4,2.85,3.25));
#5549 = LINE('',#5550,#5551);
#5550 = CARTESIAN_POINT('',(-2.4,2.85,0.));
#5551 = VECTOR('',#5552,1.);
#5552 = DIRECTION('',(0.,0.,1.));
#5553 = ORIENTED_EDGE('',*,*,#5554,.F.);
#5554 = EDGE_CURVE('',#4987,#5547,#5555,.T.);
#5555 = LINE('',#5556,#5557);
#5556 = CARTESIAN_POINT('',(-2.400000000023,2.45,3.25));
#5557 = VECTOR('',#5558,1.);
#5558 = DIRECTION('',(0.,1.,0.));
#5559 = PLANE('',#5560);
#5560 = AXIS2_PLACEMENT_3D('',#5561,#5562,#5563);
#5561 = CARTESIAN_POINT('',(-2.4,2.45,0.));
#5562 = DIRECTION('',(-1.,0.,0.));
#5563 = DIRECTION('',(0.,0.,1.));
#5564 = ADVANCED_FACE('',(#5565),#5583,.F.);
#5565 = FACE_BOUND('',#5566,.T.);
#5566 = EDGE_LOOP('',(#5567,#5575,#5576,#5577));
#5567 = ORIENTED_EDGE('',*,*,#5568,.F.);
#5568 = EDGE_CURVE('',#5539,#5569,#5571,.T.);
#5569 = VERTEX_POINT('',#5570);
#5570 = CARTESIAN_POINT('',(-3.35,2.85,2.25));
#5571 = LINE('',#5572,#5573);
#5572 = CARTESIAN_POINT('',(5.E+05,2.85,2.25));
#5573 = VECTOR('',#5574,1.);
#5574 = DIRECTION('',(-1.,0.,0.));
#5575 = ORIENTED_EDGE('',*,*,#5538,.T.);
#5576 = ORIENTED_EDGE('',*,*,#5010,.T.);
#5577 = ORIENTED_EDGE('',*,*,#5578,.T.);
#5578 = EDGE_CURVE('',#5003,#5569,#5579,.T.);
#5579 = LINE('',#5580,#5581);
#5580 = CARTESIAN_POINT('',(-3.350000000012,2.45,2.25));
#5581 = VECTOR('',#5582,1.);
#5582 = DIRECTION('',(0.,1.,0.));
#5583 = PLANE('',#5584);
#5584 = AXIS2_PLACEMENT_3D('',#5585,#5586,#5587);
#5585 = CARTESIAN_POINT('',(5.E+05,2.45,2.25));
#5586 = DIRECTION('',(0.,0.,1.));
#5587 = DIRECTION('',(1.,0.,-0.));
#5588 = ADVANCED_FACE('',(#5589),#5607,.F.);
#5589 = FACE_BOUND('',#5590,.T.);
#5590 = EDGE_LOOP('',(#5591,#5592,#5593,#5601));
#5591 = ORIENTED_EDGE('',*,*,#4994,.F.);
#5592 = ORIENTED_EDGE('',*,*,#5554,.T.);
#5593 = ORIENTED_EDGE('',*,*,#5594,.T.);
#5594 = EDGE_CURVE('',#5547,#5595,#5597,.T.);
#5595 = VERTEX_POINT('',#5596);
#5596 = CARTESIAN_POINT('',(-3.35,2.85,3.25));
#5597 = LINE('',#5598,#5599);
#5598 = CARTESIAN_POINT('',(5.E+05,2.85,3.25));
#5599 = VECTOR('',#5600,1.);
#5600 = DIRECTION('',(-1.,0.,0.));
#5601 = ORIENTED_EDGE('',*,*,#5602,.T.);
#5602 = EDGE_CURVE('',#5595,#4995,#5603,.T.);
#5603 = LINE('',#5604,#5605);
#5604 = CARTESIAN_POINT('',(-3.350000000012,2.45,3.25));
#5605 = VECTOR('',#5606,1.);
#5606 = DIRECTION('',(0.,-1.,0.));
#5607 = PLANE('',#5608);
#5608 = AXIS2_PLACEMENT_3D('',#5609,#5610,#5611);
#5609 = CARTESIAN_POINT('',(5.E+05,2.45,3.25));
#5610 = DIRECTION('',(0.,0.,-1.));
#5611 = DIRECTION('',(-1.,0.,0.));
#5612 = ADVANCED_FACE('',(#5613),#5624,.F.);
#5613 = FACE_BOUND('',#5614,.T.);
#5614 = EDGE_LOOP('',(#5615,#5621,#5622,#5623));
#5615 = ORIENTED_EDGE('',*,*,#5616,.F.);
#5616 = EDGE_CURVE('',#5569,#5595,#5617,.T.);
#5617 = LINE('',#5618,#5619);
#5618 = CARTESIAN_POINT('',(-3.35,2.85,0.));
#5619 = VECTOR('',#5620,1.);
#5620 = DIRECTION('',(0.,0.,1.));
#5621 = ORIENTED_EDGE('',*,*,#5578,.F.);
#5622 = ORIENTED_EDGE('',*,*,#5002,.T.);
#5623 = ORIENTED_EDGE('',*,*,#5602,.F.);
#5624 = PLANE('',#5625);
#5625 = AXIS2_PLACEMENT_3D('',#5626,#5627,#5628);
#5626 = CARTESIAN_POINT('',(-3.35,2.45,0.));
#5627 = DIRECTION('',(1.,0.,0.));
#5628 = DIRECTION('',(0.,0.,-1.));
#5629 = ADVANCED_FACE('',(#5630),#5640,.T.);
#5630 = FACE_BOUND('',#5631,.T.);
#5631 = EDGE_LOOP('',(#5632,#5633,#5634,#5635,#5636,#5637,#5638,#5639));
#5632 = ORIENTED_EDGE('',*,*,#5079,.T.);
#5633 = ORIENTED_EDGE('',*,*,#5110,.T.);
#5634 = ORIENTED_EDGE('',*,*,#5258,.T.);
#5635 = ORIENTED_EDGE('',*,*,#5275,.T.);
#5636 = ORIENTED_EDGE('',*,*,#5134,.T.);
#5637 = ORIENTED_EDGE('',*,*,#5234,.T.);
#5638 = ORIENTED_EDGE('',*,*,#5210,.T.);
#5639 = ORIENTED_EDGE('',*,*,#5292,.T.);
#5640 = PLANE('',#5641);
#5641 = AXIS2_PLACEMENT_3D('',#5642,#5643,#5644);
#5642 = CARTESIAN_POINT('',(-1.5,2.15,1.45));
#5643 = DIRECTION('',(0.,0.,1.));
#5644 = DIRECTION('',(1.,0.,-0.));
#5645 = ADVANCED_FACE('',(#5646),#5654,.F.);
#5646 = FACE_BOUND('',#5647,.T.);
#5647 = EDGE_LOOP('',(#5648,#5649,#5650,#5651,#5652,#5653));
#5648 = ORIENTED_EDGE('',*,*,#5179,.F.);
#5649 = ORIENTED_EDGE('',*,*,#4597,.F.);
#5650 = ORIENTED_EDGE('',*,*,#4146,.F.);
#5651 = ORIENTED_EDGE('',*,*,#5376,.F.);
#5652 = ORIENTED_EDGE('',*,*,#5400,.F.);
#5653 = ORIENTED_EDGE('',*,*,#5428,.F.);
#5654 = PLANE('',#5655);
#5655 = AXIS2_PLACEMENT_3D('',#5656,#5657,#5658);
#5656 = CARTESIAN_POINT('',(-5.25,1.95,4.05));
#5657 = DIRECTION('',(1.,0.,0.));
#5658 = DIRECTION('',(0.,0.,1.));
#5659 = ADVANCED_FACE('',(#5660),#5668,.F.);
#5660 = FACE_BOUND('',#5661,.T.);
#5661 = EDGE_LOOP('',(#5662,#5663,#5664,#5665,#5666,#5667));
#5662 = ORIENTED_EDGE('',*,*,#5172,.T.);
#5663 = ORIENTED_EDGE('',*,*,#5481,.T.);
#5664 = ORIENTED_EDGE('',*,*,#5520,.T.);
#5665 = ORIENTED_EDGE('',*,*,#5497,.F.);
#5666 = ORIENTED_EDGE('',*,*,#5309,.F.);
#5667 = ORIENTED_EDGE('',*,*,#4613,.F.);
#5668 = PLANE('',#5669);
#5669 = AXIS2_PLACEMENT_3D('',#5670,#5671,#5672);
#5670 = CARTESIAN_POINT('',(-0.5,1.95,4.05));
#5671 = DIRECTION('',(-1.,0.,0.));
#5672 = DIRECTION('',(0.,0.,1.));
#5673 = ADVANCED_FACE('',(#5674),#5680,.F.);
#5674 = FACE_BOUND('',#5675,.T.);
#5675 = EDGE_LOOP('',(#5676,#5677,#5678,#5679));
#5676 = ORIENTED_EDGE('',*,*,#5594,.F.);
#5677 = ORIENTED_EDGE('',*,*,#5546,.F.);
#5678 = ORIENTED_EDGE('',*,*,#5568,.T.);
#5679 = ORIENTED_EDGE('',*,*,#5616,.T.);
#5680 = PLANE('',#5681);
#5681 = AXIS2_PLACEMENT_3D('',#5682,#5683,#5684);
#5682 = CARTESIAN_POINT('',(5.E+05,2.85,3.25));
#5683 = DIRECTION('',(0.,-1.,0.));
#5684 = DIRECTION('',(0.,0.,-1.));
#5685 = ( GEOMETRIC_REPRESENTATION_CONTEXT(3) 
GLOBAL_UNCERTAINTY_ASSIGNED_CONTEXT((#5689)) 
GLOBAL_UNIT_ASSIGNED_CONTEXT((#5686,#5687,#5688)) REPRESENTATION_CONTEXT
('Context #1','3D Context with UNIT and UNCERTAINTY') );
#5686 = ( LENGTH_UNIT() NAMED_UNIT(*) SI_UNIT(.MILLI.,.METRE.) );
#5687 = ( NAMED_UNIT(*) PLANE_ANGLE_UNIT() SI_UNIT($,.RADIAN.) );
#5688 = ( NAMED_UNIT(*) SI_UNIT($,.STERADIAN.) SOLID_ANGLE_UNIT() );
#5689 = UNCERTAINTY_MEASURE_WITH_UNIT(LENGTH_MEASURE(1.E-07),#5686,
  'distance_accuracy_value','confusion accuracy');
#5690 = SHAPE_DEFINITION_REPRESENTATION(#5691,#3954);
#5691 = PRODUCT_DEFINITION_SHAPE('','',#5692);
#5692 = PRODUCT_DEFINITION('design','',#5693,#5696);
#5693 = PRODUCT_DEFINITION_FORMATION('','',#5694);
#5694 = PRODUCT('SM02B-GHS-TB','SM02B-GHS-TB','',(#5695));
#5695 = PRODUCT_CONTEXT('',#2,'mechanical');
#5696 = PRODUCT_DEFINITION_CONTEXT('part definition',#2,'design');
#5697 = CONTEXT_DEPENDENT_SHAPE_REPRESENTATION(#5698,#5700);
#5698 = ( REPRESENTATION_RELATIONSHIP('','',#3954,#2937) 
REPRESENTATION_RELATIONSHIP_WITH_TRANSFORMATION(#5699) 
SHAPE_REPRESENTATION_RELATIONSHIP() );
#5699 = ITEM_DEFINED_TRANSFORMATION('','',#11,#2950);
#5700 = PRODUCT_DEFINITION_SHAPE('Placement','Placement of an item',
  #5701);
#5701 = NEXT_ASSEMBLY_USAGE_OCCURRENCE('16','SM02B-GHS-TB:1','',#2932,
  #5692,$);
#5702 = PRODUCT_RELATED_PRODUCT_CATEGORY('part',$,(#5694));
#5703 = SHAPE_REPRESENTATION('',(#11,#5704,#5887),#6070);
#5704 = MANIFOLD_SOLID_BREP('',#5705);
#5705 = CLOSED_SHELL('',(#5706,#5746,#5777,#5809,#5841,#5858,#5875));
#5706 = ADVANCED_FACE('',(#5707),#5741,.T.);
#5707 = FACE_BOUND('',#5708,.T.);
#5708 = EDGE_LOOP('',(#5709,#5719,#5727,#5735));
#5709 = ORIENTED_EDGE('',*,*,#5710,.T.);
#5710 = EDGE_CURVE('',#5711,#5713,#5715,.T.);
#5711 = VERTEX_POINT('',#5712);
#5712 = CARTESIAN_POINT('',(-2.080816219481,-1.182514874341,1.778));
#5713 = VERTEX_POINT('',#5714);
#5714 = CARTESIAN_POINT('',(-2.080816219481,-1.436514874341,2.032));
#5715 = LINE('',#5716,#5717);
#5716 = CARTESIAN_POINT('',(-2.080816219481,-0.801514874341,1.397));
#5717 = VECTOR('',#5718,1.);
#5718 = DIRECTION('',(0.,-0.707106781187,0.707106781187));
#5719 = ORIENTED_EDGE('',*,*,#5720,.T.);
#5720 = EDGE_CURVE('',#5713,#5721,#5723,.T.);
#5721 = VERTEX_POINT('',#5722);
#5722 = CARTESIAN_POINT('',(-1.90404333508,-1.436514874341,2.032));
#5723 = LINE('',#5724,#5725);
#5724 = CARTESIAN_POINT('',(-1.94823655618,-1.436514874341,2.032));
#5725 = VECTOR('',#5726,1.);
#5726 = DIRECTION('',(1.,0.,0.));
#5727 = ORIENTED_EDGE('',*,*,#5728,.T.);
#5728 = EDGE_CURVE('',#5721,#5729,#5731,.T.);
#5729 = VERTEX_POINT('',#5730);
#5730 = CARTESIAN_POINT('',(-1.90404333508,-1.182514874341,1.778));
#5731 = LINE('',#5732,#5733);
#5732 = CARTESIAN_POINT('',(-1.90404333508,-0.915375989504,
    1.510861115163));
#5733 = VECTOR('',#5734,1.);
#5734 = DIRECTION('',(0.,0.707106781187,-0.707106781187));
#5735 = ORIENTED_EDGE('',*,*,#5736,.T.);
#5736 = EDGE_CURVE('',#5729,#5711,#5737,.T.);
#5737 = LINE('',#5738,#5739);
#5738 = CARTESIAN_POINT('',(-1.94823655618,-1.182514874341,1.778));
#5739 = VECTOR('',#5740,1.);
#5740 = DIRECTION('',(-1.,0.,0.));
#5741 = PLANE('',#5742);
#5742 = AXIS2_PLACEMENT_3D('',#5743,#5744,#5745);
#5743 = CARTESIAN_POINT('',(-1.94823655618,-1.309514874341,1.905));
#5744 = DIRECTION('',(0.,0.707106781187,0.707106781187));
#5745 = DIRECTION('',(1.,0.,-0.));
#5746 = ADVANCED_FACE('',(#5747),#5772,.T.);
#5747 = FACE_BOUND('',#5748,.T.);
#5748 = EDGE_LOOP('',(#5749,#5750,#5758,#5766));
#5749 = ORIENTED_EDGE('',*,*,#5720,.F.);
#5750 = ORIENTED_EDGE('',*,*,#5751,.T.);
#5751 = EDGE_CURVE('',#5713,#5752,#5754,.T.);
#5752 = VERTEX_POINT('',#5753);
#5753 = CARTESIAN_POINT('',(-2.080816219481,-1.637959334994,2.032));
#5754 = LINE('',#5755,#5756);
#5755 = CARTESIAN_POINT('',(-2.080816219481,-1.182514874341,2.032));
#5756 = VECTOR('',#5757,1.);
#5757 = DIRECTION('',(0.,-1.,0.));
#5758 = ORIENTED_EDGE('',*,*,#5759,.T.);
#5759 = EDGE_CURVE('',#5752,#5760,#5762,.T.);
#5760 = VERTEX_POINT('',#5761);
#5761 = CARTESIAN_POINT('',(-1.90404333508,-1.637959334994,2.032));
#5762 = LINE('',#5763,#5764);
#5763 = CARTESIAN_POINT('',(-2.080816219481,-1.637959334994,2.032));
#5764 = VECTOR('',#5765,1.);
#5765 = DIRECTION('',(1.,0.,0.));
#5766 = ORIENTED_EDGE('',*,*,#5767,.T.);
#5767 = EDGE_CURVE('',#5760,#5721,#5768,.T.);
#5768 = LINE('',#5769,#5770);
#5769 = CARTESIAN_POINT('',(-1.90404333508,-1.637959334994,2.032));
#5770 = VECTOR('',#5771,1.);
#5771 = DIRECTION('',(0.,1.,0.));
#5772 = PLANE('',#5773);
#5773 = AXIS2_PLACEMENT_3D('',#5774,#5775,#5776);
#5774 = CARTESIAN_POINT('',(-1.99242977728,-1.410237104667,2.032));
#5775 = DIRECTION('',(0.,0.,1.));
#5776 = DIRECTION('',(1.,0.,-0.));
#5777 = ADVANCED_FACE('',(#5778),#5804,.T.);
#5778 = FACE_BOUND('',#5779,.T.);
#5779 = EDGE_LOOP('',(#5780,#5781,#5789,#5797,#5803));
#5780 = ORIENTED_EDGE('',*,*,#5710,.F.);
#5781 = ORIENTED_EDGE('',*,*,#5782,.F.);
#5782 = EDGE_CURVE('',#5783,#5711,#5785,.T.);
#5783 = VERTEX_POINT('',#5784);
#5784 = CARTESIAN_POINT('',(-2.080816219481,-1.182514874341,0.));
#5785 = LINE('',#5786,#5787);
#5786 = CARTESIAN_POINT('',(-2.080816219481,-1.182514874341,0.));
#5787 = VECTOR('',#5788,1.);
#5788 = DIRECTION('',(0.,0.,1.));
#5789 = ORIENTED_EDGE('',*,*,#5790,.T.);
#5790 = EDGE_CURVE('',#5783,#5791,#5793,.T.);
#5791 = VERTEX_POINT('',#5792);
#5792 = CARTESIAN_POINT('',(-2.080816219481,-1.637959334994,0.));
#5793 = LINE('',#5794,#5795);
#5794 = CARTESIAN_POINT('',(-2.080816219481,-1.182514874341,0.));
#5795 = VECTOR('',#5796,1.);
#5796 = DIRECTION('',(0.,-1.,0.));
#5797 = ORIENTED_EDGE('',*,*,#5798,.T.);
#5798 = EDGE_CURVE('',#5791,#5752,#5799,.T.);
#5799 = LINE('',#5800,#5801);
#5800 = CARTESIAN_POINT('',(-2.080816219481,-1.637959334994,0.));
#5801 = VECTOR('',#5802,1.);
#5802 = DIRECTION('',(0.,0.,1.));
#5803 = ORIENTED_EDGE('',*,*,#5751,.F.);
#5804 = PLANE('',#5805);
#5805 = AXIS2_PLACEMENT_3D('',#5806,#5807,#5808);
#5806 = CARTESIAN_POINT('',(-2.080816219481,-1.182514874341,0.));
#5807 = DIRECTION('',(-1.,0.,0.));
#5808 = DIRECTION('',(0.,-1.,0.));
#5809 = ADVANCED_FACE('',(#5810),#5836,.T.);
#5810 = FACE_BOUND('',#5811,.T.);
#5811 = EDGE_LOOP('',(#5812,#5813,#5814,#5822,#5830));
#5812 = ORIENTED_EDGE('',*,*,#5728,.F.);
#5813 = ORIENTED_EDGE('',*,*,#5767,.F.);
#5814 = ORIENTED_EDGE('',*,*,#5815,.F.);
#5815 = EDGE_CURVE('',#5816,#5760,#5818,.T.);
#5816 = VERTEX_POINT('',#5817);
#5817 = CARTESIAN_POINT('',(-1.90404333508,-1.637959334994,0.));
#5818 = LINE('',#5819,#5820);
#5819 = CARTESIAN_POINT('',(-1.90404333508,-1.637959334994,0.));
#5820 = VECTOR('',#5821,1.);
#5821 = DIRECTION('',(0.,0.,1.));
#5822 = ORIENTED_EDGE('',*,*,#5823,.T.);
#5823 = EDGE_CURVE('',#5816,#5824,#5826,.T.);
#5824 = VERTEX_POINT('',#5825);
#5825 = CARTESIAN_POINT('',(-1.90404333508,-1.182514874341,0.));
#5826 = LINE('',#5827,#5828);
#5827 = CARTESIAN_POINT('',(-1.90404333508,-1.637959334994,0.));
#5828 = VECTOR('',#5829,1.);
#5829 = DIRECTION('',(0.,1.,0.));
#5830 = ORIENTED_EDGE('',*,*,#5831,.T.);
#5831 = EDGE_CURVE('',#5824,#5729,#5832,.T.);
#5832 = LINE('',#5833,#5834);
#5833 = CARTESIAN_POINT('',(-1.90404333508,-1.182514874341,0.));
#5834 = VECTOR('',#5835,1.);
#5835 = DIRECTION('',(0.,0.,1.));
#5836 = PLANE('',#5837);
#5837 = AXIS2_PLACEMENT_3D('',#5838,#5839,#5840);
#5838 = CARTESIAN_POINT('',(-1.90404333508,-1.637959334994,0.));
#5839 = DIRECTION('',(1.,0.,0.));
#5840 = DIRECTION('',(-0.,1.,0.));
#5841 = ADVANCED_FACE('',(#5842),#5853,.T.);
#5842 = FACE_BOUND('',#5843,.T.);
#5843 = EDGE_LOOP('',(#5844,#5850,#5851,#5852));
#5844 = ORIENTED_EDGE('',*,*,#5845,.T.);
#5845 = EDGE_CURVE('',#5791,#5816,#5846,.T.);
#5846 = LINE('',#5847,#5848);
#5847 = CARTESIAN_POINT('',(-2.080816219481,-1.637959334994,0.));
#5848 = VECTOR('',#5849,1.);
#5849 = DIRECTION('',(1.,0.,0.));
#5850 = ORIENTED_EDGE('',*,*,#5815,.T.);
#5851 = ORIENTED_EDGE('',*,*,#5759,.F.);
#5852 = ORIENTED_EDGE('',*,*,#5798,.F.);
#5853 = PLANE('',#5854);
#5854 = AXIS2_PLACEMENT_3D('',#5855,#5856,#5857);
#5855 = CARTESIAN_POINT('',(-2.080816219481,-1.637959334994,0.));
#5856 = DIRECTION('',(0.,-1.,0.));
#5857 = DIRECTION('',(1.,0.,0.));
#5858 = ADVANCED_FACE('',(#5859),#5870,.T.);
#5859 = FACE_BOUND('',#5860,.T.);
#5860 = EDGE_LOOP('',(#5861,#5862,#5863,#5869));
#5861 = ORIENTED_EDGE('',*,*,#5736,.F.);
#5862 = ORIENTED_EDGE('',*,*,#5831,.F.);
#5863 = ORIENTED_EDGE('',*,*,#5864,.T.);
#5864 = EDGE_CURVE('',#5824,#5783,#5865,.T.);
#5865 = LINE('',#5866,#5867);
#5866 = CARTESIAN_POINT('',(-1.90404333508,-1.182514874341,0.));
#5867 = VECTOR('',#5868,1.);
#5868 = DIRECTION('',(-1.,0.,0.));
#5869 = ORIENTED_EDGE('',*,*,#5782,.T.);
#5870 = PLANE('',#5871);
#5871 = AXIS2_PLACEMENT_3D('',#5872,#5873,#5874);
#5872 = CARTESIAN_POINT('',(-1.90404333508,-1.182514874341,0.));
#5873 = DIRECTION('',(0.,1.,0.));
#5874 = DIRECTION('',(-1.,0.,0.));
#5875 = ADVANCED_FACE('',(#5876),#5882,.F.);
#5876 = FACE_BOUND('',#5877,.T.);
#5877 = EDGE_LOOP('',(#5878,#5879,#5880,#5881));
#5878 = ORIENTED_EDGE('',*,*,#5864,.F.);
#5879 = ORIENTED_EDGE('',*,*,#5823,.F.);
#5880 = ORIENTED_EDGE('',*,*,#5845,.F.);
#5881 = ORIENTED_EDGE('',*,*,#5790,.F.);
#5882 = PLANE('',#5883);
#5883 = AXIS2_PLACEMENT_3D('',#5884,#5885,#5886);
#5884 = CARTESIAN_POINT('',(-1.99242977728,-1.410237104667,0.));
#5885 = DIRECTION('',(0.,0.,1.));
#5886 = DIRECTION('',(1.,0.,-0.));
#5887 = MANIFOLD_SOLID_BREP('',#5888);
#5888 = CLOSED_SHELL('',(#5889,#5929,#5960,#5992,#6024,#6041,#6058));
#5889 = ADVANCED_FACE('',(#5890),#5924,.T.);
#5890 = FACE_BOUND('',#5891,.T.);
#5891 = EDGE_LOOP('',(#5892,#5902,#5910,#5918));
#5892 = ORIENTED_EDGE('',*,*,#5893,.T.);
#5893 = EDGE_CURVE('',#5894,#5896,#5898,.T.);
#5894 = VERTEX_POINT('',#5895);
#5895 = CARTESIAN_POINT('',(-0.83961104106,-1.182514874341,1.778));
#5896 = VERTEX_POINT('',#5897);
#5897 = CARTESIAN_POINT('',(-0.83961104106,-1.436514874341,2.032));
#5898 = LINE('',#5899,#5900);
#5899 = CARTESIAN_POINT('',(-0.83961104106,-0.801514874341,1.397));
#5900 = VECTOR('',#5901,1.);
#5901 = DIRECTION('',(0.,-0.707106781187,0.707106781187));
#5902 = ORIENTED_EDGE('',*,*,#5903,.T.);
#5903 = EDGE_CURVE('',#5896,#5904,#5906,.T.);
#5904 = VERTEX_POINT('',#5905);
#5905 = CARTESIAN_POINT('',(-0.635609868801,-1.436514874341,2.032));
#5906 = LINE('',#5907,#5908);
#5907 = CARTESIAN_POINT('',(-0.686610161866,-1.436514874341,2.032));
#5908 = VECTOR('',#5909,1.);
#5909 = DIRECTION('',(1.,0.,0.));
#5910 = ORIENTED_EDGE('',*,*,#5911,.T.);
#5911 = EDGE_CURVE('',#5904,#5912,#5914,.T.);
#5912 = VERTEX_POINT('',#5913);
#5913 = CARTESIAN_POINT('',(-0.635609868801,-1.182514874341,1.778));
#5914 = LINE('',#5915,#5916);
#5915 = CARTESIAN_POINT('',(-0.635609868801,-0.915375989504,
    1.510861115163));
#5916 = VECTOR('',#5917,1.);
#5917 = DIRECTION('',(0.,0.707106781187,-0.707106781187));
#5918 = ORIENTED_EDGE('',*,*,#5919,.T.);
#5919 = EDGE_CURVE('',#5912,#5894,#5920,.T.);
#5920 = LINE('',#5921,#5922);
#5921 = CARTESIAN_POINT('',(-0.686610161866,-1.182514874341,1.778));
#5922 = VECTOR('',#5923,1.);
#5923 = DIRECTION('',(-1.,0.,0.));
#5924 = PLANE('',#5925);
#5925 = AXIS2_PLACEMENT_3D('',#5926,#5927,#5928);
#5926 = CARTESIAN_POINT('',(-0.686610161866,-1.309514874341,1.905));
#5927 = DIRECTION('',(0.,0.707106781187,0.707106781187));
#5928 = DIRECTION('',(1.,0.,-0.));
#5929 = ADVANCED_FACE('',(#5930),#5955,.T.);
#5930 = FACE_BOUND('',#5931,.T.);
#5931 = EDGE_LOOP('',(#5932,#5933,#5941,#5949));
#5932 = ORIENTED_EDGE('',*,*,#5903,.F.);
#5933 = ORIENTED_EDGE('',*,*,#5934,.T.);
#5934 = EDGE_CURVE('',#5896,#5935,#5937,.T.);
#5935 = VERTEX_POINT('',#5936);
#5936 = CARTESIAN_POINT('',(-0.83961104106,-1.637959334994,2.032));
#5937 = LINE('',#5938,#5939);
#5938 = CARTESIAN_POINT('',(-0.83961104106,-1.182514874341,2.032));
#5939 = VECTOR('',#5940,1.);
#5940 = DIRECTION('',(0.,-1.,0.));
#5941 = ORIENTED_EDGE('',*,*,#5942,.T.);
#5942 = EDGE_CURVE('',#5935,#5943,#5945,.T.);
#5943 = VERTEX_POINT('',#5944);
#5944 = CARTESIAN_POINT('',(-0.635609868801,-1.637959334994,2.032));
#5945 = LINE('',#5946,#5947);
#5946 = CARTESIAN_POINT('',(-0.83961104106,-1.637959334994,2.032));
#5947 = VECTOR('',#5948,1.);
#5948 = DIRECTION('',(1.,0.,0.));
#5949 = ORIENTED_EDGE('',*,*,#5950,.T.);
#5950 = EDGE_CURVE('',#5943,#5904,#5951,.T.);
#5951 = LINE('',#5952,#5953);
#5952 = CARTESIAN_POINT('',(-0.635609868801,-1.637959334994,2.032));
#5953 = VECTOR('',#5954,1.);
#5954 = DIRECTION('',(0.,1.,0.));
#5955 = PLANE('',#5956);
#5956 = AXIS2_PLACEMENT_3D('',#5957,#5958,#5959);
#5957 = CARTESIAN_POINT('',(-0.73761045493,-1.410237104667,2.032));
#5958 = DIRECTION('',(0.,0.,1.));
#5959 = DIRECTION('',(1.,0.,-0.));
#5960 = ADVANCED_FACE('',(#5961),#5987,.T.);
#5961 = FACE_BOUND('',#5962,.T.);
#5962 = EDGE_LOOP('',(#5963,#5964,#5972,#5980,#5986));
#5963 = ORIENTED_EDGE('',*,*,#5893,.F.);
#5964 = ORIENTED_EDGE('',*,*,#5965,.F.);
#5965 = EDGE_CURVE('',#5966,#5894,#5968,.T.);
#5966 = VERTEX_POINT('',#5967);
#5967 = CARTESIAN_POINT('',(-0.83961104106,-1.182514874341,0.));
#5968 = LINE('',#5969,#5970);
#5969 = CARTESIAN_POINT('',(-0.83961104106,-1.182514874341,0.));
#5970 = VECTOR('',#5971,1.);
#5971 = DIRECTION('',(0.,0.,1.));
#5972 = ORIENTED_EDGE('',*,*,#5973,.T.);
#5973 = EDGE_CURVE('',#5966,#5974,#5976,.T.);
#5974 = VERTEX_POINT('',#5975);
#5975 = CARTESIAN_POINT('',(-0.83961104106,-1.637959334994,0.));
#5976 = LINE('',#5977,#5978);
#5977 = CARTESIAN_POINT('',(-0.83961104106,-1.182514874341,0.));
#5978 = VECTOR('',#5979,1.);
#5979 = DIRECTION('',(0.,-1.,0.));
#5980 = ORIENTED_EDGE('',*,*,#5981,.T.);
#5981 = EDGE_CURVE('',#5974,#5935,#5982,.T.);
#5982 = LINE('',#5983,#5984);
#5983 = CARTESIAN_POINT('',(-0.83961104106,-1.637959334994,0.));
#5984 = VECTOR('',#5985,1.);
#5985 = DIRECTION('',(0.,0.,1.));
#5986 = ORIENTED_EDGE('',*,*,#5934,.F.);
#5987 = PLANE('',#5988);
#5988 = AXIS2_PLACEMENT_3D('',#5989,#5990,#5991);
#5989 = CARTESIAN_POINT('',(-0.83961104106,-1.182514874341,0.));
#5990 = DIRECTION('',(-1.,0.,0.));
#5991 = DIRECTION('',(0.,-1.,0.));
#5992 = ADVANCED_FACE('',(#5993),#6019,.T.);
#5993 = FACE_BOUND('',#5994,.T.);
#5994 = EDGE_LOOP('',(#5995,#5996,#5997,#6005,#6013));
#5995 = ORIENTED_EDGE('',*,*,#5911,.F.);
#5996 = ORIENTED_EDGE('',*,*,#5950,.F.);
#5997 = ORIENTED_EDGE('',*,*,#5998,.F.);
#5998 = EDGE_CURVE('',#5999,#5943,#6001,.T.);
#5999 = VERTEX_POINT('',#6000);
#6000 = CARTESIAN_POINT('',(-0.635609868801,-1.637959334994,0.));
#6001 = LINE('',#6002,#6003);
#6002 = CARTESIAN_POINT('',(-0.635609868801,-1.637959334994,0.));
#6003 = VECTOR('',#6004,1.);
#6004 = DIRECTION('',(0.,0.,1.));
#6005 = ORIENTED_EDGE('',*,*,#6006,.T.);
#6006 = EDGE_CURVE('',#5999,#6007,#6009,.T.);
#6007 = VERTEX_POINT('',#6008);
#6008 = CARTESIAN_POINT('',(-0.635609868801,-1.182514874341,0.));
#6009 = LINE('',#6010,#6011);
#6010 = CARTESIAN_POINT('',(-0.635609868801,-1.637959334994,0.));
#6011 = VECTOR('',#6012,1.);
#6012 = DIRECTION('',(0.,1.,0.));
#6013 = ORIENTED_EDGE('',*,*,#6014,.T.);
#6014 = EDGE_CURVE('',#6007,#5912,#6015,.T.);
#6015 = LINE('',#6016,#6017);
#6016 = CARTESIAN_POINT('',(-0.635609868801,-1.182514874341,0.));
#6017 = VECTOR('',#6018,1.);
#6018 = DIRECTION('',(0.,0.,1.));
#6019 = PLANE('',#6020);
#6020 = AXIS2_PLACEMENT_3D('',#6021,#6022,#6023);
#6021 = CARTESIAN_POINT('',(-0.635609868801,-1.637959334994,0.));
#6022 = DIRECTION('',(1.,0.,0.));
#6023 = DIRECTION('',(-0.,1.,0.));
#6024 = ADVANCED_FACE('',(#6025),#6036,.T.);
#6025 = FACE_BOUND('',#6026,.T.);
#6026 = EDGE_LOOP('',(#6027,#6033,#6034,#6035));
#6027 = ORIENTED_EDGE('',*,*,#6028,.T.);
#6028 = EDGE_CURVE('',#5974,#5999,#6029,.T.);
#6029 = LINE('',#6030,#6031);
#6030 = CARTESIAN_POINT('',(-0.83961104106,-1.637959334994,0.));
#6031 = VECTOR('',#6032,1.);
#6032 = DIRECTION('',(1.,0.,0.));
#6033 = ORIENTED_EDGE('',*,*,#5998,.T.);
#6034 = ORIENTED_EDGE('',*,*,#5942,.F.);
#6035 = ORIENTED_EDGE('',*,*,#5981,.F.);
#6036 = PLANE('',#6037);
#6037 = AXIS2_PLACEMENT_3D('',#6038,#6039,#6040);
#6038 = CARTESIAN_POINT('',(-0.83961104106,-1.637959334994,0.));
#6039 = DIRECTION('',(0.,-1.,0.));
#6040 = DIRECTION('',(1.,0.,0.));
#6041 = ADVANCED_FACE('',(#6042),#6053,.T.);
#6042 = FACE_BOUND('',#6043,.T.);
#6043 = EDGE_LOOP('',(#6044,#6045,#6046,#6052));
#6044 = ORIENTED_EDGE('',*,*,#5919,.F.);
#6045 = ORIENTED_EDGE('',*,*,#6014,.F.);
#6046 = ORIENTED_EDGE('',*,*,#6047,.T.);
#6047 = EDGE_CURVE('',#6007,#5966,#6048,.T.);
#6048 = LINE('',#6049,#6050);
#6049 = CARTESIAN_POINT('',(-0.635609868801,-1.182514874341,0.));
#6050 = VECTOR('',#6051,1.);
#6051 = DIRECTION('',(-1.,0.,0.));
#6052 = ORIENTED_EDGE('',*,*,#5965,.T.);
#6053 = PLANE('',#6054);
#6054 = AXIS2_PLACEMENT_3D('',#6055,#6056,#6057);
#6055 = CARTESIAN_POINT('',(-0.635609868801,-1.182514874341,0.));
#6056 = DIRECTION('',(0.,1.,0.));
#6057 = DIRECTION('',(-1.,0.,0.));
#6058 = ADVANCED_FACE('',(#6059),#6065,.F.);
#6059 = FACE_BOUND('',#6060,.T.);
#6060 = EDGE_LOOP('',(#6061,#6062,#6063,#6064));
#6061 = ORIENTED_EDGE('',*,*,#6047,.F.);
#6062 = ORIENTED_EDGE('',*,*,#6006,.F.);
#6063 = ORIENTED_EDGE('',*,*,#6028,.F.);
#6064 = ORIENTED_EDGE('',*,*,#5973,.F.);
#6065 = PLANE('',#6066);
#6066 = AXIS2_PLACEMENT_3D('',#6067,#6068,#6069);
#6067 = CARTESIAN_POINT('',(-0.73761045493,-1.410237104667,0.));
#6068 = DIRECTION('',(0.,0.,1.));
#6069 = DIRECTION('',(1.,0.,-0.));
#6070 = ( GEOMETRIC_REPRESENTATION_CONTEXT(3) 
GLOBAL_UNCERTAINTY_ASSIGNED_CONTEXT((#6074)) 
GLOBAL_UNIT_ASSIGNED_CONTEXT((#6071,#6072,#6073)) REPRESENTATION_CONTEXT
('Context #1','3D Context with UNIT and UNCERTAINTY') );
#6071 = ( LENGTH_UNIT() NAMED_UNIT(*) SI_UNIT(.MILLI.,.METRE.) );
#6072 = ( NAMED_UNIT(*) PLANE_ANGLE_UNIT() SI_UNIT($,.RADIAN.) );
#6073 = ( NAMED_UNIT(*) SI_UNIT($,.STERADIAN.) SOLID_ANGLE_UNIT() );
#6074 = UNCERTAINTY_MEASURE_WITH_UNIT(LENGTH_MEASURE(1.E-07),#6071,
  'distance_accuracy_value','confusion accuracy');
#6075 = SHAPE_DEFINITION_REPRESENTATION(#6076,#5703);
#6076 = PRODUCT_DEFINITION_SHAPE('','',#6077);
#6077 = PRODUCT_DEFINITION('design','',#6078,#6081);
#6078 = PRODUCT_DEFINITION_FORMATION('','',#6079);
#6079 = PRODUCT('5','5','',(#6080));
#6080 = PRODUCT_CONTEXT('',#2,'mechanical');
#6081 = PRODUCT_DEFINITION_CONTEXT('part definition',#2,'design');
#6082 = CONTEXT_DEPENDENT_SHAPE_REPRESENTATION(#6083,#6085);
#6083 = ( REPRESENTATION_RELATIONSHIP('','',#5703,#2937) 
REPRESENTATION_RELATIONSHIP_WITH_TRANSFORMATION(#6084) 
SHAPE_REPRESENTATION_RELATIONSHIP() );
#6084 = ITEM_DEFINED_TRANSFORMATION('','',#11,#2954);
#6085 = PRODUCT_DEFINITION_SHAPE('Placement','Placement of an item',
  #6086);
#6086 = NEXT_ASSEMBLY_USAGE_OCCURRENCE('17','5:1','',#2932,#6077,$);
#6087 = PRODUCT_RELATED_PRODUCT_CATEGORY('part',$,(#6079));
#6088 = SHAPE_REPRESENTATION('',(#11,#6089,#6785),#6902);
#6089 = MANIFOLD_SOLID_BREP('',#6090);
#6090 = CLOSED_SHELL('',(#6091,#6131,#6162,#6195,#6226,#6259,#6290,#6321
    ,#6352,#6385,#6416,#6447,#6469,#6509,#6542,#6573,#6606,#6637,#6670,
    #6701,#6725,#6755));
#6091 = ADVANCED_FACE('',(#6092),#6126,.F.);
#6092 = FACE_BOUND('',#6093,.T.);
#6093 = EDGE_LOOP('',(#6094,#6104,#6112,#6120));
#6094 = ORIENTED_EDGE('',*,*,#6095,.F.);
#6095 = EDGE_CURVE('',#6096,#6098,#6100,.T.);
#6096 = VERTEX_POINT('',#6097);
#6097 = CARTESIAN_POINT('',(2.005013952918,-4.650524825344,0.));
#6098 = VERTEX_POINT('',#6099);
#6099 = CARTESIAN_POINT('',(1.947332697325,-4.637985421641,0.));
#6100 = LINE('',#6101,#6102);
#6101 = CARTESIAN_POINT('',(2.043054067191,-4.65879441561,0.));
#6102 = VECTOR('',#6103,1.);
#6103 = DIRECTION('',(-0.977176362822,0.212429649393,0.));
#6104 = ORIENTED_EDGE('',*,*,#6105,.T.);
#6105 = EDGE_CURVE('',#6096,#6106,#6108,.T.);
#6106 = VERTEX_POINT('',#6107);
#6107 = CARTESIAN_POINT('',(2.005013952918,-4.650524825344,1.E-02));
#6108 = LINE('',#6109,#6110);
#6109 = CARTESIAN_POINT('',(2.005013952918,-4.650524825344,0.));
#6110 = VECTOR('',#6111,1.);
#6111 = DIRECTION('',(0.,0.,1.));
#6112 = ORIENTED_EDGE('',*,*,#6113,.F.);
#6113 = EDGE_CURVE('',#6114,#6106,#6116,.T.);
#6114 = VERTEX_POINT('',#6115);
#6115 = CARTESIAN_POINT('',(1.947332697325,-4.637985421641,1.E-02));
#6116 = LINE('',#6117,#6118);
#6117 = CARTESIAN_POINT('',(2.043054067191,-4.65879441561,1.E-02));
#6118 = VECTOR('',#6119,1.);
#6119 = DIRECTION('',(0.977176362822,-0.212429649393,0.));
#6120 = ORIENTED_EDGE('',*,*,#6121,.F.);
#6121 = EDGE_CURVE('',#6098,#6114,#6122,.T.);
#6122 = LINE('',#6123,#6124);
#6123 = CARTESIAN_POINT('',(1.947332697325,-4.637985421641,0.));
#6124 = VECTOR('',#6125,1.);
#6125 = DIRECTION('',(0.,0.,1.));
#6126 = PLANE('',#6127);
#6127 = AXIS2_PLACEMENT_3D('',#6128,#6129,#6130);
#6128 = CARTESIAN_POINT('',(2.005013952918,-4.650524825344,0.));
#6129 = DIRECTION('',(0.212429649393,0.977176362822,0.));
#6130 = DIRECTION('',(-0.977176362822,0.212429649393,0.));
#6131 = ADVANCED_FACE('',(#6132),#6157,.F.);
#6132 = FACE_BOUND('',#6133,.T.);
#6133 = EDGE_LOOP('',(#6134,#6142,#6150,#6156));
#6134 = ORIENTED_EDGE('',*,*,#6135,.F.);
#6135 = EDGE_CURVE('',#6136,#6096,#6138,.T.);
#6136 = VERTEX_POINT('',#6137);
#6137 = CARTESIAN_POINT('',(1.995429232342,-4.694614538896,0.));
#6138 = LINE('',#6139,#6140);
#6139 = CARTESIAN_POINT('',(2.014118356475,-4.60864457003,0.));
#6140 = VECTOR('',#6141,1.);
#6141 = DIRECTION('',(0.212429649393,0.977176362822,0.));
#6142 = ORIENTED_EDGE('',*,*,#6143,.T.);
#6143 = EDGE_CURVE('',#6136,#6144,#6146,.T.);
#6144 = VERTEX_POINT('',#6145);
#6145 = CARTESIAN_POINT('',(1.995429232342,-4.694614538896,1.E-02));
#6146 = LINE('',#6147,#6148);
#6147 = CARTESIAN_POINT('',(1.995429232342,-4.694614538896,0.));
#6148 = VECTOR('',#6149,1.);
#6149 = DIRECTION('',(0.,0.,1.));
#6150 = ORIENTED_EDGE('',*,*,#6151,.F.);
#6151 = EDGE_CURVE('',#6106,#6144,#6152,.T.);
#6152 = LINE('',#6153,#6154);
#6153 = CARTESIAN_POINT('',(2.014118356475,-4.60864457003,1.E-02));
#6154 = VECTOR('',#6155,1.);
#6155 = DIRECTION('',(-0.212429649393,-0.977176362822,0.));
#6156 = ORIENTED_EDGE('',*,*,#6105,.F.);
#6157 = PLANE('',#6158);
#6158 = AXIS2_PLACEMENT_3D('',#6159,#6160,#6161);
#6159 = CARTESIAN_POINT('',(1.995429232342,-4.694614538896,0.));
#6160 = DIRECTION('',(0.977176362822,-0.212429649393,0.));
#6161 = DIRECTION('',(0.212429649393,0.977176362822,0.));
#6162 = ADVANCED_FACE('',(#6163),#6190,.T.);
#6163 = FACE_BOUND('',#6164,.T.);
#6164 = EDGE_LOOP('',(#6165,#6174,#6182,#6189));
#6165 = ORIENTED_EDGE('',*,*,#6166,.F.);
#6166 = EDGE_CURVE('',#6167,#6136,#6169,.T.);
#6167 = VERTEX_POINT('',#6168);
#6168 = CARTESIAN_POINT('',(2.026454581861,-4.733109180264,0.));
#6169 = CIRCLE('',#6170,3.175E-02);
#6170 = AXIS2_PLACEMENT_3D('',#6171,#6172,#6173);
#6171 = CARTESIAN_POINT('',(2.026454581861,-4.701359180264,0.));
#6172 = DIRECTION('',(0.,0.,-1.));
#6173 = DIRECTION('',(-0.977176362822,0.212429649393,0.));
#6174 = ORIENTED_EDGE('',*,*,#6175,.T.);
#6175 = EDGE_CURVE('',#6167,#6176,#6178,.T.);
#6176 = VERTEX_POINT('',#6177);
#6177 = CARTESIAN_POINT('',(2.026454581861,-4.733109180264,1.E-02));
#6178 = LINE('',#6179,#6180);
#6179 = CARTESIAN_POINT('',(2.026454581861,-4.733109180264,0.));
#6180 = VECTOR('',#6181,1.);
#6181 = DIRECTION('',(0.,0.,1.));
#6182 = ORIENTED_EDGE('',*,*,#6183,.F.);
#6183 = EDGE_CURVE('',#6144,#6176,#6184,.T.);
#6184 = CIRCLE('',#6185,3.175E-02);
#6185 = AXIS2_PLACEMENT_3D('',#6186,#6187,#6188);
#6186 = CARTESIAN_POINT('',(2.026454581861,-4.701359180264,1.E-02));
#6187 = DIRECTION('',(0.,0.,1.));
#6188 = DIRECTION('',(-0.977176362822,0.212429649393,0.));
#6189 = ORIENTED_EDGE('',*,*,#6143,.F.);
#6190 = CYLINDRICAL_SURFACE('',#6191,3.175E-02);
#6191 = AXIS2_PLACEMENT_3D('',#6192,#6193,#6194);
#6192 = CARTESIAN_POINT('',(2.026454581861,-4.701359180264,0.));
#6193 = DIRECTION('',(0.,0.,1.));
#6194 = DIRECTION('',(-0.977176362822,0.212429649393,0.));
#6195 = ADVANCED_FACE('',(#6196),#6221,.F.);
#6196 = FACE_BOUND('',#6197,.T.);
#6197 = EDGE_LOOP('',(#6198,#6206,#6214,#6220));
#6198 = ORIENTED_EDGE('',*,*,#6199,.F.);
#6199 = EDGE_CURVE('',#6200,#6167,#6202,.T.);
#6200 = VERTEX_POINT('',#6201);
#6201 = CARTESIAN_POINT('',(2.13290932402,-4.733109180264,0.));
#6202 = LINE('',#6203,#6204);
#6203 = CARTESIAN_POINT('',(2.120898516586,-4.733109180264,0.));
#6204 = VECTOR('',#6205,1.);
#6205 = DIRECTION('',(-1.,0.,0.));
#6206 = ORIENTED_EDGE('',*,*,#6207,.T.);
#6207 = EDGE_CURVE('',#6200,#6208,#6210,.T.);
#6208 = VERTEX_POINT('',#6209);
#6209 = CARTESIAN_POINT('',(2.13290932402,-4.733109180264,1.E-02));
#6210 = LINE('',#6211,#6212);
#6211 = CARTESIAN_POINT('',(2.13290932402,-4.733109180264,0.));
#6212 = VECTOR('',#6213,1.);
#6213 = DIRECTION('',(0.,0.,1.));
#6214 = ORIENTED_EDGE('',*,*,#6215,.F.);
#6215 = EDGE_CURVE('',#6176,#6208,#6216,.T.);
#6216 = LINE('',#6217,#6218);
#6217 = CARTESIAN_POINT('',(2.120898516586,-4.733109180264,1.E-02));
#6218 = VECTOR('',#6219,1.);
#6219 = DIRECTION('',(1.,0.,0.));
#6220 = ORIENTED_EDGE('',*,*,#6175,.F.);
#6221 = PLANE('',#6222);
#6222 = AXIS2_PLACEMENT_3D('',#6223,#6224,#6225);
#6223 = CARTESIAN_POINT('',(2.13290932402,-4.733109180264,0.));
#6224 = DIRECTION('',(0.,1.,0.));
#6225 = DIRECTION('',(-1.,0.,0.));
#6226 = ADVANCED_FACE('',(#6227),#6254,.T.);
#6227 = FACE_BOUND('',#6228,.T.);
#6228 = EDGE_LOOP('',(#6229,#6238,#6246,#6253));
#6229 = ORIENTED_EDGE('',*,*,#6230,.F.);
#6230 = EDGE_CURVE('',#6231,#6200,#6233,.T.);
#6231 = VERTEX_POINT('',#6232);
#6232 = CARTESIAN_POINT('',(2.16393467354,-4.708103821632,0.));
#6233 = CIRCLE('',#6234,3.175E-02);
#6234 = AXIS2_PLACEMENT_3D('',#6235,#6236,#6237);
#6235 = CARTESIAN_POINT('',(2.13290932402,-4.701359180264,0.));
#6236 = DIRECTION('',(0.,0.,-1.));
#6237 = DIRECTION('',(0.,-1.,0.));
#6238 = ORIENTED_EDGE('',*,*,#6239,.T.);
#6239 = EDGE_CURVE('',#6231,#6240,#6242,.T.);
#6240 = VERTEX_POINT('',#6241);
#6241 = CARTESIAN_POINT('',(2.16393467354,-4.708103821632,1.E-02));
#6242 = LINE('',#6243,#6244);
#6243 = CARTESIAN_POINT('',(2.16393467354,-4.708103821632,0.));
#6244 = VECTOR('',#6245,1.);
#6245 = DIRECTION('',(0.,0.,1.));
#6246 = ORIENTED_EDGE('',*,*,#6247,.F.);
#6247 = EDGE_CURVE('',#6208,#6240,#6248,.T.);
#6248 = CIRCLE('',#6249,3.175E-02);
#6249 = AXIS2_PLACEMENT_3D('',#6250,#6251,#6252);
#6250 = CARTESIAN_POINT('',(2.13290932402,-4.701359180264,1.E-02));
#6251 = DIRECTION('',(0.,0.,1.));
#6252 = DIRECTION('',(0.,-1.,0.));
#6253 = ORIENTED_EDGE('',*,*,#6207,.F.);
#6254 = CYLINDRICAL_SURFACE('',#6255,3.175E-02);
#6255 = AXIS2_PLACEMENT_3D('',#6256,#6257,#6258);
#6256 = CARTESIAN_POINT('',(2.13290932402,-4.701359180264,0.));
#6257 = DIRECTION('',(0.,0.,1.));
#6258 = DIRECTION('',(0.,-1.,0.));
#6259 = ADVANCED_FACE('',(#6260),#6285,.F.);
#6260 = FACE_BOUND('',#6261,.T.);
#6261 = EDGE_LOOP('',(#6262,#6270,#6278,#6284));
#6262 = ORIENTED_EDGE('',*,*,#6263,.F.);
#6263 = EDGE_CURVE('',#6264,#6231,#6266,.T.);
#6264 = VERTEX_POINT('',#6265);
#6265 = CARTESIAN_POINT('',(2.251416073287,-4.305689392834,0.));
#6266 = LINE('',#6267,#6268);
#6267 = CARTESIAN_POINT('',(2.223962540253,-4.43197564164,0.));
#6268 = VECTOR('',#6269,1.);
#6269 = DIRECTION('',(-0.212429649393,-0.977176362822,0.));
#6270 = ORIENTED_EDGE('',*,*,#6271,.T.);
#6271 = EDGE_CURVE('',#6264,#6272,#6274,.T.);
#6272 = VERTEX_POINT('',#6273);
#6273 = CARTESIAN_POINT('',(2.251416073287,-4.305689392834,1.E-02));
#6274 = LINE('',#6275,#6276);
#6275 = CARTESIAN_POINT('',(2.251416073287,-4.305689392834,0.));
#6276 = VECTOR('',#6277,1.);
#6277 = DIRECTION('',(0.,0.,1.));
#6278 = ORIENTED_EDGE('',*,*,#6279,.F.);
#6279 = EDGE_CURVE('',#6240,#6272,#6280,.T.);
#6280 = LINE('',#6281,#6282);
#6281 = CARTESIAN_POINT('',(2.223962540253,-4.43197564164,1.E-02));
#6282 = VECTOR('',#6283,1.);
#6283 = DIRECTION('',(0.212429649393,0.977176362822,0.));
#6284 = ORIENTED_EDGE('',*,*,#6239,.F.);
#6285 = PLANE('',#6286);
#6286 = AXIS2_PLACEMENT_3D('',#6287,#6288,#6289);
#6287 = CARTESIAN_POINT('',(2.251416073287,-4.305689392834,0.));
#6288 = DIRECTION('',(-0.977176362822,0.212429649393,0.));
#6289 = DIRECTION('',(-0.212429649393,-0.977176362822,0.));
#6290 = ADVANCED_FACE('',(#6291),#6316,.F.);
#6291 = FACE_BOUND('',#6292,.T.);
#6292 = EDGE_LOOP('',(#6293,#6301,#6309,#6315));
#6293 = ORIENTED_EDGE('',*,*,#6294,.F.);
#6294 = EDGE_CURVE('',#6295,#6264,#6297,.T.);
#6295 = VERTEX_POINT('',#6296);
#6296 = CARTESIAN_POINT('',(2.309097328881,-4.318228796537,0.));
#6297 = LINE('',#6298,#6299);
#6298 = CARTESIAN_POINT('',(2.236446052051,-4.30243504031,0.));
#6299 = VECTOR('',#6300,1.);
#6300 = DIRECTION('',(-0.977176362822,0.212429649393,0.));
#6301 = ORIENTED_EDGE('',*,*,#6302,.T.);
#6302 = EDGE_CURVE('',#6295,#6303,#6305,.T.);
#6303 = VERTEX_POINT('',#6304);
#6304 = CARTESIAN_POINT('',(2.309097328881,-4.318228796537,1.E-02));
#6305 = LINE('',#6306,#6307);
#6306 = CARTESIAN_POINT('',(2.309097328881,-4.318228796537,0.));
#6307 = VECTOR('',#6308,1.);
#6308 = DIRECTION('',(0.,0.,1.));
#6309 = ORIENTED_EDGE('',*,*,#6310,.F.);
#6310 = EDGE_CURVE('',#6272,#6303,#6311,.T.);
#6311 = LINE('',#6312,#6313);
#6312 = CARTESIAN_POINT('',(2.236446052051,-4.30243504031,1.E-02));
#6313 = VECTOR('',#6314,1.);
#6314 = DIRECTION('',(0.977176362822,-0.212429649393,0.));
#6315 = ORIENTED_EDGE('',*,*,#6271,.F.);
#6316 = PLANE('',#6317);
#6317 = AXIS2_PLACEMENT_3D('',#6318,#6319,#6320);
#6318 = CARTESIAN_POINT('',(2.309097328881,-4.318228796537,0.));
#6319 = DIRECTION('',(0.212429649393,0.977176362822,0.));
#6320 = DIRECTION('',(-0.977176362822,0.212429649393,0.));
#6321 = ADVANCED_FACE('',(#6322),#6347,.F.);
#6322 = FACE_BOUND('',#6323,.T.);
#6323 = EDGE_LOOP('',(#6324,#6332,#6340,#6346));
#6324 = ORIENTED_EDGE('',*,*,#6325,.F.);
#6325 = EDGE_CURVE('',#6326,#6295,#6328,.T.);
#6326 = VERTEX_POINT('',#6327);
#6327 = CARTESIAN_POINT('',(2.217684618168,-4.738727255324,0.));
#6328 = LINE('',#6329,#6330);
#6329 = CARTESIAN_POINT('',(2.23593744049,-4.654764274736,0.));
#6330 = VECTOR('',#6331,1.);
#6331 = DIRECTION('',(0.212429649393,0.977176362822,0.));
#6332 = ORIENTED_EDGE('',*,*,#6333,.T.);
#6333 = EDGE_CURVE('',#6326,#6334,#6336,.T.);
#6334 = VERTEX_POINT('',#6335);
#6335 = CARTESIAN_POINT('',(2.217684618168,-4.738727255324,1.E-02));
#6336 = LINE('',#6337,#6338);
#6337 = CARTESIAN_POINT('',(2.217684618168,-4.738727255324,0.));
#6338 = VECTOR('',#6339,1.);
#6339 = DIRECTION('',(0.,0.,1.));
#6340 = ORIENTED_EDGE('',*,*,#6341,.F.);
#6341 = EDGE_CURVE('',#6303,#6334,#6342,.T.);
#6342 = LINE('',#6343,#6344);
#6343 = CARTESIAN_POINT('',(2.23593744049,-4.654764274736,1.E-02));
#6344 = VECTOR('',#6345,1.);
#6345 = DIRECTION('',(-0.212429649393,-0.977176362822,0.));
#6346 = ORIENTED_EDGE('',*,*,#6302,.F.);
#6347 = PLANE('',#6348);
#6348 = AXIS2_PLACEMENT_3D('',#6349,#6350,#6351);
#6349 = CARTESIAN_POINT('',(2.217684618168,-4.738727255324,0.));
#6350 = DIRECTION('',(0.977176362822,-0.212429649393,0.));
#6351 = DIRECTION('',(0.212429649393,0.977176362822,0.));
#6352 = ADVANCED_FACE('',(#6353),#6380,.F.);
#6353 = FACE_BOUND('',#6354,.F.);
#6354 = EDGE_LOOP('',(#6355,#6356,#6365,#6373));
#6355 = ORIENTED_EDGE('',*,*,#6333,.T.);
#6356 = ORIENTED_EDGE('',*,*,#6357,.T.);
#6357 = EDGE_CURVE('',#6334,#6358,#6360,.T.);
#6358 = VERTEX_POINT('',#6359);
#6359 = CARTESIAN_POINT('',(2.155633919129,-4.788737972587,1.E-02));
#6360 = CIRCLE('',#6361,6.35E-02);
#6361 = AXIS2_PLACEMENT_3D('',#6362,#6363,#6364);
#6362 = CARTESIAN_POINT('',(2.155633919129,-4.725237972587,1.E-02));
#6363 = DIRECTION('',(0.,0.,-1.));
#6364 = DIRECTION('',(0.,1.,0.));
#6365 = ORIENTED_EDGE('',*,*,#6366,.F.);
#6366 = EDGE_CURVE('',#6367,#6358,#6369,.T.);
#6367 = VERTEX_POINT('',#6368);
#6368 = CARTESIAN_POINT('',(2.155633919129,-4.788737972587,0.));
#6369 = LINE('',#6370,#6371);
#6370 = CARTESIAN_POINT('',(2.155633919129,-4.788737972587,0.));
#6371 = VECTOR('',#6372,1.);
#6372 = DIRECTION('',(0.,0.,1.));
#6373 = ORIENTED_EDGE('',*,*,#6374,.T.);
#6374 = EDGE_CURVE('',#6367,#6326,#6375,.T.);
#6375 = CIRCLE('',#6376,6.35E-02);
#6376 = AXIS2_PLACEMENT_3D('',#6377,#6378,#6379);
#6377 = CARTESIAN_POINT('',(2.155633919129,-4.725237972587,0.));
#6378 = DIRECTION('',(0.,-0.,1.));
#6379 = DIRECTION('',(0.,1.,0.));
#6380 = CYLINDRICAL_SURFACE('',#6381,6.35E-02);
#6381 = AXIS2_PLACEMENT_3D('',#6382,#6383,#6384);
#6382 = CARTESIAN_POINT('',(2.155633919129,-4.725237972587,0.));
#6383 = DIRECTION('',(0.,0.,1.));
#6384 = DIRECTION('',(0.,1.,0.));
#6385 = ADVANCED_FACE('',(#6386),#6411,.F.);
#6386 = FACE_BOUND('',#6387,.T.);
#6387 = EDGE_LOOP('',(#6388,#6396,#6404,#6410));
#6388 = ORIENTED_EDGE('',*,*,#6389,.F.);
#6389 = EDGE_CURVE('',#6390,#6367,#6392,.T.);
#6390 = VERTEX_POINT('',#6391);
#6391 = CARTESIAN_POINT('',(1.926653618847,-4.788737972587,0.));
#6392 = LINE('',#6393,#6394);
#6393 = CARTESIAN_POINT('',(2.017770664,-4.788737972587,0.));
#6394 = VECTOR('',#6395,1.);
#6395 = DIRECTION('',(1.,0.,0.));
#6396 = ORIENTED_EDGE('',*,*,#6397,.T.);
#6397 = EDGE_CURVE('',#6390,#6398,#6400,.T.);
#6398 = VERTEX_POINT('',#6399);
#6399 = CARTESIAN_POINT('',(1.926653618847,-4.788737972587,1.E-02));
#6400 = LINE('',#6401,#6402);
#6401 = CARTESIAN_POINT('',(1.926653618847,-4.788737972587,0.));
#6402 = VECTOR('',#6403,1.);
#6403 = DIRECTION('',(0.,0.,1.));
#6404 = ORIENTED_EDGE('',*,*,#6405,.F.);
#6405 = EDGE_CURVE('',#6358,#6398,#6406,.T.);
#6406 = LINE('',#6407,#6408);
#6407 = CARTESIAN_POINT('',(2.017770664,-4.788737972587,1.E-02));
#6408 = VECTOR('',#6409,1.);
#6409 = DIRECTION('',(-1.,0.,0.));
#6410 = ORIENTED_EDGE('',*,*,#6366,.F.);
#6411 = PLANE('',#6412);
#6412 = AXIS2_PLACEMENT_3D('',#6413,#6414,#6415);
#6413 = CARTESIAN_POINT('',(1.926653618847,-4.788737972587,0.));
#6414 = DIRECTION('',(0.,-1.,0.));
#6415 = DIRECTION('',(1.,0.,0.));
#6416 = ADVANCED_FACE('',(#6417),#6442,.F.);
#6417 = FACE_BOUND('',#6418,.T.);
#6418 = EDGE_LOOP('',(#6419,#6427,#6435,#6441));
#6419 = ORIENTED_EDGE('',*,*,#6420,.F.);
#6420 = EDGE_CURVE('',#6421,#6390,#6423,.T.);
#6421 = VERTEX_POINT('',#6422);
#6422 = CARTESIAN_POINT('',(1.917286360218,-4.776198568884,0.));
#6423 = LINE('',#6424,#6425);
#6424 = CARTESIAN_POINT('',(1.894786699413,-4.746079583046,0.));
#6425 = VECTOR('',#6426,1.);
#6426 = DIRECTION('',(0.598473967642,-0.80114225332,0.));
#6427 = ORIENTED_EDGE('',*,*,#6428,.T.);
#6428 = EDGE_CURVE('',#6421,#6429,#6431,.T.);
#6429 = VERTEX_POINT('',#6430);
#6430 = CARTESIAN_POINT('',(1.917286360218,-4.776198568884,1.E-02));
#6431 = LINE('',#6432,#6433);
#6432 = CARTESIAN_POINT('',(1.917286360218,-4.776198568884,0.));
#6433 = VECTOR('',#6434,1.);
#6434 = DIRECTION('',(0.,0.,1.));
#6435 = ORIENTED_EDGE('',*,*,#6436,.F.);
#6436 = EDGE_CURVE('',#6398,#6429,#6437,.T.);
#6437 = LINE('',#6438,#6439);
#6438 = CARTESIAN_POINT('',(1.894786699413,-4.746079583046,1.E-02));
#6439 = VECTOR('',#6440,1.);
#6440 = DIRECTION('',(-0.598473967642,0.80114225332,0.));
#6441 = ORIENTED_EDGE('',*,*,#6397,.F.);
#6442 = PLANE('',#6443);
#6443 = AXIS2_PLACEMENT_3D('',#6444,#6445,#6446);
#6444 = CARTESIAN_POINT('',(1.917286360218,-4.776198568884,0.));
#6445 = DIRECTION('',(-0.80114225332,-0.598473967642,0.));
#6446 = DIRECTION('',(0.598473967642,-0.80114225332,0.));
#6447 = ADVANCED_FACE('',(#6448),#6464,.F.);
#6448 = FACE_BOUND('',#6449,.T.);
#6449 = EDGE_LOOP('',(#6450,#6456,#6457,#6463));
#6450 = ORIENTED_EDGE('',*,*,#6451,.F.);
#6451 = EDGE_CURVE('',#6098,#6421,#6452,.T.);
#6452 = LINE('',#6453,#6454);
#6453 = CARTESIAN_POINT('',(1.961229461169,-4.574060309551,0.));
#6454 = VECTOR('',#6455,1.);
#6455 = DIRECTION('',(-0.212429649393,-0.977176362822,0.));
#6456 = ORIENTED_EDGE('',*,*,#6121,.T.);
#6457 = ORIENTED_EDGE('',*,*,#6458,.F.);
#6458 = EDGE_CURVE('',#6429,#6114,#6459,.T.);
#6459 = LINE('',#6460,#6461);
#6460 = CARTESIAN_POINT('',(1.961229461169,-4.574060309551,1.E-02));
#6461 = VECTOR('',#6462,1.);
#6462 = DIRECTION('',(0.212429649393,0.977176362822,0.));
#6463 = ORIENTED_EDGE('',*,*,#6428,.F.);
#6464 = PLANE('',#6465);
#6465 = AXIS2_PLACEMENT_3D('',#6466,#6467,#6468);
#6466 = CARTESIAN_POINT('',(1.947332697325,-4.637985421641,0.));
#6467 = DIRECTION('',(-0.977176362822,0.212429649393,0.));
#6468 = DIRECTION('',(-0.212429649393,-0.977176362822,0.));
#6469 = ADVANCED_FACE('',(#6470),#6504,.T.);
#6470 = FACE_BOUND('',#6471,.T.);
#6471 = EDGE_LOOP('',(#6472,#6482,#6490,#6498));
#6472 = ORIENTED_EDGE('',*,*,#6473,.F.);
#6473 = EDGE_CURVE('',#6474,#6476,#6478,.T.);
#6474 = VERTEX_POINT('',#6475);
#6475 = CARTESIAN_POINT('',(1.856111109703,-4.202427201027,0.));
#6476 = VERTEX_POINT('',#6477);
#6477 = CARTESIAN_POINT('',(2.361664308601,-4.202427201027,0.));
#6478 = LINE('',#6479,#6480);
#6479 = CARTESIAN_POINT('',(1.856111109703,-4.202427201027,0.));
#6480 = VECTOR('',#6481,1.);
#6481 = DIRECTION('',(1.,0.,0.));
#6482 = ORIENTED_EDGE('',*,*,#6483,.T.);
#6483 = EDGE_CURVE('',#6474,#6484,#6486,.T.);
#6484 = VERTEX_POINT('',#6485);
#6485 = CARTESIAN_POINT('',(1.856111109703,-4.202427201027,1.E-02));
#6486 = LINE('',#6487,#6488);
#6487 = CARTESIAN_POINT('',(1.856111109703,-4.202427201027,0.));
#6488 = VECTOR('',#6489,1.);
#6489 = DIRECTION('',(0.,0.,1.));
#6490 = ORIENTED_EDGE('',*,*,#6491,.F.);
#6491 = EDGE_CURVE('',#6492,#6484,#6494,.T.);
#6492 = VERTEX_POINT('',#6493);
#6493 = CARTESIAN_POINT('',(2.361664308601,-4.202427201027,1.E-02));
#6494 = LINE('',#6495,#6496);
#6495 = CARTESIAN_POINT('',(1.856111109703,-4.202427201027,1.E-02));
#6496 = VECTOR('',#6497,1.);
#6497 = DIRECTION('',(-1.,0.,0.));
#6498 = ORIENTED_EDGE('',*,*,#6499,.F.);
#6499 = EDGE_CURVE('',#6476,#6492,#6500,.T.);
#6500 = LINE('',#6501,#6502);
#6501 = CARTESIAN_POINT('',(2.361664308601,-4.202427201027,0.));
#6502 = VECTOR('',#6503,1.);
#6503 = DIRECTION('',(0.,0.,1.));
#6504 = PLANE('',#6505);
#6505 = AXIS2_PLACEMENT_3D('',#6506,#6507,#6508);
#6506 = CARTESIAN_POINT('',(2.361664308601,-4.202427201027,0.));
#6507 = DIRECTION('',(0.,1.,0.));
#6508 = DIRECTION('',(-1.,0.,0.));
#6509 = ADVANCED_FACE('',(#6510),#6537,.T.);
#6510 = FACE_BOUND('',#6511,.T.);
#6511 = EDGE_LOOP('',(#6512,#6521,#6522,#6531));
#6512 = ORIENTED_EDGE('',*,*,#6513,.F.);
#6513 = EDGE_CURVE('',#6476,#6514,#6516,.T.);
#6514 = VERTEX_POINT('',#6515);
#6515 = CARTESIAN_POINT('',(2.393414308601,-4.234177201027,0.));
#6516 = CIRCLE('',#6517,3.175E-02);
#6517 = AXIS2_PLACEMENT_3D('',#6518,#6519,#6520);
#6518 = CARTESIAN_POINT('',(2.361664308601,-4.234177201027,0.));
#6519 = DIRECTION('',(0.,0.,-1.));
#6520 = DIRECTION('',(-1.,0.,0.));
#6521 = ORIENTED_EDGE('',*,*,#6499,.T.);
#6522 = ORIENTED_EDGE('',*,*,#6523,.F.);
#6523 = EDGE_CURVE('',#6524,#6492,#6526,.T.);
#6524 = VERTEX_POINT('',#6525);
#6525 = CARTESIAN_POINT('',(2.393414308601,-4.234177201027,1.E-02));
#6526 = CIRCLE('',#6527,3.175E-02);
#6527 = AXIS2_PLACEMENT_3D('',#6528,#6529,#6530);
#6528 = CARTESIAN_POINT('',(2.361664308601,-4.234177201027,1.E-02));
#6529 = DIRECTION('',(0.,0.,1.));
#6530 = DIRECTION('',(-1.,0.,0.));
#6531 = ORIENTED_EDGE('',*,*,#6532,.F.);
#6532 = EDGE_CURVE('',#6514,#6524,#6533,.T.);
#6533 = LINE('',#6534,#6535);
#6534 = CARTESIAN_POINT('',(2.393414308601,-4.234177201027,0.));
#6535 = VECTOR('',#6536,1.);
#6536 = DIRECTION('',(0.,0.,1.));
#6537 = CYLINDRICAL_SURFACE('',#6538,3.175E-02);
#6538 = AXIS2_PLACEMENT_3D('',#6539,#6540,#6541);
#6539 = CARTESIAN_POINT('',(2.361664308601,-4.234177201027,0.));
#6540 = DIRECTION('',(0.,0.,1.));
#6541 = DIRECTION('',(-1.,0.,0.));
#6542 = ADVANCED_FACE('',(#6543),#6568,.T.);
#6543 = FACE_BOUND('',#6544,.T.);
#6544 = EDGE_LOOP('',(#6545,#6553,#6554,#6562));
#6545 = ORIENTED_EDGE('',*,*,#6546,.F.);
#6546 = EDGE_CURVE('',#6514,#6547,#6549,.T.);
#6547 = VERTEX_POINT('',#6548);
#6548 = CARTESIAN_POINT('',(2.393414308601,-4.844250362364,0.));
#6549 = LINE('',#6550,#6551);
#6550 = CARTESIAN_POINT('',(2.393414308601,-4.234177201027,0.));
#6551 = VECTOR('',#6552,1.);
#6552 = DIRECTION('',(0.,-1.,0.));
#6553 = ORIENTED_EDGE('',*,*,#6532,.T.);
#6554 = ORIENTED_EDGE('',*,*,#6555,.F.);
#6555 = EDGE_CURVE('',#6556,#6524,#6558,.T.);
#6556 = VERTEX_POINT('',#6557);
#6557 = CARTESIAN_POINT('',(2.393414308601,-4.844250362364,1.E-02));
#6558 = LINE('',#6559,#6560);
#6559 = CARTESIAN_POINT('',(2.393414308601,-4.234177201027,1.E-02));
#6560 = VECTOR('',#6561,1.);
#6561 = DIRECTION('',(0.,1.,0.));
#6562 = ORIENTED_EDGE('',*,*,#6563,.F.);
#6563 = EDGE_CURVE('',#6547,#6556,#6564,.T.);
#6564 = LINE('',#6565,#6566);
#6565 = CARTESIAN_POINT('',(2.393414308601,-4.844250362364,0.));
#6566 = VECTOR('',#6567,1.);
#6567 = DIRECTION('',(0.,0.,1.));
#6568 = PLANE('',#6569);
#6569 = AXIS2_PLACEMENT_3D('',#6570,#6571,#6572);
#6570 = CARTESIAN_POINT('',(2.393414308601,-4.844250362364,0.));
#6571 = DIRECTION('',(1.,0.,0.));
#6572 = DIRECTION('',(-0.,1.,0.));
#6573 = ADVANCED_FACE('',(#6574),#6601,.T.);
#6574 = FACE_BOUND('',#6575,.T.);
#6575 = EDGE_LOOP('',(#6576,#6585,#6586,#6595));
#6576 = ORIENTED_EDGE('',*,*,#6577,.F.);
#6577 = EDGE_CURVE('',#6547,#6578,#6580,.T.);
#6578 = VERTEX_POINT('',#6579);
#6579 = CARTESIAN_POINT('',(2.361664308601,-4.876000362364,0.));
#6580 = CIRCLE('',#6581,3.175E-02);
#6581 = AXIS2_PLACEMENT_3D('',#6582,#6583,#6584);
#6582 = CARTESIAN_POINT('',(2.361664308601,-4.844250362364,0.));
#6583 = DIRECTION('',(0.,0.,-1.));
#6584 = DIRECTION('',(0.,1.,0.));
#6585 = ORIENTED_EDGE('',*,*,#6563,.T.);
#6586 = ORIENTED_EDGE('',*,*,#6587,.F.);
#6587 = EDGE_CURVE('',#6588,#6556,#6590,.T.);
#6588 = VERTEX_POINT('',#6589);
#6589 = CARTESIAN_POINT('',(2.361664308601,-4.876000362364,1.E-02));
#6590 = CIRCLE('',#6591,3.175E-02);
#6591 = AXIS2_PLACEMENT_3D('',#6592,#6593,#6594);
#6592 = CARTESIAN_POINT('',(2.361664308601,-4.844250362364,1.E-02));
#6593 = DIRECTION('',(0.,-0.,1.));
#6594 = DIRECTION('',(0.,1.,0.));
#6595 = ORIENTED_EDGE('',*,*,#6596,.F.);
#6596 = EDGE_CURVE('',#6578,#6588,#6597,.T.);
#6597 = LINE('',#6598,#6599);
#6598 = CARTESIAN_POINT('',(2.361664308601,-4.876000362364,0.));
#6599 = VECTOR('',#6600,1.);
#6600 = DIRECTION('',(0.,0.,1.));
#6601 = CYLINDRICAL_SURFACE('',#6602,3.175E-02);
#6602 = AXIS2_PLACEMENT_3D('',#6603,#6604,#6605);
#6603 = CARTESIAN_POINT('',(2.361664308601,-4.844250362364,0.));
#6604 = DIRECTION('',(0.,0.,1.));
#6605 = DIRECTION('',(0.,1.,0.));
#6606 = ADVANCED_FACE('',(#6607),#6632,.T.);
#6607 = FACE_BOUND('',#6608,.T.);
#6608 = EDGE_LOOP('',(#6609,#6617,#6618,#6626));
#6609 = ORIENTED_EDGE('',*,*,#6610,.F.);
#6610 = EDGE_CURVE('',#6578,#6611,#6613,.T.);
#6611 = VERTEX_POINT('',#6612);
#6612 = CARTESIAN_POINT('',(1.856111109703,-4.876000362364,0.));
#6613 = LINE('',#6614,#6615);
#6614 = CARTESIAN_POINT('',(2.361664308601,-4.876000362364,0.));
#6615 = VECTOR('',#6616,1.);
#6616 = DIRECTION('',(-1.,0.,0.));
#6617 = ORIENTED_EDGE('',*,*,#6596,.T.);
#6618 = ORIENTED_EDGE('',*,*,#6619,.F.);
#6619 = EDGE_CURVE('',#6620,#6588,#6622,.T.);
#6620 = VERTEX_POINT('',#6621);
#6621 = CARTESIAN_POINT('',(1.856111109703,-4.876000362364,1.E-02));
#6622 = LINE('',#6623,#6624);
#6623 = CARTESIAN_POINT('',(2.361664308601,-4.876000362364,1.E-02));
#6624 = VECTOR('',#6625,1.);
#6625 = DIRECTION('',(1.,0.,0.));
#6626 = ORIENTED_EDGE('',*,*,#6627,.F.);
#6627 = EDGE_CURVE('',#6611,#6620,#6628,.T.);
#6628 = LINE('',#6629,#6630);
#6629 = CARTESIAN_POINT('',(1.856111109703,-4.876000362364,0.));
#6630 = VECTOR('',#6631,1.);
#6631 = DIRECTION('',(0.,0.,1.));
#6632 = PLANE('',#6633);
#6633 = AXIS2_PLACEMENT_3D('',#6634,#6635,#6636);
#6634 = CARTESIAN_POINT('',(1.856111109703,-4.876000362364,0.));
#6635 = DIRECTION('',(0.,-1.,0.));
#6636 = DIRECTION('',(1.,0.,0.));
#6637 = ADVANCED_FACE('',(#6638),#6665,.T.);
#6638 = FACE_BOUND('',#6639,.T.);
#6639 = EDGE_LOOP('',(#6640,#6649,#6650,#6659));
#6640 = ORIENTED_EDGE('',*,*,#6641,.F.);
#6641 = EDGE_CURVE('',#6611,#6642,#6644,.T.);
#6642 = VERTEX_POINT('',#6643);
#6643 = CARTESIAN_POINT('',(1.824361109703,-4.844250362364,0.));
#6644 = CIRCLE('',#6645,3.175E-02);
#6645 = AXIS2_PLACEMENT_3D('',#6646,#6647,#6648);
#6646 = CARTESIAN_POINT('',(1.856111109703,-4.844250362364,0.));
#6647 = DIRECTION('',(0.,0.,-1.));
#6648 = DIRECTION('',(1.,0.,0.));
#6649 = ORIENTED_EDGE('',*,*,#6627,.T.);
#6650 = ORIENTED_EDGE('',*,*,#6651,.F.);
#6651 = EDGE_CURVE('',#6652,#6620,#6654,.T.);
#6652 = VERTEX_POINT('',#6653);
#6653 = CARTESIAN_POINT('',(1.824361109703,-4.844250362364,1.E-02));
#6654 = CIRCLE('',#6655,3.175E-02);
#6655 = AXIS2_PLACEMENT_3D('',#6656,#6657,#6658);
#6656 = CARTESIAN_POINT('',(1.856111109703,-4.844250362364,1.E-02));
#6657 = DIRECTION('',(0.,0.,1.));
#6658 = DIRECTION('',(1.,0.,-0.));
#6659 = ORIENTED_EDGE('',*,*,#6660,.F.);
#6660 = EDGE_CURVE('',#6642,#6652,#6661,.T.);
#6661 = LINE('',#6662,#6663);
#6662 = CARTESIAN_POINT('',(1.824361109703,-4.844250362364,0.));
#6663 = VECTOR('',#6664,1.);
#6664 = DIRECTION('',(0.,0.,1.));
#6665 = CYLINDRICAL_SURFACE('',#6666,3.175E-02);
#6666 = AXIS2_PLACEMENT_3D('',#6667,#6668,#6669);
#6667 = CARTESIAN_POINT('',(1.856111109703,-4.844250362364,0.));
#6668 = DIRECTION('',(0.,0.,1.));
#6669 = DIRECTION('',(1.,0.,-0.));
#6670 = ADVANCED_FACE('',(#6671),#6696,.T.);
#6671 = FACE_BOUND('',#6672,.T.);
#6672 = EDGE_LOOP('',(#6673,#6681,#6682,#6690));
#6673 = ORIENTED_EDGE('',*,*,#6674,.F.);
#6674 = EDGE_CURVE('',#6642,#6675,#6677,.T.);
#6675 = VERTEX_POINT('',#6676);
#6676 = CARTESIAN_POINT('',(1.824361109703,-4.234177201027,0.));
#6677 = LINE('',#6678,#6679);
#6678 = CARTESIAN_POINT('',(1.824361109703,-4.844250362364,0.));
#6679 = VECTOR('',#6680,1.);
#6680 = DIRECTION('',(0.,1.,0.));
#6681 = ORIENTED_EDGE('',*,*,#6660,.T.);
#6682 = ORIENTED_EDGE('',*,*,#6683,.F.);
#6683 = EDGE_CURVE('',#6684,#6652,#6686,.T.);
#6684 = VERTEX_POINT('',#6685);
#6685 = CARTESIAN_POINT('',(1.824361109703,-4.234177201027,1.E-02));
#6686 = LINE('',#6687,#6688);
#6687 = CARTESIAN_POINT('',(1.824361109703,-4.844250362364,1.E-02));
#6688 = VECTOR('',#6689,1.);
#6689 = DIRECTION('',(0.,-1.,0.));
#6690 = ORIENTED_EDGE('',*,*,#6691,.F.);
#6691 = EDGE_CURVE('',#6675,#6684,#6692,.T.);
#6692 = LINE('',#6693,#6694);
#6693 = CARTESIAN_POINT('',(1.824361109703,-4.234177201027,0.));
#6694 = VECTOR('',#6695,1.);
#6695 = DIRECTION('',(0.,0.,1.));
#6696 = PLANE('',#6697);
#6697 = AXIS2_PLACEMENT_3D('',#6698,#6699,#6700);
#6698 = CARTESIAN_POINT('',(1.824361109703,-4.234177201027,0.));
#6699 = DIRECTION('',(-1.,0.,0.));
#6700 = DIRECTION('',(0.,-1.,0.));
#6701 = ADVANCED_FACE('',(#6702),#6720,.T.);
#6702 = FACE_BOUND('',#6703,.T.);
#6703 = EDGE_LOOP('',(#6704,#6711,#6712,#6719));
#6704 = ORIENTED_EDGE('',*,*,#6705,.F.);
#6705 = EDGE_CURVE('',#6675,#6474,#6706,.T.);
#6706 = CIRCLE('',#6707,3.175E-02);
#6707 = AXIS2_PLACEMENT_3D('',#6708,#6709,#6710);
#6708 = CARTESIAN_POINT('',(1.856111109703,-4.234177201027,0.));
#6709 = DIRECTION('',(0.,0.,-1.));
#6710 = DIRECTION('',(0.,-1.,0.));
#6711 = ORIENTED_EDGE('',*,*,#6691,.T.);
#6712 = ORIENTED_EDGE('',*,*,#6713,.F.);
#6713 = EDGE_CURVE('',#6484,#6684,#6714,.T.);
#6714 = CIRCLE('',#6715,3.175E-02);
#6715 = AXIS2_PLACEMENT_3D('',#6716,#6717,#6718);
#6716 = CARTESIAN_POINT('',(1.856111109703,-4.234177201027,1.E-02));
#6717 = DIRECTION('',(0.,0.,1.));
#6718 = DIRECTION('',(0.,-1.,0.));
#6719 = ORIENTED_EDGE('',*,*,#6483,.F.);
#6720 = CYLINDRICAL_SURFACE('',#6721,3.175E-02);
#6721 = AXIS2_PLACEMENT_3D('',#6722,#6723,#6724);
#6722 = CARTESIAN_POINT('',(1.856111109703,-4.234177201027,0.));
#6723 = DIRECTION('',(0.,0.,1.));
#6724 = DIRECTION('',(0.,-1.,0.));
#6725 = ADVANCED_FACE('',(#6726,#6736),#6750,.F.);
#6726 = FACE_BOUND('',#6727,.T.);
#6727 = EDGE_LOOP('',(#6728,#6729,#6730,#6731,#6732,#6733,#6734,#6735));
#6728 = ORIENTED_EDGE('',*,*,#6705,.T.);
#6729 = ORIENTED_EDGE('',*,*,#6473,.T.);
#6730 = ORIENTED_EDGE('',*,*,#6513,.T.);
#6731 = ORIENTED_EDGE('',*,*,#6546,.T.);
#6732 = ORIENTED_EDGE('',*,*,#6577,.T.);
#6733 = ORIENTED_EDGE('',*,*,#6610,.T.);
#6734 = ORIENTED_EDGE('',*,*,#6641,.T.);
#6735 = ORIENTED_EDGE('',*,*,#6674,.T.);
#6736 = FACE_BOUND('',#6737,.T.);
#6737 = EDGE_LOOP('',(#6738,#6739,#6740,#6741,#6742,#6743,#6744,#6745,
    #6746,#6747,#6748,#6749));
#6738 = ORIENTED_EDGE('',*,*,#6095,.T.);
#6739 = ORIENTED_EDGE('',*,*,#6451,.T.);
#6740 = ORIENTED_EDGE('',*,*,#6420,.T.);
#6741 = ORIENTED_EDGE('',*,*,#6389,.T.);
#6742 = ORIENTED_EDGE('',*,*,#6374,.T.);
#6743 = ORIENTED_EDGE('',*,*,#6325,.T.);
#6744 = ORIENTED_EDGE('',*,*,#6294,.T.);
#6745 = ORIENTED_EDGE('',*,*,#6263,.T.);
#6746 = ORIENTED_EDGE('',*,*,#6230,.T.);
#6747 = ORIENTED_EDGE('',*,*,#6199,.T.);
#6748 = ORIENTED_EDGE('',*,*,#6166,.T.);
#6749 = ORIENTED_EDGE('',*,*,#6135,.T.);
#6750 = PLANE('',#6751);
#6751 = AXIS2_PLACEMENT_3D('',#6752,#6753,#6754);
#6752 = CARTESIAN_POINT('',(2.108887709152,-4.539213781695,0.));
#6753 = DIRECTION('',(0.,0.,1.));
#6754 = DIRECTION('',(1.,0.,-0.));
#6755 = ADVANCED_FACE('',(#6756,#6766),#6780,.T.);
#6756 = FACE_BOUND('',#6757,.T.);
#6757 = EDGE_LOOP('',(#6758,#6759,#6760,#6761,#6762,#6763,#6764,#6765));
#6758 = ORIENTED_EDGE('',*,*,#6713,.T.);
#6759 = ORIENTED_EDGE('',*,*,#6683,.T.);
#6760 = ORIENTED_EDGE('',*,*,#6651,.T.);
#6761 = ORIENTED_EDGE('',*,*,#6619,.T.);
#6762 = ORIENTED_EDGE('',*,*,#6587,.T.);
#6763 = ORIENTED_EDGE('',*,*,#6555,.T.);
#6764 = ORIENTED_EDGE('',*,*,#6523,.T.);
#6765 = ORIENTED_EDGE('',*,*,#6491,.T.);
#6766 = FACE_BOUND('',#6767,.T.);
#6767 = EDGE_LOOP('',(#6768,#6769,#6770,#6771,#6772,#6773,#6774,#6775,
    #6776,#6777,#6778,#6779));
#6768 = ORIENTED_EDGE('',*,*,#6113,.T.);
#6769 = ORIENTED_EDGE('',*,*,#6151,.T.);
#6770 = ORIENTED_EDGE('',*,*,#6183,.T.);
#6771 = ORIENTED_EDGE('',*,*,#6215,.T.);
#6772 = ORIENTED_EDGE('',*,*,#6247,.T.);
#6773 = ORIENTED_EDGE('',*,*,#6279,.T.);
#6774 = ORIENTED_EDGE('',*,*,#6310,.T.);
#6775 = ORIENTED_EDGE('',*,*,#6341,.T.);
#6776 = ORIENTED_EDGE('',*,*,#6357,.T.);
#6777 = ORIENTED_EDGE('',*,*,#6405,.T.);
#6778 = ORIENTED_EDGE('',*,*,#6436,.T.);
#6779 = ORIENTED_EDGE('',*,*,#6458,.T.);
#6780 = PLANE('',#6781);
#6781 = AXIS2_PLACEMENT_3D('',#6782,#6783,#6784);
#6782 = CARTESIAN_POINT('',(2.108887709152,-4.539213781695,1.E-02));
#6783 = DIRECTION('',(0.,0.,1.));
#6784 = DIRECTION('',(1.,0.,-0.));
#6785 = MANIFOLD_SOLID_BREP('',#6786);
#6786 = CLOSED_SHELL('',(#6787,#6827,#6858,#6880,#6891));
#6787 = ADVANCED_FACE('',(#6788),#6822,.T.);
#6788 = FACE_BOUND('',#6789,.T.);
#6789 = EDGE_LOOP('',(#6790,#6800,#6808,#6816));
#6790 = ORIENTED_EDGE('',*,*,#6791,.T.);
#6791 = EDGE_CURVE('',#6792,#6794,#6796,.T.);
#6792 = VERTEX_POINT('',#6793);
#6793 = CARTESIAN_POINT('',(5.677208373347,-2.432583882656,0.));
#6794 = VERTEX_POINT('',#6795);
#6795 = CARTESIAN_POINT('',(6.022422518914,-1.815532207944,0.));
#6796 = LINE('',#6797,#6798);
#6797 = CARTESIAN_POINT('',(5.677208373347,-2.432583882656,0.));
#6798 = VECTOR('',#6799,1.);
#6799 = DIRECTION('',(0.488242865136,0.872707800265,0.));
#6800 = ORIENTED_EDGE('',*,*,#6801,.T.);
#6801 = EDGE_CURVE('',#6794,#6802,#6804,.T.);
#6802 = VERTEX_POINT('',#6803);
#6803 = CARTESIAN_POINT('',(6.022422518914,-1.815532207944,1.E-02));
#6804 = LINE('',#6805,#6806);
#6805 = CARTESIAN_POINT('',(6.022422518914,-1.815532207944,0.));
#6806 = VECTOR('',#6807,1.);
#6807 = DIRECTION('',(0.,0.,1.));
#6808 = ORIENTED_EDGE('',*,*,#6809,.F.);
#6809 = EDGE_CURVE('',#6810,#6802,#6812,.T.);
#6810 = VERTEX_POINT('',#6811);
#6811 = CARTESIAN_POINT('',(5.677208373347,-2.432583882656,1.E-02));
#6812 = LINE('',#6813,#6814);
#6813 = CARTESIAN_POINT('',(5.677208373347,-2.432583882656,1.E-02));
#6814 = VECTOR('',#6815,1.);
#6815 = DIRECTION('',(0.488242865136,0.872707800265,0.));
#6816 = ORIENTED_EDGE('',*,*,#6817,.F.);
#6817 = EDGE_CURVE('',#6792,#6810,#6818,.T.);
#6818 = LINE('',#6819,#6820);
#6819 = CARTESIAN_POINT('',(5.677208373347,-2.432583882656,0.));
#6820 = VECTOR('',#6821,1.);
#6821 = DIRECTION('',(0.,0.,1.));
#6822 = PLANE('',#6823);
#6823 = AXIS2_PLACEMENT_3D('',#6824,#6825,#6826);
#6824 = CARTESIAN_POINT('',(5.677208373347,-2.432583882656,0.));
#6825 = DIRECTION('',(0.872707800265,-0.488242865136,0.));
#6826 = DIRECTION('',(0.488242865136,0.872707800265,0.));
#6827 = ADVANCED_FACE('',(#6828),#6853,.T.);
#6828 = FACE_BOUND('',#6829,.T.);
#6829 = EDGE_LOOP('',(#6830,#6838,#6839,#6847));
#6830 = ORIENTED_EDGE('',*,*,#6831,.T.);
#6831 = EDGE_CURVE('',#6832,#6792,#6834,.T.);
#6832 = VERTEX_POINT('',#6833);
#6833 = CARTESIAN_POINT('',(5.34620174818,-1.815532207944,0.));
#6834 = LINE('',#6835,#6836);
#6835 = CARTESIAN_POINT('',(5.34620174818,-1.815532207944,0.));
#6836 = VECTOR('',#6837,1.);
#6837 = DIRECTION('',(0.472713166839,-0.881216353626,0.));
#6838 = ORIENTED_EDGE('',*,*,#6817,.T.);
#6839 = ORIENTED_EDGE('',*,*,#6840,.F.);
#6840 = EDGE_CURVE('',#6841,#6810,#6843,.T.);
#6841 = VERTEX_POINT('',#6842);
#6842 = CARTESIAN_POINT('',(5.34620174818,-1.815532207944,1.E-02));
#6843 = LINE('',#6844,#6845);
#6844 = CARTESIAN_POINT('',(5.34620174818,-1.815532207944,1.E-02));
#6845 = VECTOR('',#6846,1.);
#6846 = DIRECTION('',(0.472713166839,-0.881216353626,0.));
#6847 = ORIENTED_EDGE('',*,*,#6848,.F.);
#6848 = EDGE_CURVE('',#6832,#6841,#6849,.T.);
#6849 = LINE('',#6850,#6851);
#6850 = CARTESIAN_POINT('',(5.34620174818,-1.815532207944,0.));
#6851 = VECTOR('',#6852,1.);
#6852 = DIRECTION('',(0.,0.,1.));
#6853 = PLANE('',#6854);
#6854 = AXIS2_PLACEMENT_3D('',#6855,#6856,#6857);
#6855 = CARTESIAN_POINT('',(5.34620174818,-1.815532207944,0.));
#6856 = DIRECTION('',(-0.881216353626,-0.472713166839,0.));
#6857 = DIRECTION('',(0.472713166839,-0.881216353626,0.));
#6858 = ADVANCED_FACE('',(#6859),#6875,.T.);
#6859 = FACE_BOUND('',#6860,.T.);
#6860 = EDGE_LOOP('',(#6861,#6867,#6868,#6874));
#6861 = ORIENTED_EDGE('',*,*,#6862,.T.);
#6862 = EDGE_CURVE('',#6794,#6832,#6863,.T.);
#6863 = LINE('',#6864,#6865);
#6864 = CARTESIAN_POINT('',(6.022422518914,-1.815532207944,0.));
#6865 = VECTOR('',#6866,1.);
#6866 = DIRECTION('',(-1.,0.,0.));
#6867 = ORIENTED_EDGE('',*,*,#6848,.T.);
#6868 = ORIENTED_EDGE('',*,*,#6869,.F.);
#6869 = EDGE_CURVE('',#6802,#6841,#6870,.T.);
#6870 = LINE('',#6871,#6872);
#6871 = CARTESIAN_POINT('',(6.022422518914,-1.815532207944,1.E-02));
#6872 = VECTOR('',#6873,1.);
#6873 = DIRECTION('',(-1.,0.,0.));
#6874 = ORIENTED_EDGE('',*,*,#6801,.F.);
#6875 = PLANE('',#6876);
#6876 = AXIS2_PLACEMENT_3D('',#6877,#6878,#6879);
#6877 = CARTESIAN_POINT('',(5.677208373347,-1.815532207944,0.));
#6878 = DIRECTION('',(0.,1.,0.));
#6879 = DIRECTION('',(-1.,0.,0.));
#6880 = ADVANCED_FACE('',(#6881),#6886,.T.);
#6881 = FACE_BOUND('',#6882,.T.);
#6882 = EDGE_LOOP('',(#6883,#6884,#6885));
#6883 = ORIENTED_EDGE('',*,*,#6869,.T.);
#6884 = ORIENTED_EDGE('',*,*,#6840,.T.);
#6885 = ORIENTED_EDGE('',*,*,#6809,.T.);
#6886 = PLANE('',#6887);
#6887 = AXIS2_PLACEMENT_3D('',#6888,#6889,#6890);
#6888 = CARTESIAN_POINT('',(5.573662831529,-2.062100274534,1.E-02));
#6889 = DIRECTION('',(0.,0.,1.));
#6890 = DIRECTION('',(1.,0.,-0.));
#6891 = ADVANCED_FACE('',(#6892),#6897,.F.);
#6892 = FACE_BOUND('',#6893,.T.);
#6893 = EDGE_LOOP('',(#6894,#6895,#6896));
#6894 = ORIENTED_EDGE('',*,*,#6831,.F.);
#6895 = ORIENTED_EDGE('',*,*,#6862,.F.);
#6896 = ORIENTED_EDGE('',*,*,#6791,.F.);
#6897 = PLANE('',#6898);
#6898 = AXIS2_PLACEMENT_3D('',#6899,#6900,#6901);
#6899 = CARTESIAN_POINT('',(5.573662831529,-2.062100274534,0.));
#6900 = DIRECTION('',(0.,0.,1.));
#6901 = DIRECTION('',(1.,0.,-0.));
#6902 = ( GEOMETRIC_REPRESENTATION_CONTEXT(3) 
GLOBAL_UNCERTAINTY_ASSIGNED_CONTEXT((#6906)) 
GLOBAL_UNIT_ASSIGNED_CONTEXT((#6903,#6904,#6905)) REPRESENTATION_CONTEXT
('Context #1','3D Context with UNIT and UNCERTAINTY') );
#6903 = ( LENGTH_UNIT() NAMED_UNIT(*) SI_UNIT(.MILLI.,.METRE.) );
#6904 = ( NAMED_UNIT(*) PLANE_ANGLE_UNIT() SI_UNIT($,.RADIAN.) );
#6905 = ( NAMED_UNIT(*) SI_UNIT($,.STERADIAN.) SOLID_ANGLE_UNIT() );
#6906 = UNCERTAINTY_MEASURE_WITH_UNIT(LENGTH_MEASURE(1.E-07),#6903,
  'distance_accuracy_value','confusion accuracy');
#6907 = SHAPE_DEFINITION_REPRESENTATION(#6908,#6088);
#6908 = PRODUCT_DEFINITION_SHAPE('','',#6909);
#6909 = PRODUCT_DEFINITION('design','',#6910,#6913);
#6910 = PRODUCT_DEFINITION_FORMATION('','',#6911);
#6911 = PRODUCT('JST Logo adjustable','JST Logo adjustable','',(#6912));
#6912 = PRODUCT_CONTEXT('',#2,'mechanical');
#6913 = PRODUCT_DEFINITION_CONTEXT('part definition',#2,'design');
#6914 = CONTEXT_DEPENDENT_SHAPE_REPRESENTATION(#6915,#6917);
#6915 = ( REPRESENTATION_RELATIONSHIP('','',#6088,#2937) 
REPRESENTATION_RELATIONSHIP_WITH_TRANSFORMATION(#6916) 
SHAPE_REPRESENTATION_RELATIONSHIP() );
#6916 = ITEM_DEFINED_TRANSFORMATION('','',#11,#2958);
#6917 = PRODUCT_DEFINITION_SHAPE('Placement','Placement of an item',
  #6918);
#6918 = NEXT_ASSEMBLY_USAGE_OCCURRENCE('18','JST Logo adjustable:1','',
  #2932,#6909,$);
#6919 = PRODUCT_RELATED_PRODUCT_CATEGORY('part',$,(#6911));
#6920 = CONTEXT_DEPENDENT_SHAPE_REPRESENTATION(#6921,#6923);
#6921 = ( REPRESENTATION_RELATIONSHIP('','',#2937,#2920) 
REPRESENTATION_RELATIONSHIP_WITH_TRANSFORMATION(#6922) 
SHAPE_REPRESENTATION_RELATIONSHIP() );
#6922 = ITEM_DEFINED_TRANSFORMATION('','',#11,#2921);
#6923 = PRODUCT_DEFINITION_SHAPE('Placement','Placement of an item',
  #6924);
#6924 = NEXT_ASSEMBLY_USAGE_OCCURRENCE('19','1:1','',#2915,#2932,$);
#6925 = PRODUCT_RELATED_PRODUCT_CATEGORY('part',$,(#2934));
#6926 = CONTEXT_DEPENDENT_SHAPE_REPRESENTATION(#6927,#6929);
#6927 = ( REPRESENTATION_RELATIONSHIP('','',#2920,#2903) 
REPRESENTATION_RELATIONSHIP_WITH_TRANSFORMATION(#6928) 
SHAPE_REPRESENTATION_RELATIONSHIP() );
#6928 = ITEM_DEFINED_TRANSFORMATION('','',#11,#2904);
#6929 = PRODUCT_DEFINITION_SHAPE('Placement','Placement of an item',
  #6930);
#6930 = NEXT_ASSEMBLY_USAGE_OCCURRENCE('20','','',#2898,#2915,$);
#6931 = PRODUCT_RELATED_PRODUCT_CATEGORY('part',$,(#2917));
#6932 = CONTEXT_DEPENDENT_SHAPE_REPRESENTATION(#6933,#6935);
#6933 = ( REPRESENTATION_RELATIONSHIP('','',#2903,#10) 
REPRESENTATION_RELATIONSHIP_WITH_TRANSFORMATION(#6934) 
SHAPE_REPRESENTATION_RELATIONSHIP() );
#6934 = ITEM_DEFINED_TRANSFORMATION('','',#11,#23);
#6935 = PRODUCT_DEFINITION_SHAPE('Placement','Placement of an item',
  #6936);
#6936 = NEXT_ASSEMBLY_USAGE_OCCURRENCE('21','','',#5,#2898,$);
#6937 = PRODUCT_RELATED_PRODUCT_CATEGORY('part',$,(#2900));
#6938 = SHAPE_DEFINITION_REPRESENTATION(#6939,#6945);
#6939 = PRODUCT_DEFINITION_SHAPE('','',#6940);
#6940 = PRODUCT_DEFINITION('design','',#6941,#6944);
#6941 = PRODUCT_DEFINITION_FORMATION('','',#6942);
#6942 = PRODUCT('J1','J1','',(#6943));
#6943 = PRODUCT_CONTEXT('',#2,'mechanical');
#6944 = PRODUCT_DEFINITION_CONTEXT('part definition',#2,'design');
#6945 = SHAPE_REPRESENTATION('',(#11,#6946),#6950);
#6946 = AXIS2_PLACEMENT_3D('',#6947,#6948,#6949);
#6947 = CARTESIAN_POINT('',(3.49999976,4.50000002,0.));
#6948 = DIRECTION('',(-0.,0.,1.));
#6949 = DIRECTION('',(1.19248806385E-08,-1.,0.));
#6950 = ( GEOMETRIC_REPRESENTATION_CONTEXT(3) 
GLOBAL_UNCERTAINTY_ASSIGNED_CONTEXT((#6954)) 
GLOBAL_UNIT_ASSIGNED_CONTEXT((#6951,#6952,#6953)) REPRESENTATION_CONTEXT
('Context #1','3D Context with UNIT and UNCERTAINTY') );
#6951 = ( LENGTH_UNIT() NAMED_UNIT(*) SI_UNIT(.MILLI.,.METRE.) );
#6952 = ( NAMED_UNIT(*) PLANE_ANGLE_UNIT() SI_UNIT($,.RADIAN.) );
#6953 = ( NAMED_UNIT(*) SI_UNIT($,.STERADIAN.) SOLID_ANGLE_UNIT() );
#6954 = UNCERTAINTY_MEASURE_WITH_UNIT(LENGTH_MEASURE(1.E-07),#6951,
  'distance_accuracy_value','confusion accuracy');
#6955 = CONTEXT_DEPENDENT_SHAPE_REPRESENTATION(#6956,#6958);
#6956 = ( REPRESENTATION_RELATIONSHIP('','',#2920,#6945) 
REPRESENTATION_RELATIONSHIP_WITH_TRANSFORMATION(#6957) 
SHAPE_REPRESENTATION_RELATIONSHIP() );
#6957 = ITEM_DEFINED_TRANSFORMATION('','',#11,#6946);
#6958 = PRODUCT_DEFINITION_SHAPE('Placement','Placement of an item',
  #6959);
#6959 = NEXT_ASSEMBLY_USAGE_OCCURRENCE('22','','',#6940,#2915,$);
#6960 = CONTEXT_DEPENDENT_SHAPE_REPRESENTATION(#6961,#6963);
#6961 = ( REPRESENTATION_RELATIONSHIP('','',#6945,#10) 
REPRESENTATION_RELATIONSHIP_WITH_TRANSFORMATION(#6962) 
SHAPE_REPRESENTATION_RELATIONSHIP() );
#6962 = ITEM_DEFINED_TRANSFORMATION('','',#11,#27);
#6963 = PRODUCT_DEFINITION_SHAPE('Placement','Placement of an item',
  #6964);
#6964 = NEXT_ASSEMBLY_USAGE_OCCURRENCE('23','','',#5,#6940,$);
#6965 = PRODUCT_RELATED_PRODUCT_CATEGORY('part',$,(#6942));
#6966 = SHAPE_DEFINITION_REPRESENTATION(#6967,#6973);
#6967 = PRODUCT_DEFINITION_SHAPE('','',#6968);
#6968 = PRODUCT_DEFINITION('design','',#6969,#6972);
#6969 = PRODUCT_DEFINITION_FORMATION('','',#6970);
#6970 = PRODUCT('C2','C2','',(#6971));
#6971 = PRODUCT_CONTEXT('',#2,'mechanical');
#6972 = PRODUCT_DEFINITION_CONTEXT('part definition',#2,'design');
#6973 = SHAPE_REPRESENTATION('',(#11,#6974,#6978,#6982),#6986);
#6974 = AXIS2_PLACEMENT_3D('',#6975,#6976,#6977);
#6975 = CARTESIAN_POINT('',(15.99999976,5.674999257061,0.));
#6976 = DIRECTION('',(0.,0.,1.));
#6977 = DIRECTION('',(1.,0.,0.));
#6978 = AXIS2_PLACEMENT_3D('',#6979,#6980,#6981);
#6979 = CARTESIAN_POINT('',(15.99999976,3.974998494121,0.));
#6980 = DIRECTION('',(0.,0.,1.));
#6981 = DIRECTION('',(1.,0.,0.));
#6982 = AXIS2_PLACEMENT_3D('',#6983,#6984,#6985);
#6983 = CARTESIAN_POINT('',(15.99999976,4.825000782939,0.));
#6984 = DIRECTION('',(0.,0.,1.));
#6985 = DIRECTION('',(1.,0.,0.));
#6986 = ( GEOMETRIC_REPRESENTATION_CONTEXT(3) 
GLOBAL_UNCERTAINTY_ASSIGNED_CONTEXT((#6990)) 
GLOBAL_UNIT_ASSIGNED_CONTEXT((#6987,#6988,#6989)) REPRESENTATION_CONTEXT
('Context #1','3D Context with UNIT and UNCERTAINTY') );
#6987 = ( LENGTH_UNIT() NAMED_UNIT(*) SI_UNIT(.MILLI.,.METRE.) );
#6988 = ( NAMED_UNIT(*) PLANE_ANGLE_UNIT() SI_UNIT($,.RADIAN.) );
#6989 = ( NAMED_UNIT(*) SI_UNIT($,.STERADIAN.) SOLID_ANGLE_UNIT() );
#6990 = UNCERTAINTY_MEASURE_WITH_UNIT(LENGTH_MEASURE(1.E-07),#6987,
  'distance_accuracy_value','confusion accuracy');
#6991 = SHAPE_DEFINITION_REPRESENTATION(#6992,#6998);
#6992 = PRODUCT_DEFINITION_SHAPE('','',#6993);
#6993 = PRODUCT_DEFINITION('design','',#6994,#6997);
#6994 = PRODUCT_DEFINITION_FORMATION('','',#6995);
#6995 = PRODUCT('8601185312','8601185312','',(#6996));
#6996 = PRODUCT_CONTEXT('',#2,'mechanical');
#6997 = PRODUCT_DEFINITION_CONTEXT('part definition',#2,'design');
#6998 = SHAPE_REPRESENTATION('',(#11,#6999),#7003);
#6999 = AXIS2_PLACEMENT_3D('',#7000,#7001,#7002);
#7000 = CARTESIAN_POINT('',(0.,0.,0.));
#7001 = DIRECTION('',(0.,0.,1.));
#7002 = DIRECTION('',(1.,0.,0.));
#7003 = ( GEOMETRIC_REPRESENTATION_CONTEXT(3) 
GLOBAL_UNCERTAINTY_ASSIGNED_CONTEXT((#7007)) 
GLOBAL_UNIT_ASSIGNED_CONTEXT((#7004,#7005,#7006)) REPRESENTATION_CONTEXT
('Context #1','3D Context with UNIT and UNCERTAINTY') );
#7004 = ( LENGTH_UNIT() NAMED_UNIT(*) SI_UNIT(.MILLI.,.METRE.) );
#7005 = ( NAMED_UNIT(*) PLANE_ANGLE_UNIT() SI_UNIT($,.RADIAN.) );
#7006 = ( NAMED_UNIT(*) SI_UNIT($,.STERADIAN.) SOLID_ANGLE_UNIT() );
#7007 = UNCERTAINTY_MEASURE_WITH_UNIT(LENGTH_MEASURE(1.E-07),#7004,
  'distance_accuracy_value','confusion accuracy');
#7008 = ADVANCED_BREP_SHAPE_REPRESENTATION('',(#11,#7009),#7159);
#7009 = MANIFOLD_SOLID_BREP('',#7010);
#7010 = CLOSED_SHELL('',(#7011,#7051,#7082,#7113,#7135,#7147));
#7011 = ADVANCED_FACE('',(#7012),#7046,.F.);
#7012 = FACE_BOUND('',#7013,.F.);
#7013 = EDGE_LOOP('',(#7014,#7024,#7032,#7040));
#7014 = ORIENTED_EDGE('',*,*,#7015,.T.);
#7015 = EDGE_CURVE('',#7016,#7018,#7020,.T.);
#7016 = VERTEX_POINT('',#7017);
#7017 = CARTESIAN_POINT('',(-0.72499982,-0.2499995,0.));
#7018 = VERTEX_POINT('',#7019);
#7019 = CARTESIAN_POINT('',(-0.72499982,-0.2499995,1.44999964));
#7020 = LINE('',#7021,#7022);
#7021 = CARTESIAN_POINT('',(-0.72499982,-0.2499995,0.));
#7022 = VECTOR('',#7023,1.);
#7023 = DIRECTION('',(0.,0.,1.));
#7024 = ORIENTED_EDGE('',*,*,#7025,.T.);
#7025 = EDGE_CURVE('',#7018,#7026,#7028,.T.);
#7026 = VERTEX_POINT('',#7027);
#7027 = CARTESIAN_POINT('',(0.72499982,-0.2499995,1.44999964));
#7028 = LINE('',#7029,#7030);
#7029 = CARTESIAN_POINT('',(-0.72499982,-0.2499995,1.44999964));
#7030 = VECTOR('',#7031,1.);
#7031 = DIRECTION('',(1.,0.,0.));
#7032 = ORIENTED_EDGE('',*,*,#7033,.F.);
#7033 = EDGE_CURVE('',#7034,#7026,#7036,.T.);
#7034 = VERTEX_POINT('',#7035);
#7035 = CARTESIAN_POINT('',(0.72499982,-0.2499995,0.));
#7036 = LINE('',#7037,#7038);
#7037 = CARTESIAN_POINT('',(0.72499982,-0.2499995,0.));
#7038 = VECTOR('',#7039,1.);
#7039 = DIRECTION('',(0.,0.,1.));
#7040 = ORIENTED_EDGE('',*,*,#7041,.F.);
#7041 = EDGE_CURVE('',#7016,#7034,#7042,.T.);
#7042 = LINE('',#7043,#7044);
#7043 = CARTESIAN_POINT('',(-0.72499982,-0.2499995,0.));
#7044 = VECTOR('',#7045,1.);
#7045 = DIRECTION('',(1.,0.,0.));
#7046 = PLANE('',#7047);
#7047 = AXIS2_PLACEMENT_3D('',#7048,#7049,#7050);
#7048 = CARTESIAN_POINT('',(-0.72499982,-0.2499995,0.));
#7049 = DIRECTION('',(0.,1.,0.));
#7050 = DIRECTION('',(1.,0.,0.));
#7051 = ADVANCED_FACE('',(#7052),#7077,.F.);
#7052 = FACE_BOUND('',#7053,.F.);
#7053 = EDGE_LOOP('',(#7054,#7055,#7063,#7071));
#7054 = ORIENTED_EDGE('',*,*,#7033,.T.);
#7055 = ORIENTED_EDGE('',*,*,#7056,.T.);
#7056 = EDGE_CURVE('',#7026,#7057,#7059,.T.);
#7057 = VERTEX_POINT('',#7058);
#7058 = CARTESIAN_POINT('',(0.72499982,0.2499995,1.44999964));
#7059 = LINE('',#7060,#7061);
#7060 = CARTESIAN_POINT('',(0.72499982,-0.2499995,1.44999964));
#7061 = VECTOR('',#7062,1.);
#7062 = DIRECTION('',(0.,1.,0.));
#7063 = ORIENTED_EDGE('',*,*,#7064,.F.);
#7064 = EDGE_CURVE('',#7065,#7057,#7067,.T.);
#7065 = VERTEX_POINT('',#7066);
#7066 = CARTESIAN_POINT('',(0.72499982,0.2499995,0.));
#7067 = LINE('',#7068,#7069);
#7068 = CARTESIAN_POINT('',(0.72499982,0.2499995,0.));
#7069 = VECTOR('',#7070,1.);
#7070 = DIRECTION('',(0.,0.,1.));
#7071 = ORIENTED_EDGE('',*,*,#7072,.F.);
#7072 = EDGE_CURVE('',#7034,#7065,#7073,.T.);
#7073 = LINE('',#7074,#7075);
#7074 = CARTESIAN_POINT('',(0.72499982,-0.2499995,0.));
#7075 = VECTOR('',#7076,1.);
#7076 = DIRECTION('',(0.,1.,0.));
#7077 = PLANE('',#7078);
#7078 = AXIS2_PLACEMENT_3D('',#7079,#7080,#7081);
#7079 = CARTESIAN_POINT('',(0.72499982,-0.2499995,0.));
#7080 = DIRECTION('',(-1.,0.,0.));
#7081 = DIRECTION('',(0.,1.,0.));
#7082 = ADVANCED_FACE('',(#7083),#7108,.F.);
#7083 = FACE_BOUND('',#7084,.F.);
#7084 = EDGE_LOOP('',(#7085,#7086,#7094,#7102));
#7085 = ORIENTED_EDGE('',*,*,#7064,.T.);
#7086 = ORIENTED_EDGE('',*,*,#7087,.T.);
#7087 = EDGE_CURVE('',#7057,#7088,#7090,.T.);
#7088 = VERTEX_POINT('',#7089);
#7089 = CARTESIAN_POINT('',(-0.72499982,0.2499995,1.44999964));
#7090 = LINE('',#7091,#7092);
#7091 = CARTESIAN_POINT('',(0.72499982,0.2499995,1.44999964));
#7092 = VECTOR('',#7093,1.);
#7093 = DIRECTION('',(-1.,0.,0.));
#7094 = ORIENTED_EDGE('',*,*,#7095,.F.);
#7095 = EDGE_CURVE('',#7096,#7088,#7098,.T.);
#7096 = VERTEX_POINT('',#7097);
#7097 = CARTESIAN_POINT('',(-0.72499982,0.2499995,0.));
#7098 = LINE('',#7099,#7100);
#7099 = CARTESIAN_POINT('',(-0.72499982,0.2499995,0.));
#7100 = VECTOR('',#7101,1.);
#7101 = DIRECTION('',(0.,0.,1.));
#7102 = ORIENTED_EDGE('',*,*,#7103,.F.);
#7103 = EDGE_CURVE('',#7065,#7096,#7104,.T.);
#7104 = LINE('',#7105,#7106);
#7105 = CARTESIAN_POINT('',(0.72499982,0.2499995,0.));
#7106 = VECTOR('',#7107,1.);
#7107 = DIRECTION('',(-1.,0.,0.));
#7108 = PLANE('',#7109);
#7109 = AXIS2_PLACEMENT_3D('',#7110,#7111,#7112);
#7110 = CARTESIAN_POINT('',(0.72499982,0.2499995,0.));
#7111 = DIRECTION('',(0.,-1.,0.));
#7112 = DIRECTION('',(-1.,0.,0.));
#7113 = ADVANCED_FACE('',(#7114),#7130,.F.);
#7114 = FACE_BOUND('',#7115,.F.);
#7115 = EDGE_LOOP('',(#7116,#7117,#7123,#7124));
#7116 = ORIENTED_EDGE('',*,*,#7095,.T.);
#7117 = ORIENTED_EDGE('',*,*,#7118,.T.);
#7118 = EDGE_CURVE('',#7088,#7018,#7119,.T.);
#7119 = LINE('',#7120,#7121);
#7120 = CARTESIAN_POINT('',(-0.72499982,0.2499995,1.44999964));
#7121 = VECTOR('',#7122,1.);
#7122 = DIRECTION('',(0.,-1.,0.));
#7123 = ORIENTED_EDGE('',*,*,#7015,.F.);
#7124 = ORIENTED_EDGE('',*,*,#7125,.F.);
#7125 = EDGE_CURVE('',#7096,#7016,#7126,.T.);
#7126 = LINE('',#7127,#7128);
#7127 = CARTESIAN_POINT('',(-0.72499982,0.2499995,0.));
#7128 = VECTOR('',#7129,1.);
#7129 = DIRECTION('',(0.,-1.,0.));
#7130 = PLANE('',#7131);
#7131 = AXIS2_PLACEMENT_3D('',#7132,#7133,#7134);
#7132 = CARTESIAN_POINT('',(-0.72499982,0.2499995,0.));
#7133 = DIRECTION('',(1.,0.,-0.));
#7134 = DIRECTION('',(0.,-1.,0.));
#7135 = ADVANCED_FACE('',(#7136),#7142,.F.);
#7136 = FACE_BOUND('',#7137,.F.);
#7137 = EDGE_LOOP('',(#7138,#7139,#7140,#7141));
#7138 = ORIENTED_EDGE('',*,*,#7041,.T.);
#7139 = ORIENTED_EDGE('',*,*,#7072,.T.);
#7140 = ORIENTED_EDGE('',*,*,#7103,.T.);
#7141 = ORIENTED_EDGE('',*,*,#7125,.T.);
#7142 = PLANE('',#7143);
#7143 = AXIS2_PLACEMENT_3D('',#7144,#7145,#7146);
#7144 = CARTESIAN_POINT('',(-7.059884670151E-15,0.,0.));
#7145 = DIRECTION('',(0.,0.,1.));
#7146 = DIRECTION('',(1.,0.,-0.));
#7147 = ADVANCED_FACE('',(#7148),#7154,.T.);
#7148 = FACE_BOUND('',#7149,.T.);
#7149 = EDGE_LOOP('',(#7150,#7151,#7152,#7153));
#7150 = ORIENTED_EDGE('',*,*,#7025,.T.);
#7151 = ORIENTED_EDGE('',*,*,#7056,.T.);
#7152 = ORIENTED_EDGE('',*,*,#7087,.T.);
#7153 = ORIENTED_EDGE('',*,*,#7118,.T.);
#7154 = PLANE('',#7155);
#7155 = AXIS2_PLACEMENT_3D('',#7156,#7157,#7158);
#7156 = CARTESIAN_POINT('',(-7.059884670151E-15,0.,1.44999964));
#7157 = DIRECTION('',(0.,0.,1.));
#7158 = DIRECTION('',(1.,0.,-0.));
#7159 = ( GEOMETRIC_REPRESENTATION_CONTEXT(3) 
GLOBAL_UNCERTAINTY_ASSIGNED_CONTEXT((#7163)) 
GLOBAL_UNIT_ASSIGNED_CONTEXT((#7160,#7161,#7162)) REPRESENTATION_CONTEXT
('Context #1','3D Context with UNIT and UNCERTAINTY') );
#7160 = ( LENGTH_UNIT() NAMED_UNIT(*) SI_UNIT(.MILLI.,.METRE.) );
#7161 = ( NAMED_UNIT(*) PLANE_ANGLE_UNIT() SI_UNIT($,.RADIAN.) );
#7162 = ( NAMED_UNIT(*) SI_UNIT($,.STERADIAN.) SOLID_ANGLE_UNIT() );
#7163 = UNCERTAINTY_MEASURE_WITH_UNIT(LENGTH_MEASURE(1.E-07),#7160,
  'distance_accuracy_value','confusion accuracy');
#7164 = SHAPE_DEFINITION_REPRESENTATION(#7165,#7008);
#7165 = PRODUCT_DEFINITION_SHAPE('','',#7166);
#7166 = PRODUCT_DEFINITION('design','',#7167,#7170);
#7167 = PRODUCT_DEFINITION_FORMATION('','',#7168);
#7168 = PRODUCT('Extruded','Extruded','',(#7169));
#7169 = PRODUCT_CONTEXT('',#2,'mechanical');
#7170 = PRODUCT_DEFINITION_CONTEXT('part definition',#2,'design');
#7171 = CONTEXT_DEPENDENT_SHAPE_REPRESENTATION(#7172,#7174);
#7172 = ( REPRESENTATION_RELATIONSHIP('','',#7008,#6998) 
REPRESENTATION_RELATIONSHIP_WITH_TRANSFORMATION(#7173) 
SHAPE_REPRESENTATION_RELATIONSHIP() );
#7173 = ITEM_DEFINED_TRANSFORMATION('','',#11,#6999);
#7174 = PRODUCT_DEFINITION_SHAPE('Placement','Placement of an item',
  #7175);
#7175 = NEXT_ASSEMBLY_USAGE_OCCURRENCE('24','1','',#6993,#7166,$);
#7176 = PRODUCT_RELATED_PRODUCT_CATEGORY('part',$,(#7168));
#7177 = CONTEXT_DEPENDENT_SHAPE_REPRESENTATION(#7178,#7180);
#7178 = ( REPRESENTATION_RELATIONSHIP('','',#6998,#6973) 
REPRESENTATION_RELATIONSHIP_WITH_TRANSFORMATION(#7179) 
SHAPE_REPRESENTATION_RELATIONSHIP() );
#7179 = ITEM_DEFINED_TRANSFORMATION('','',#11,#6974);
#7180 = PRODUCT_DEFINITION_SHAPE('Placement','Placement of an item',
  #7181);
#7181 = NEXT_ASSEMBLY_USAGE_OCCURRENCE('25','','',#6968,#6993,$);
#7182 = PRODUCT_RELATED_PRODUCT_CATEGORY('part',$,(#6995));
#7183 = CONTEXT_DEPENDENT_SHAPE_REPRESENTATION(#7184,#7186);
#7184 = ( REPRESENTATION_RELATIONSHIP('','',#6998,#6973) 
REPRESENTATION_RELATIONSHIP_WITH_TRANSFORMATION(#7185) 
SHAPE_REPRESENTATION_RELATIONSHIP() );
#7185 = ITEM_DEFINED_TRANSFORMATION('','',#11,#6978);
#7186 = PRODUCT_DEFINITION_SHAPE('Placement','Placement of an item',
  #7187);
#7187 = NEXT_ASSEMBLY_USAGE_OCCURRENCE('26','','',#6968,#6993,$);
#7188 = SHAPE_DEFINITION_REPRESENTATION(#7189,#7195);
#7189 = PRODUCT_DEFINITION_SHAPE('','',#7190);
#7190 = PRODUCT_DEFINITION('design','',#7191,#7194);
#7191 = PRODUCT_DEFINITION_FORMATION('','',#7192);
#7192 = PRODUCT('8601184592','8601184592','',(#7193));
#7193 = PRODUCT_CONTEXT('',#2,'mechanical');
#7194 = PRODUCT_DEFINITION_CONTEXT('part definition',#2,'design');
#7195 = SHAPE_REPRESENTATION('',(#11,#7196),#7200);
#7196 = AXIS2_PLACEMENT_3D('',#7197,#7198,#7199);
#7197 = CARTESIAN_POINT('',(0.,0.,0.));
#7198 = DIRECTION('',(0.,0.,1.));
#7199 = DIRECTION('',(1.,0.,0.));
#7200 = ( GEOMETRIC_REPRESENTATION_CONTEXT(3) 
GLOBAL_UNCERTAINTY_ASSIGNED_CONTEXT((#7204)) 
GLOBAL_UNIT_ASSIGNED_CONTEXT((#7201,#7202,#7203)) REPRESENTATION_CONTEXT
('Context #1','3D Context with UNIT and UNCERTAINTY') );
#7201 = ( LENGTH_UNIT() NAMED_UNIT(*) SI_UNIT(.MILLI.,.METRE.) );
#7202 = ( NAMED_UNIT(*) PLANE_ANGLE_UNIT() SI_UNIT($,.RADIAN.) );
#7203 = ( NAMED_UNIT(*) SI_UNIT($,.STERADIAN.) SOLID_ANGLE_UNIT() );
#7204 = UNCERTAINTY_MEASURE_WITH_UNIT(LENGTH_MEASURE(1.E-07),#7201,
  'distance_accuracy_value','confusion accuracy');
#7205 = ADVANCED_BREP_SHAPE_REPRESENTATION('',(#11,#7206),#7356);
#7206 = MANIFOLD_SOLID_BREP('',#7207);
#7207 = CLOSED_SHELL('',(#7208,#7248,#7279,#7310,#7332,#7344));
#7208 = ADVANCED_FACE('',(#7209),#7243,.F.);
#7209 = FACE_BOUND('',#7210,.F.);
#7210 = EDGE_LOOP('',(#7211,#7221,#7229,#7237));
#7211 = ORIENTED_EDGE('',*,*,#7212,.T.);
#7212 = EDGE_CURVE('',#7213,#7215,#7217,.T.);
#7213 = VERTEX_POINT('',#7214);
#7214 = CARTESIAN_POINT('',(-0.72499982,-0.5999988,0.));
#7215 = VERTEX_POINT('',#7216);
#7216 = CARTESIAN_POINT('',(-0.72499982,-0.5999988,1.44999964));
#7217 = LINE('',#7218,#7219);
#7218 = CARTESIAN_POINT('',(-0.72499982,-0.5999988,0.));
#7219 = VECTOR('',#7220,1.);
#7220 = DIRECTION('',(0.,0.,1.));
#7221 = ORIENTED_EDGE('',*,*,#7222,.T.);
#7222 = EDGE_CURVE('',#7215,#7223,#7225,.T.);
#7223 = VERTEX_POINT('',#7224);
#7224 = CARTESIAN_POINT('',(0.72499982,-0.5999988,1.44999964));
#7225 = LINE('',#7226,#7227);
#7226 = CARTESIAN_POINT('',(-0.72499982,-0.5999988,1.44999964));
#7227 = VECTOR('',#7228,1.);
#7228 = DIRECTION('',(1.,0.,0.));
#7229 = ORIENTED_EDGE('',*,*,#7230,.F.);
#7230 = EDGE_CURVE('',#7231,#7223,#7233,.T.);
#7231 = VERTEX_POINT('',#7232);
#7232 = CARTESIAN_POINT('',(0.72499982,-0.5999988,0.));
#7233 = LINE('',#7234,#7235);
#7234 = CARTESIAN_POINT('',(0.72499982,-0.5999988,0.));
#7235 = VECTOR('',#7236,1.);
#7236 = DIRECTION('',(0.,0.,1.));
#7237 = ORIENTED_EDGE('',*,*,#7238,.F.);
#7238 = EDGE_CURVE('',#7213,#7231,#7239,.T.);
#7239 = LINE('',#7240,#7241);
#7240 = CARTESIAN_POINT('',(-0.72499982,-0.5999988,0.));
#7241 = VECTOR('',#7242,1.);
#7242 = DIRECTION('',(1.,0.,0.));
#7243 = PLANE('',#7244);
#7244 = AXIS2_PLACEMENT_3D('',#7245,#7246,#7247);
#7245 = CARTESIAN_POINT('',(-0.72499982,-0.5999988,0.));
#7246 = DIRECTION('',(0.,1.,0.));
#7247 = DIRECTION('',(1.,0.,0.));
#7248 = ADVANCED_FACE('',(#7249),#7274,.F.);
#7249 = FACE_BOUND('',#7250,.F.);
#7250 = EDGE_LOOP('',(#7251,#7252,#7260,#7268));
#7251 = ORIENTED_EDGE('',*,*,#7230,.T.);
#7252 = ORIENTED_EDGE('',*,*,#7253,.T.);
#7253 = EDGE_CURVE('',#7223,#7254,#7256,.T.);
#7254 = VERTEX_POINT('',#7255);
#7255 = CARTESIAN_POINT('',(0.72499982,0.60000134,1.44999964));
#7256 = LINE('',#7257,#7258);
#7257 = CARTESIAN_POINT('',(0.72499982,-0.5999988,1.44999964));
#7258 = VECTOR('',#7259,1.);
#7259 = DIRECTION('',(0.,1.,0.));
#7260 = ORIENTED_EDGE('',*,*,#7261,.F.);
#7261 = EDGE_CURVE('',#7262,#7254,#7264,.T.);
#7262 = VERTEX_POINT('',#7263);
#7263 = CARTESIAN_POINT('',(0.72499982,0.60000134,0.));
#7264 = LINE('',#7265,#7266);
#7265 = CARTESIAN_POINT('',(0.72499982,0.60000134,0.));
#7266 = VECTOR('',#7267,1.);
#7267 = DIRECTION('',(0.,0.,1.));
#7268 = ORIENTED_EDGE('',*,*,#7269,.F.);
#7269 = EDGE_CURVE('',#7231,#7262,#7270,.T.);
#7270 = LINE('',#7271,#7272);
#7271 = CARTESIAN_POINT('',(0.72499982,-0.5999988,0.));
#7272 = VECTOR('',#7273,1.);
#7273 = DIRECTION('',(0.,1.,0.));
#7274 = PLANE('',#7275);
#7275 = AXIS2_PLACEMENT_3D('',#7276,#7277,#7278);
#7276 = CARTESIAN_POINT('',(0.72499982,-0.5999988,0.));
#7277 = DIRECTION('',(-1.,0.,0.));
#7278 = DIRECTION('',(0.,1.,0.));
#7279 = ADVANCED_FACE('',(#7280),#7305,.F.);
#7280 = FACE_BOUND('',#7281,.F.);
#7281 = EDGE_LOOP('',(#7282,#7283,#7291,#7299));
#7282 = ORIENTED_EDGE('',*,*,#7261,.T.);
#7283 = ORIENTED_EDGE('',*,*,#7284,.T.);
#7284 = EDGE_CURVE('',#7254,#7285,#7287,.T.);
#7285 = VERTEX_POINT('',#7286);
#7286 = CARTESIAN_POINT('',(-0.72499982,0.60000134,1.44999964));
#7287 = LINE('',#7288,#7289);
#7288 = CARTESIAN_POINT('',(0.72499982,0.60000134,1.44999964));
#7289 = VECTOR('',#7290,1.);
#7290 = DIRECTION('',(-1.,0.,0.));
#7291 = ORIENTED_EDGE('',*,*,#7292,.F.);
#7292 = EDGE_CURVE('',#7293,#7285,#7295,.T.);
#7293 = VERTEX_POINT('',#7294);
#7294 = CARTESIAN_POINT('',(-0.72499982,0.60000134,0.));
#7295 = LINE('',#7296,#7297);
#7296 = CARTESIAN_POINT('',(-0.72499982,0.60000134,0.));
#7297 = VECTOR('',#7298,1.);
#7298 = DIRECTION('',(0.,0.,1.));
#7299 = ORIENTED_EDGE('',*,*,#7300,.F.);
#7300 = EDGE_CURVE('',#7262,#7293,#7301,.T.);
#7301 = LINE('',#7302,#7303);
#7302 = CARTESIAN_POINT('',(0.72499982,0.60000134,0.));
#7303 = VECTOR('',#7304,1.);
#7304 = DIRECTION('',(-1.,0.,0.));
#7305 = PLANE('',#7306);
#7306 = AXIS2_PLACEMENT_3D('',#7307,#7308,#7309);
#7307 = CARTESIAN_POINT('',(0.72499982,0.60000134,0.));
#7308 = DIRECTION('',(0.,-1.,0.));
#7309 = DIRECTION('',(-1.,0.,0.));
#7310 = ADVANCED_FACE('',(#7311),#7327,.F.);
#7311 = FACE_BOUND('',#7312,.F.);
#7312 = EDGE_LOOP('',(#7313,#7314,#7320,#7321));
#7313 = ORIENTED_EDGE('',*,*,#7292,.T.);
#7314 = ORIENTED_EDGE('',*,*,#7315,.T.);
#7315 = EDGE_CURVE('',#7285,#7215,#7316,.T.);
#7316 = LINE('',#7317,#7318);
#7317 = CARTESIAN_POINT('',(-0.72499982,0.60000134,1.44999964));
#7318 = VECTOR('',#7319,1.);
#7319 = DIRECTION('',(0.,-1.,0.));
#7320 = ORIENTED_EDGE('',*,*,#7212,.F.);
#7321 = ORIENTED_EDGE('',*,*,#7322,.F.);
#7322 = EDGE_CURVE('',#7293,#7213,#7323,.T.);
#7323 = LINE('',#7324,#7325);
#7324 = CARTESIAN_POINT('',(-0.72499982,0.60000134,0.));
#7325 = VECTOR('',#7326,1.);
#7326 = DIRECTION('',(0.,-1.,0.));
#7327 = PLANE('',#7328);
#7328 = AXIS2_PLACEMENT_3D('',#7329,#7330,#7331);
#7329 = CARTESIAN_POINT('',(-0.72499982,0.60000134,0.));
#7330 = DIRECTION('',(1.,0.,-0.));
#7331 = DIRECTION('',(0.,-1.,0.));
#7332 = ADVANCED_FACE('',(#7333),#7339,.F.);
#7333 = FACE_BOUND('',#7334,.F.);
#7334 = EDGE_LOOP('',(#7335,#7336,#7337,#7338));
#7335 = ORIENTED_EDGE('',*,*,#7238,.T.);
#7336 = ORIENTED_EDGE('',*,*,#7269,.T.);
#7337 = ORIENTED_EDGE('',*,*,#7300,.T.);
#7338 = ORIENTED_EDGE('',*,*,#7322,.T.);
#7339 = PLANE('',#7340);
#7340 = AXIS2_PLACEMENT_3D('',#7341,#7342,#7343);
#7341 = CARTESIAN_POINT('',(-7.080290820313E-15,1.270000002012E-06,0.));
#7342 = DIRECTION('',(0.,0.,1.));
#7343 = DIRECTION('',(1.,0.,-0.));
#7344 = ADVANCED_FACE('',(#7345),#7351,.T.);
#7345 = FACE_BOUND('',#7346,.T.);
#7346 = EDGE_LOOP('',(#7347,#7348,#7349,#7350));
#7347 = ORIENTED_EDGE('',*,*,#7222,.T.);
#7348 = ORIENTED_EDGE('',*,*,#7253,.T.);
#7349 = ORIENTED_EDGE('',*,*,#7284,.T.);
#7350 = ORIENTED_EDGE('',*,*,#7315,.T.);
#7351 = PLANE('',#7352);
#7352 = AXIS2_PLACEMENT_3D('',#7353,#7354,#7355);
#7353 = CARTESIAN_POINT('',(-7.080290820313E-15,1.270000002012E-06,
    1.44999964));
#7354 = DIRECTION('',(0.,0.,1.));
#7355 = DIRECTION('',(1.,0.,-0.));
#7356 = ( GEOMETRIC_REPRESENTATION_CONTEXT(3) 
GLOBAL_UNCERTAINTY_ASSIGNED_CONTEXT((#7360)) 
GLOBAL_UNIT_ASSIGNED_CONTEXT((#7357,#7358,#7359)) REPRESENTATION_CONTEXT
('Context #1','3D Context with UNIT and UNCERTAINTY') );
#7357 = ( LENGTH_UNIT() NAMED_UNIT(*) SI_UNIT(.MILLI.,.METRE.) );
#7358 = ( NAMED_UNIT(*) PLANE_ANGLE_UNIT() SI_UNIT($,.RADIAN.) );
#7359 = ( NAMED_UNIT(*) SI_UNIT($,.STERADIAN.) SOLID_ANGLE_UNIT() );
#7360 = UNCERTAINTY_MEASURE_WITH_UNIT(LENGTH_MEASURE(1.E-07),#7357,
  'distance_accuracy_value','confusion accuracy');
#7361 = SHAPE_DEFINITION_REPRESENTATION(#7362,#7205);
#7362 = PRODUCT_DEFINITION_SHAPE('','',#7363);
#7363 = PRODUCT_DEFINITION('design','',#7364,#7367);
#7364 = PRODUCT_DEFINITION_FORMATION('','',#7365);
#7365 = PRODUCT('Extruded','Extruded','',(#7366));
#7366 = PRODUCT_CONTEXT('',#2,'mechanical');
#7367 = PRODUCT_DEFINITION_CONTEXT('part definition',#2,'design');
#7368 = CONTEXT_DEPENDENT_SHAPE_REPRESENTATION(#7369,#7371);
#7369 = ( REPRESENTATION_RELATIONSHIP('','',#7205,#7195) 
REPRESENTATION_RELATIONSHIP_WITH_TRANSFORMATION(#7370) 
SHAPE_REPRESENTATION_RELATIONSHIP() );
#7370 = ITEM_DEFINED_TRANSFORMATION('','',#11,#7196);
#7371 = PRODUCT_DEFINITION_SHAPE('Placement','Placement of an item',
  #7372);
#7372 = NEXT_ASSEMBLY_USAGE_OCCURRENCE('27','2','',#7190,#7363,$);
#7373 = PRODUCT_RELATED_PRODUCT_CATEGORY('part',$,(#7365));
#7374 = CONTEXT_DEPENDENT_SHAPE_REPRESENTATION(#7375,#7377);
#7375 = ( REPRESENTATION_RELATIONSHIP('','',#7195,#6973) 
REPRESENTATION_RELATIONSHIP_WITH_TRANSFORMATION(#7376) 
SHAPE_REPRESENTATION_RELATIONSHIP() );
#7376 = ITEM_DEFINED_TRANSFORMATION('','',#11,#6982);
#7377 = PRODUCT_DEFINITION_SHAPE('Placement','Placement of an item',
  #7378);
#7378 = NEXT_ASSEMBLY_USAGE_OCCURRENCE('28','','',#6968,#7190,$);
#7379 = PRODUCT_RELATED_PRODUCT_CATEGORY('part',$,(#7192));
#7380 = CONTEXT_DEPENDENT_SHAPE_REPRESENTATION(#7381,#7383);
#7381 = ( REPRESENTATION_RELATIONSHIP('','',#6973,#10) 
REPRESENTATION_RELATIONSHIP_WITH_TRANSFORMATION(#7382) 
SHAPE_REPRESENTATION_RELATIONSHIP() );
#7382 = ITEM_DEFINED_TRANSFORMATION('','',#11,#31);
#7383 = PRODUCT_DEFINITION_SHAPE('Placement','Placement of an item',
  #7384);
#7384 = NEXT_ASSEMBLY_USAGE_OCCURRENCE('29','','',#5,#6968,$);
#7385 = PRODUCT_RELATED_PRODUCT_CATEGORY('part',$,(#6970));
#7386 = SHAPE_DEFINITION_REPRESENTATION(#7387,#7393);
#7387 = PRODUCT_DEFINITION_SHAPE('','',#7388);
#7388 = PRODUCT_DEFINITION('design','',#7389,#7392);
#7389 = PRODUCT_DEFINITION_FORMATION('','',#7390);
#7390 = PRODUCT('C1','C1','',(#7391));
#7391 = PRODUCT_CONTEXT('',#2,'mechanical');
#7392 = PRODUCT_DEFINITION_CONTEXT('part definition',#2,'design');
#7393 = SHAPE_REPRESENTATION('',(#11,#7394,#7398,#7402),#7406);
#7394 = AXIS2_PLACEMENT_3D('',#7395,#7396,#7397);
#7395 = CARTESIAN_POINT('',(8.99999976,4.149997731182,0.));
#7396 = DIRECTION('',(0.,0.,1.));
#7397 = DIRECTION('',(1.,0.,0.));
#7398 = AXIS2_PLACEMENT_3D('',#7399,#7400,#7401);
#7399 = CARTESIAN_POINT('',(8.99999976,5.849998494121,0.));
#7400 = DIRECTION('',(0.,0.,1.));
#7401 = DIRECTION('',(1.,0.,0.));
#7402 = AXIS2_PLACEMENT_3D('',#7403,#7404,#7405);
#7403 = CARTESIAN_POINT('',(8.99999976,4.999996205303,0.));
#7404 = DIRECTION('',(0.,0.,1.));
#7405 = DIRECTION('',(1.,0.,0.));
#7406 = ( GEOMETRIC_REPRESENTATION_CONTEXT(3) 
GLOBAL_UNCERTAINTY_ASSIGNED_CONTEXT((#7410)) 
GLOBAL_UNIT_ASSIGNED_CONTEXT((#7407,#7408,#7409)) REPRESENTATION_CONTEXT
('Context #1','3D Context with UNIT and UNCERTAINTY') );
#7407 = ( LENGTH_UNIT() NAMED_UNIT(*) SI_UNIT(.MILLI.,.METRE.) );
#7408 = ( NAMED_UNIT(*) PLANE_ANGLE_UNIT() SI_UNIT($,.RADIAN.) );
#7409 = ( NAMED_UNIT(*) SI_UNIT($,.STERADIAN.) SOLID_ANGLE_UNIT() );
#7410 = UNCERTAINTY_MEASURE_WITH_UNIT(LENGTH_MEASURE(1.E-07),#7407,
  'distance_accuracy_value','confusion accuracy');
#7411 = CONTEXT_DEPENDENT_SHAPE_REPRESENTATION(#7412,#7414);
#7412 = ( REPRESENTATION_RELATIONSHIP('','',#6998,#7393) 
REPRESENTATION_RELATIONSHIP_WITH_TRANSFORMATION(#7413) 
SHAPE_REPRESENTATION_RELATIONSHIP() );
#7413 = ITEM_DEFINED_TRANSFORMATION('','',#11,#7394);
#7414 = PRODUCT_DEFINITION_SHAPE('Placement','Placement of an item',
  #7415);
#7415 = NEXT_ASSEMBLY_USAGE_OCCURRENCE('30','','',#7388,#6993,$);
#7416 = CONTEXT_DEPENDENT_SHAPE_REPRESENTATION(#7417,#7419);
#7417 = ( REPRESENTATION_RELATIONSHIP('','',#6998,#7393) 
REPRESENTATION_RELATIONSHIP_WITH_TRANSFORMATION(#7418) 
SHAPE_REPRESENTATION_RELATIONSHIP() );
#7418 = ITEM_DEFINED_TRANSFORMATION('','',#11,#7398);
#7419 = PRODUCT_DEFINITION_SHAPE('Placement','Placement of an item',
  #7420);
#7420 = NEXT_ASSEMBLY_USAGE_OCCURRENCE('31','','',#7388,#6993,$);
#7421 = CONTEXT_DEPENDENT_SHAPE_REPRESENTATION(#7422,#7424);
#7422 = ( REPRESENTATION_RELATIONSHIP('','',#7195,#7393) 
REPRESENTATION_RELATIONSHIP_WITH_TRANSFORMATION(#7423) 
SHAPE_REPRESENTATION_RELATIONSHIP() );
#7423 = ITEM_DEFINED_TRANSFORMATION('','',#11,#7402);
#7424 = PRODUCT_DEFINITION_SHAPE('Placement','Placement of an item',
  #7425);
#7425 = NEXT_ASSEMBLY_USAGE_OCCURRENCE('32','','',#7388,#7190,$);
#7426 = CONTEXT_DEPENDENT_SHAPE_REPRESENTATION(#7427,#7429);
#7427 = ( REPRESENTATION_RELATIONSHIP('','',#7393,#10) 
REPRESENTATION_RELATIONSHIP_WITH_TRANSFORMATION(#7428) 
SHAPE_REPRESENTATION_RELATIONSHIP() );
#7428 = ITEM_DEFINED_TRANSFORMATION('','',#11,#35);
#7429 = PRODUCT_DEFINITION_SHAPE('Placement','Placement of an item',
  #7430);
#7430 = NEXT_ASSEMBLY_USAGE_OCCURRENCE('33','','',#5,#7388,$);
#7431 = PRODUCT_RELATED_PRODUCT_CATEGORY('part',$,(#7390));
#7432 = REPRESENTATION('material name',(#7433),#1388);
#7433 = DESCRIPTIVE_REPRESENTATION_ITEM('Generic','Generic');
#7434 = DERIVED_UNIT((#7435,#7437));
#7435 = DERIVED_UNIT_ELEMENT(#7436,3.);
#7436 = ( MASS_UNIT() NAMED_UNIT(*) SI_UNIT($,.GRAM.) );
#7437 = DERIVED_UNIT_ELEMENT(#7438,2.);
#7438 = ( LENGTH_UNIT() NAMED_UNIT(*) SI_UNIT(.CENTI.,.METRE.) );
#7439 = REPRESENTATION('density',(#7440),#1388);
#7440 = MEASURE_REPRESENTATION_ITEM('density measure',
  POSITIVE_RATIO_MEASURE(1.),#7434);
#7441 = PROPERTY_DEFINITION('material property','material name',#1395);
#7442 = PROPERTY_DEFINITION_REPRESENTATION(#7441,#7432);
#7443 = PROPERTY_DEFINITION('material property','density',#1395);
#7444 = PROPERTY_DEFINITION_REPRESENTATION(#7443,#7439);
#7445 = PROPERTY_DEFINITION('material property','material name',#1836);
#7446 = PROPERTY_DEFINITION_REPRESENTATION(#7445,#7432);
#7447 = PROPERTY_DEFINITION('material property','density',#1836);
#7448 = PROPERTY_DEFINITION_REPRESENTATION(#7447,#7439);
#7449 = PROPERTY_DEFINITION('material property','material name',#1918);
#7450 = PROPERTY_DEFINITION_REPRESENTATION(#7449,#7432);
#7451 = PROPERTY_DEFINITION('material property','density',#1918);
#7452 = PROPERTY_DEFINITION_REPRESENTATION(#7451,#7439);
#7453 = PROPERTY_DEFINITION('material property','material name',#2359);
#7454 = PROPERTY_DEFINITION_REPRESENTATION(#7453,#7432);
#7455 = PROPERTY_DEFINITION('material property','density',#2359);
#7456 = PROPERTY_DEFINITION_REPRESENTATION(#7455,#7439);
#7457 = PROPERTY_DEFINITION('material property','material name',#2873);
#7458 = PROPERTY_DEFINITION_REPRESENTATION(#7457,#7432);
#7459 = PROPERTY_DEFINITION('material property','density',#2873);
#7460 = PROPERTY_DEFINITION_REPRESENTATION(#7459,#7439);
#7461 = MECHANICAL_DESIGN_GEOMETRIC_PRESENTATION_REPRESENTATION('',(
    #7462,#7470),#3184);
#7462 = STYLED_ITEM('color',(#7463),#2968);
#7463 = PRESENTATION_STYLE_ASSIGNMENT((#7464));
#7464 = SURFACE_STYLE_USAGE(.BOTH.,#7465);
#7465 = SURFACE_SIDE_STYLE('',(#7466));
#7466 = SURFACE_STYLE_FILL_AREA(#7467);
#7467 = FILL_AREA_STYLE('',(#7468));
#7468 = FILL_AREA_STYLE_COLOUR('',#7469);
#7469 = COLOUR_RGB('',0.83137256512,0.83137256512,0.83137256512);
#7470 = OVER_RIDING_STYLED_ITEM('overriding color',(#7471),#3072,#7462);
#7471 = PRESENTATION_STYLE_ASSIGNMENT((#7472));
#7472 = SURFACE_STYLE_USAGE(.BOTH.,#7473);
#7473 = SURFACE_SIDE_STYLE('',(#7474));
#7474 = SURFACE_STYLE_FILL_AREA(#7475);
#7475 = FILL_AREA_STYLE('',(#7476));
#7476 = FILL_AREA_STYLE_COLOUR('',#7469);
#7477 = MECHANICAL_DESIGN_GEOMETRIC_PRESENTATION_REPRESENTATION('',(
    #7478),#7356);
#7478 = STYLED_ITEM('color',(#7479),#7206);
#7479 = PRESENTATION_STYLE_ASSIGNMENT((#7480,#7486));
#7480 = SURFACE_STYLE_USAGE(.BOTH.,#7481);
#7481 = SURFACE_SIDE_STYLE('',(#7482));
#7482 = SURFACE_STYLE_FILL_AREA(#7483);
#7483 = FILL_AREA_STYLE('',(#7484));
#7484 = FILL_AREA_STYLE_COLOUR('',#7485);
#7485 = COLOUR_RGB('',0.811764696686,0.788235302081,0.709803916149);
#7486 = CURVE_STYLE('',#7487,POSITIVE_LENGTH_MEASURE(0.1),#7485);
#7487 = DRAUGHTING_PRE_DEFINED_CURVE_FONT('continuous');
#7488 = MECHANICAL_DESIGN_GEOMETRIC_PRESENTATION_REPRESENTATION('',(
    #7489),#7159);
#7489 = STYLED_ITEM('color',(#7490),#7009);
#7490 = PRESENTATION_STYLE_ASSIGNMENT((#7491,#7497));
#7491 = SURFACE_STYLE_USAGE(.BOTH.,#7492);
#7492 = SURFACE_SIDE_STYLE('',(#7493));
#7493 = SURFACE_STYLE_FILL_AREA(#7494);
#7494 = FILL_AREA_STYLE('',(#7495));
#7495 = FILL_AREA_STYLE_COLOUR('',#7496);
#7496 = COLOUR_RGB('',0.752941164258,0.752941164258,0.752941164258);
#7497 = CURVE_STYLE('',#7498,POSITIVE_LENGTH_MEASURE(0.1),#7496);
#7498 = DRAUGHTING_PRE_DEFINED_CURVE_FONT('continuous');
#7499 = MECHANICAL_DESIGN_GEOMETRIC_PRESENTATION_REPRESENTATION('',(
    #7500,#7508),#6902);
#7500 = STYLED_ITEM('color',(#7501),#6089);
#7501 = PRESENTATION_STYLE_ASSIGNMENT((#7502));
#7502 = SURFACE_STYLE_USAGE(.BOTH.,#7503);
#7503 = SURFACE_SIDE_STYLE('',(#7504));
#7504 = SURFACE_STYLE_FILL_AREA(#7505);
#7505 = FILL_AREA_STYLE('',(#7506));
#7506 = FILL_AREA_STYLE_COLOUR('',#7507);
#7507 = COLOUR_RGB('',0.286274508045,0.286274508045,0.286274508045);
#7508 = STYLED_ITEM('color',(#7509),#6785);
#7509 = PRESENTATION_STYLE_ASSIGNMENT((#7510));
#7510 = SURFACE_STYLE_USAGE(.BOTH.,#7511);
#7511 = SURFACE_SIDE_STYLE('',(#7512));
#7512 = SURFACE_STYLE_FILL_AREA(#7513);
#7513 = FILL_AREA_STYLE('',(#7514));
#7514 = FILL_AREA_STYLE_COLOUR('',#7507);
#7515 = MECHANICAL_DESIGN_GEOMETRIC_PRESENTATION_REPRESENTATION('',(
    #7516,#7523),#3419);
#7516 = STYLED_ITEM('color',(#7517),#3203);
#7517 = PRESENTATION_STYLE_ASSIGNMENT((#7518));
#7518 = SURFACE_STYLE_USAGE(.BOTH.,#7519);
#7519 = SURFACE_SIDE_STYLE('',(#7520));
#7520 = SURFACE_STYLE_FILL_AREA(#7521);
#7521 = FILL_AREA_STYLE('',(#7522));
#7522 = FILL_AREA_STYLE_COLOUR('',#7469);
#7523 = OVER_RIDING_STYLED_ITEM('overriding color',(#7524),#3307,#7516);
#7524 = PRESENTATION_STYLE_ASSIGNMENT((#7525));
#7525 = SURFACE_STYLE_USAGE(.BOTH.,#7526);
#7526 = SURFACE_SIDE_STYLE('',(#7527));
#7527 = SURFACE_STYLE_FILL_AREA(#7528);
#7528 = FILL_AREA_STYLE('',(#7529));
#7529 = FILL_AREA_STYLE_COLOUR('',#7469);
#7530 = MECHANICAL_DESIGN_GEOMETRIC_PRESENTATION_REPRESENTATION('',(
    #7531),#1911);
#7531 = STYLED_ITEM('color',(#7532),#1858);
#7532 = PRESENTATION_STYLE_ASSIGNMENT((#7533));
#7533 = SURFACE_STYLE_USAGE(.BOTH.,#7534);
#7534 = SURFACE_SIDE_STYLE('',(#7535,#7538));
#7535 = SURFACE_STYLE_FILL_AREA(#7536);
#7536 = FILL_AREA_STYLE('',(#7537));
#7537 = FILL_AREA_STYLE_COLOUR('',#7469);
#7538 = SURFACE_STYLE_RENDERING_WITH_PROPERTIES(.NORMAL_SHADING.,#7469,(
    #7539));
#7539 = SURFACE_STYLE_TRANSPARENT(1.);
#7540 = MECHANICAL_DESIGN_GEOMETRIC_PRESENTATION_REPRESENTATION('',(
    #7541),#2866);
#7541 = STYLED_ITEM('color',(#7542),#2376);
#7542 = PRESENTATION_STYLE_ASSIGNMENT((#7543));
#7543 = SURFACE_STYLE_USAGE(.BOTH.,#7544);
#7544 = SURFACE_SIDE_STYLE('',(#7545,#7549));
#7545 = SURFACE_STYLE_FILL_AREA(#7546);
#7546 = FILL_AREA_STYLE('',(#7547));
#7547 = FILL_AREA_STYLE_COLOUR('',#7548);
#7548 = COLOUR_RGB('',0.960784305148,0.960784305148,0.960784305148);
#7549 = SURFACE_STYLE_RENDERING_WITH_PROPERTIES(.NORMAL_SHADING.,#7548,(
    #7550));
#7550 = SURFACE_STYLE_TRANSPARENT(1.);
#7551 = MECHANICAL_DESIGN_GEOMETRIC_PRESENTATION_REPRESENTATION('',(
    #7552),#1829);
#7552 = STYLED_ITEM('color',(#7553),#1407);
#7553 = PRESENTATION_STYLE_ASSIGNMENT((#7554));
#7554 = SURFACE_STYLE_USAGE(.BOTH.,#7555);
#7555 = SURFACE_SIDE_STYLE('',(#7556,#7559));
#7556 = SURFACE_STYLE_FILL_AREA(#7557);
#7557 = FILL_AREA_STYLE('',(#7558));
#7558 = FILL_AREA_STYLE_COLOUR('',#7469);
#7559 = SURFACE_STYLE_RENDERING_WITH_PROPERTIES(.NORMAL_SHADING.,#7469,(
    #7560));
#7560 = SURFACE_STYLE_TRANSPARENT(1.);
#7561 = MECHANICAL_DESIGN_GEOMETRIC_PRESENTATION_REPRESENTATION('',(
    #7562,#7572,#7581,#7590,#7599,#7608,#7617,#7626,#7635,#7644,#7653,
    #7662,#7671,#7680,#7689),#2352);
#7562 = STYLED_ITEM('color',(#7563),#1930);
#7563 = PRESENTATION_STYLE_ASSIGNMENT((#7564));
#7564 = SURFACE_STYLE_USAGE(.BOTH.,#7565);
#7565 = SURFACE_SIDE_STYLE('',(#7566,#7570));
#7566 = SURFACE_STYLE_FILL_AREA(#7567);
#7567 = FILL_AREA_STYLE('',(#7568));
#7568 = FILL_AREA_STYLE_COLOUR('',#7569);
#7569 = COLOUR_RGB('',0.749019597622,0.749019597622,0.749019597622);
#7570 = SURFACE_STYLE_RENDERING_WITH_PROPERTIES(.NORMAL_SHADING.,#7569,(
    #7571));
#7571 = SURFACE_STYLE_TRANSPARENT(1.);
#7572 = OVER_RIDING_STYLED_ITEM('overriding color',(#7573),#1932,#7562);
#7573 = PRESENTATION_STYLE_ASSIGNMENT((#7574));
#7574 = SURFACE_STYLE_USAGE(.BOTH.,#7575);
#7575 = SURFACE_SIDE_STYLE('',(#7576,#7579));
#7576 = SURFACE_STYLE_FILL_AREA(#7577);
#7577 = FILL_AREA_STYLE('',(#7578));
#7578 = FILL_AREA_STYLE_COLOUR('',#7469);
#7579 = SURFACE_STYLE_RENDERING_WITH_PROPERTIES(.NORMAL_SHADING.,#7469,(
    #7580));
#7580 = SURFACE_STYLE_TRANSPARENT(1.);
#7581 = OVER_RIDING_STYLED_ITEM('overriding color',(#7582),#1974,#7562);
#7582 = PRESENTATION_STYLE_ASSIGNMENT((#7583));
#7583 = SURFACE_STYLE_USAGE(.BOTH.,#7584);
#7584 = SURFACE_SIDE_STYLE('',(#7585,#7588));
#7585 = SURFACE_STYLE_FILL_AREA(#7586);
#7586 = FILL_AREA_STYLE('',(#7587));
#7587 = FILL_AREA_STYLE_COLOUR('',#7469);
#7588 = SURFACE_STYLE_RENDERING_WITH_PROPERTIES(.NORMAL_SHADING.,#7469,(
    #7589));
#7589 = SURFACE_STYLE_TRANSPARENT(1.);
#7590 = OVER_RIDING_STYLED_ITEM('overriding color',(#7591),#2005,#7562);
#7591 = PRESENTATION_STYLE_ASSIGNMENT((#7592));
#7592 = SURFACE_STYLE_USAGE(.BOTH.,#7593);
#7593 = SURFACE_SIDE_STYLE('',(#7594,#7597));
#7594 = SURFACE_STYLE_FILL_AREA(#7595);
#7595 = FILL_AREA_STYLE('',(#7596));
#7596 = FILL_AREA_STYLE_COLOUR('',#7469);
#7597 = SURFACE_STYLE_RENDERING_WITH_PROPERTIES(.NORMAL_SHADING.,#7469,(
    #7598));
#7598 = SURFACE_STYLE_TRANSPARENT(1.);
#7599 = OVER_RIDING_STYLED_ITEM('overriding color',(#7600),#2047,#7562);
#7600 = PRESENTATION_STYLE_ASSIGNMENT((#7601));
#7601 = SURFACE_STYLE_USAGE(.BOTH.,#7602);
#7602 = SURFACE_SIDE_STYLE('',(#7603,#7606));
#7603 = SURFACE_STYLE_FILL_AREA(#7604);
#7604 = FILL_AREA_STYLE('',(#7605));
#7605 = FILL_AREA_STYLE_COLOUR('',#7469);
#7606 = SURFACE_STYLE_RENDERING_WITH_PROPERTIES(.NORMAL_SHADING.,#7469,(
    #7607));
#7607 = SURFACE_STYLE_TRANSPARENT(1.);
#7608 = OVER_RIDING_STYLED_ITEM('overriding color',(#7609),#2078,#7562);
#7609 = PRESENTATION_STYLE_ASSIGNMENT((#7610));
#7610 = SURFACE_STYLE_USAGE(.BOTH.,#7611);
#7611 = SURFACE_SIDE_STYLE('',(#7612,#7615));
#7612 = SURFACE_STYLE_FILL_AREA(#7613);
#7613 = FILL_AREA_STYLE('',(#7614));
#7614 = FILL_AREA_STYLE_COLOUR('',#7469);
#7615 = SURFACE_STYLE_RENDERING_WITH_PROPERTIES(.NORMAL_SHADING.,#7469,(
    #7616));
#7616 = SURFACE_STYLE_TRANSPARENT(1.);
#7617 = OVER_RIDING_STYLED_ITEM('overriding color',(#7618),#2120,#7562);
#7618 = PRESENTATION_STYLE_ASSIGNMENT((#7619));
#7619 = SURFACE_STYLE_USAGE(.BOTH.,#7620);
#7620 = SURFACE_SIDE_STYLE('',(#7621,#7624));
#7621 = SURFACE_STYLE_FILL_AREA(#7622);
#7622 = FILL_AREA_STYLE('',(#7623));
#7623 = FILL_AREA_STYLE_COLOUR('',#7469);
#7624 = SURFACE_STYLE_RENDERING_WITH_PROPERTIES(.NORMAL_SHADING.,#7469,(
    #7625));
#7625 = SURFACE_STYLE_TRANSPARENT(1.);
#7626 = OVER_RIDING_STYLED_ITEM('overriding color',(#7627),#2142,#7562);
#7627 = PRESENTATION_STYLE_ASSIGNMENT((#7628));
#7628 = SURFACE_STYLE_USAGE(.BOTH.,#7629);
#7629 = SURFACE_SIDE_STYLE('',(#7630,#7633));
#7630 = SURFACE_STYLE_FILL_AREA(#7631);
#7631 = FILL_AREA_STYLE('',(#7632));
#7632 = FILL_AREA_STYLE_COLOUR('',#7469);
#7633 = SURFACE_STYLE_RENDERING_WITH_PROPERTIES(.NORMAL_SHADING.,#7469,(
    #7634));
#7634 = SURFACE_STYLE_TRANSPARENT(1.);
#7635 = OVER_RIDING_STYLED_ITEM('overriding color',(#7636),#2201,#7562);
#7636 = PRESENTATION_STYLE_ASSIGNMENT((#7637));
#7637 = SURFACE_STYLE_USAGE(.BOTH.,#7638);
#7638 = SURFACE_SIDE_STYLE('',(#7639,#7642));
#7639 = SURFACE_STYLE_FILL_AREA(#7640);
#7640 = FILL_AREA_STYLE('',(#7641));
#7641 = FILL_AREA_STYLE_COLOUR('',#7469);
#7642 = SURFACE_STYLE_RENDERING_WITH_PROPERTIES(.NORMAL_SHADING.,#7469,(
    #7643));
#7643 = SURFACE_STYLE_TRANSPARENT(1.);
#7644 = OVER_RIDING_STYLED_ITEM('overriding color',(#7645),#2233,#7562);
#7645 = PRESENTATION_STYLE_ASSIGNMENT((#7646));
#7646 = SURFACE_STYLE_USAGE(.BOTH.,#7647);
#7647 = SURFACE_SIDE_STYLE('',(#7648,#7651));
#7648 = SURFACE_STYLE_FILL_AREA(#7649);
#7649 = FILL_AREA_STYLE('',(#7650));
#7650 = FILL_AREA_STYLE_COLOUR('',#7469);
#7651 = SURFACE_STYLE_RENDERING_WITH_PROPERTIES(.NORMAL_SHADING.,#7469,(
    #7652));
#7652 = SURFACE_STYLE_TRANSPARENT(1.);
#7653 = OVER_RIDING_STYLED_ITEM('overriding color',(#7654),#2257,#7562);
#7654 = PRESENTATION_STYLE_ASSIGNMENT((#7655));
#7655 = SURFACE_STYLE_USAGE(.BOTH.,#7656);
#7656 = SURFACE_SIDE_STYLE('',(#7657,#7660));
#7657 = SURFACE_STYLE_FILL_AREA(#7658);
#7658 = FILL_AREA_STYLE('',(#7659));
#7659 = FILL_AREA_STYLE_COLOUR('',#7469);
#7660 = SURFACE_STYLE_RENDERING_WITH_PROPERTIES(.NORMAL_SHADING.,#7469,(
    #7661));
#7661 = SURFACE_STYLE_TRANSPARENT(1.);
#7662 = OVER_RIDING_STYLED_ITEM('overriding color',(#7663),#2274,#7562);
#7663 = PRESENTATION_STYLE_ASSIGNMENT((#7664));
#7664 = SURFACE_STYLE_USAGE(.BOTH.,#7665);
#7665 = SURFACE_SIDE_STYLE('',(#7666,#7669));
#7666 = SURFACE_STYLE_FILL_AREA(#7667);
#7667 = FILL_AREA_STYLE('',(#7668));
#7668 = FILL_AREA_STYLE_COLOUR('',#7469);
#7669 = SURFACE_STYLE_RENDERING_WITH_PROPERTIES(.NORMAL_SHADING.,#7469,(
    #7670));
#7670 = SURFACE_STYLE_TRANSPARENT(1.);
#7671 = OVER_RIDING_STYLED_ITEM('overriding color',(#7672),#2298,#7562);
#7672 = PRESENTATION_STYLE_ASSIGNMENT((#7673));
#7673 = SURFACE_STYLE_USAGE(.BOTH.,#7674);
#7674 = SURFACE_SIDE_STYLE('',(#7675,#7678));
#7675 = SURFACE_STYLE_FILL_AREA(#7676);
#7676 = FILL_AREA_STYLE('',(#7677));
#7677 = FILL_AREA_STYLE_COLOUR('',#7469);
#7678 = SURFACE_STYLE_RENDERING_WITH_PROPERTIES(.NORMAL_SHADING.,#7469,(
    #7679));
#7679 = SURFACE_STYLE_TRANSPARENT(1.);
#7680 = OVER_RIDING_STYLED_ITEM('overriding color',(#7681),#2315,#7562);
#7681 = PRESENTATION_STYLE_ASSIGNMENT((#7682));
#7682 = SURFACE_STYLE_USAGE(.BOTH.,#7683);
#7683 = SURFACE_SIDE_STYLE('',(#7684,#7687));
#7684 = SURFACE_STYLE_FILL_AREA(#7685);
#7685 = FILL_AREA_STYLE('',(#7686));
#7686 = FILL_AREA_STYLE_COLOUR('',#7469);
#7687 = SURFACE_STYLE_RENDERING_WITH_PROPERTIES(.NORMAL_SHADING.,#7469,(
    #7688));
#7688 = SURFACE_STYLE_TRANSPARENT(1.);
#7689 = OVER_RIDING_STYLED_ITEM('overriding color',(#7690),#2332,#7562);
#7690 = PRESENTATION_STYLE_ASSIGNMENT((#7691));
#7691 = SURFACE_STYLE_USAGE(.BOTH.,#7692);
#7692 = SURFACE_SIDE_STYLE('',(#7693,#7696));
#7693 = SURFACE_STYLE_FILL_AREA(#7694);
#7694 = FILL_AREA_STYLE('',(#7695));
#7695 = FILL_AREA_STYLE_COLOUR('',#7469);
#7696 = SURFACE_STYLE_RENDERING_WITH_PROPERTIES(.NORMAL_SHADING.,#7469,(
    #7697));
#7697 = SURFACE_STYLE_TRANSPARENT(1.);
#7698 = MECHANICAL_DESIGN_GEOMETRIC_PRESENTATION_REPRESENTATION('',(
    #7699,#7707,#7714,#7721,#7728,#7735,#7742,#7749,#7756,#7763,#7770,
    #7777,#7784,#7791,#7798,#7805,#7812,#7819,#7826,#7833,#7840,#7847,
    #7854,#7861,#7868,#7875,#7882,#7889,#7896,#7903,#7910,#7917,#7924,
    #7931,#7938,#7945,#7952,#7959,#7966,#7973,#7980,#7987,#7994,#8001,
    #8008,#8015,#8022,#8029),#5685);
#7699 = STYLED_ITEM('color',(#7700),#3955);
#7700 = PRESENTATION_STYLE_ASSIGNMENT((#7701));
#7701 = SURFACE_STYLE_USAGE(.BOTH.,#7702);
#7702 = SURFACE_SIDE_STYLE('',(#7703));
#7703 = SURFACE_STYLE_FILL_AREA(#7704);
#7704 = FILL_AREA_STYLE('',(#7705));
#7705 = FILL_AREA_STYLE_COLOUR('',#7706);
#7706 = COLOUR_RGB('',1.,0.97254901356,0.925490190256);
#7707 = OVER_RIDING_STYLED_ITEM('overriding color',(#7708),#4125,#7699);
#7708 = PRESENTATION_STYLE_ASSIGNMENT((#7709));
#7709 = SURFACE_STYLE_USAGE(.BOTH.,#7710);
#7710 = SURFACE_SIDE_STYLE('',(#7711));
#7711 = SURFACE_STYLE_FILL_AREA(#7712);
#7712 = FILL_AREA_STYLE('',(#7713));
#7713 = FILL_AREA_STYLE_COLOUR('',#7706);
#7714 = OVER_RIDING_STYLED_ITEM('overriding color',(#7715),#4164,#7699);
#7715 = PRESENTATION_STYLE_ASSIGNMENT((#7716));
#7716 = SURFACE_STYLE_USAGE(.BOTH.,#7717);
#7717 = SURFACE_SIDE_STYLE('',(#7718));
#7718 = SURFACE_STYLE_FILL_AREA(#7719);
#7719 = FILL_AREA_STYLE('',(#7720));
#7720 = FILL_AREA_STYLE_COLOUR('',#7706);
#7721 = OVER_RIDING_STYLED_ITEM('overriding color',(#7722),#4309,#7699);
#7722 = PRESENTATION_STYLE_ASSIGNMENT((#7723));
#7723 = SURFACE_STYLE_USAGE(.BOTH.,#7724);
#7724 = SURFACE_SIDE_STYLE('',(#7725));
#7725 = SURFACE_STYLE_FILL_AREA(#7726);
#7726 = FILL_AREA_STYLE('',(#7727));
#7727 = FILL_AREA_STYLE_COLOUR('',#7706);
#7728 = OVER_RIDING_STYLED_ITEM('overriding color',(#7729),#4390,#7699);
#7729 = PRESENTATION_STYLE_ASSIGNMENT((#7730));
#7730 = SURFACE_STYLE_USAGE(.BOTH.,#7731);
#7731 = SURFACE_SIDE_STYLE('',(#7732));
#7732 = SURFACE_STYLE_FILL_AREA(#7733);
#7733 = FILL_AREA_STYLE('',(#7734));
#7734 = FILL_AREA_STYLE_COLOUR('',#7706);
#7735 = OVER_RIDING_STYLED_ITEM('overriding color',(#7736),#4543,#7699);
#7736 = PRESENTATION_STYLE_ASSIGNMENT((#7737));
#7737 = SURFACE_STYLE_USAGE(.BOTH.,#7738);
#7738 = SURFACE_SIDE_STYLE('',(#7739));
#7739 = SURFACE_STYLE_FILL_AREA(#7740);
#7740 = FILL_AREA_STYLE('',(#7741));
#7741 = FILL_AREA_STYLE_COLOUR('',#7706);
#7742 = OVER_RIDING_STYLED_ITEM('overriding color',(#7743),#4591,#7699);
#7743 = PRESENTATION_STYLE_ASSIGNMENT((#7744));
#7744 = SURFACE_STYLE_USAGE(.BOTH.,#7745);
#7745 = SURFACE_SIDE_STYLE('',(#7746));
#7746 = SURFACE_STYLE_FILL_AREA(#7747);
#7747 = FILL_AREA_STYLE('',(#7748));
#7748 = FILL_AREA_STYLE_COLOUR('',#7706);
#7749 = OVER_RIDING_STYLED_ITEM('overriding color',(#7750),#4735,#7699);
#7750 = PRESENTATION_STYLE_ASSIGNMENT((#7751));
#7751 = SURFACE_STYLE_USAGE(.BOTH.,#7752);
#7752 = SURFACE_SIDE_STYLE('',(#7753));
#7753 = SURFACE_STYLE_FILL_AREA(#7754);
#7754 = FILL_AREA_STYLE('',(#7755));
#7755 = FILL_AREA_STYLE_COLOUR('',#7706);
#7756 = OVER_RIDING_STYLED_ITEM('overriding color',(#7757),#4783,#7699);
#7757 = PRESENTATION_STYLE_ASSIGNMENT((#7758));
#7758 = SURFACE_STYLE_USAGE(.BOTH.,#7759);
#7759 = SURFACE_SIDE_STYLE('',(#7760));
#7760 = SURFACE_STYLE_FILL_AREA(#7761);
#7761 = FILL_AREA_STYLE('',(#7762));
#7762 = FILL_AREA_STYLE_COLOUR('',#7706);
#7763 = OVER_RIDING_STYLED_ITEM('overriding color',(#7764),#4805,#7699);
#7764 = PRESENTATION_STYLE_ASSIGNMENT((#7765));
#7765 = SURFACE_STYLE_USAGE(.BOTH.,#7766);
#7766 = SURFACE_SIDE_STYLE('',(#7767));
#7767 = SURFACE_STYLE_FILL_AREA(#7768);
#7768 = FILL_AREA_STYLE('',(#7769));
#7769 = FILL_AREA_STYLE_COLOUR('',#7706);
#7770 = OVER_RIDING_STYLED_ITEM('overriding color',(#7771),#4822,#7699);
#7771 = PRESENTATION_STYLE_ASSIGNMENT((#7772));
#7772 = SURFACE_STYLE_USAGE(.BOTH.,#7773);
#7773 = SURFACE_SIDE_STYLE('',(#7774));
#7774 = SURFACE_STYLE_FILL_AREA(#7775);
#7775 = FILL_AREA_STYLE('',(#7776));
#7776 = FILL_AREA_STYLE_COLOUR('',#7706);
#7777 = OVER_RIDING_STYLED_ITEM('overriding color',(#7778),#4887,#7699);
#7778 = PRESENTATION_STYLE_ASSIGNMENT((#7779));
#7779 = SURFACE_STYLE_USAGE(.BOTH.,#7780);
#7780 = SURFACE_SIDE_STYLE('',(#7781));
#7781 = SURFACE_STYLE_FILL_AREA(#7782);
#7782 = FILL_AREA_STYLE('',(#7783));
#7783 = FILL_AREA_STYLE_COLOUR('',#7706);
#7784 = OVER_RIDING_STYLED_ITEM('overriding color',(#7785),#4899,#7699);
#7785 = PRESENTATION_STYLE_ASSIGNMENT((#7786));
#7786 = SURFACE_STYLE_USAGE(.BOTH.,#7787);
#7787 = SURFACE_SIDE_STYLE('',(#7788));
#7788 = SURFACE_STYLE_FILL_AREA(#7789);
#7789 = FILL_AREA_STYLE('',(#7790));
#7790 = FILL_AREA_STYLE_COLOUR('',#7706);
#7791 = OVER_RIDING_STYLED_ITEM('overriding color',(#7792),#4912,#7699);
#7792 = PRESENTATION_STYLE_ASSIGNMENT((#7793));
#7793 = SURFACE_STYLE_USAGE(.BOTH.,#7794);
#7794 = SURFACE_SIDE_STYLE('',(#7795));
#7795 = SURFACE_STYLE_FILL_AREA(#7796);
#7796 = FILL_AREA_STYLE('',(#7797));
#7797 = FILL_AREA_STYLE_COLOUR('',#7706);
#7798 = OVER_RIDING_STYLED_ITEM('overriding color',(#7799),#4930,#7699);
#7799 = PRESENTATION_STYLE_ASSIGNMENT((#7800));
#7800 = SURFACE_STYLE_USAGE(.BOTH.,#7801);
#7801 = SURFACE_SIDE_STYLE('',(#7802));
#7802 = SURFACE_STYLE_FILL_AREA(#7803);
#7803 = FILL_AREA_STYLE('',(#7804));
#7804 = FILL_AREA_STYLE_COLOUR('',#7706);
#7805 = OVER_RIDING_STYLED_ITEM('overriding color',(#7806),#4952,#7699);
#7806 = PRESENTATION_STYLE_ASSIGNMENT((#7807));
#7807 = SURFACE_STYLE_USAGE(.BOTH.,#7808);
#7808 = SURFACE_SIDE_STYLE('',(#7809));
#7809 = SURFACE_STYLE_FILL_AREA(#7810);
#7810 = FILL_AREA_STYLE('',(#7811));
#7811 = FILL_AREA_STYLE_COLOUR('',#7706);
#7812 = OVER_RIDING_STYLED_ITEM('overriding color',(#7813),#4969,#7699);
#7813 = PRESENTATION_STYLE_ASSIGNMENT((#7814));
#7814 = SURFACE_STYLE_USAGE(.BOTH.,#7815);
#7815 = SURFACE_SIDE_STYLE('',(#7816));
#7816 = SURFACE_STYLE_FILL_AREA(#7817);
#7817 = FILL_AREA_STYLE('',(#7818));
#7818 = FILL_AREA_STYLE_COLOUR('',#7706);
#7819 = OVER_RIDING_STYLED_ITEM('overriding color',(#7820),#5020,#7699);
#7820 = PRESENTATION_STYLE_ASSIGNMENT((#7821));
#7821 = SURFACE_STYLE_USAGE(.BOTH.,#7822);
#7822 = SURFACE_SIDE_STYLE('',(#7823));
#7823 = SURFACE_STYLE_FILL_AREA(#7824);
#7824 = FILL_AREA_STYLE('',(#7825));
#7825 = FILL_AREA_STYLE_COLOUR('',#7706);
#7826 = OVER_RIDING_STYLED_ITEM('overriding color',(#7827),#5037,#7699);
#7827 = PRESENTATION_STYLE_ASSIGNMENT((#7828));
#7828 = SURFACE_STYLE_USAGE(.BOTH.,#7829);
#7829 = SURFACE_SIDE_STYLE('',(#7830));
#7830 = SURFACE_STYLE_FILL_AREA(#7831);
#7831 = FILL_AREA_STYLE('',(#7832));
#7832 = FILL_AREA_STYLE_COLOUR('',#7706);
#7833 = OVER_RIDING_STYLED_ITEM('overriding color',(#7834),#5049,#7699);
#7834 = PRESENTATION_STYLE_ASSIGNMENT((#7835));
#7835 = SURFACE_STYLE_USAGE(.BOTH.,#7836);
#7836 = SURFACE_SIDE_STYLE('',(#7837));
#7837 = SURFACE_STYLE_FILL_AREA(#7838);
#7838 = FILL_AREA_STYLE('',(#7839));
#7839 = FILL_AREA_STYLE_COLOUR('',#7706);
#7840 = OVER_RIDING_STYLED_ITEM('overriding color',(#7841),#5066,#7699);
#7841 = PRESENTATION_STYLE_ASSIGNMENT((#7842));
#7842 = SURFACE_STYLE_USAGE(.BOTH.,#7843);
#7843 = SURFACE_SIDE_STYLE('',(#7844));
#7844 = SURFACE_STYLE_FILL_AREA(#7845);
#7845 = FILL_AREA_STYLE('',(#7846));
#7846 = FILL_AREA_STYLE_COLOUR('',#7706);
#7847 = OVER_RIDING_STYLED_ITEM('overriding color',(#7848),#5097,#7699);
#7848 = PRESENTATION_STYLE_ASSIGNMENT((#7849));
#7849 = SURFACE_STYLE_USAGE(.BOTH.,#7850);
#7850 = SURFACE_SIDE_STYLE('',(#7851));
#7851 = SURFACE_STYLE_FILL_AREA(#7852);
#7852 = FILL_AREA_STYLE('',(#7853));
#7853 = FILL_AREA_STYLE_COLOUR('',#7706);
#7854 = OVER_RIDING_STYLED_ITEM('overriding color',(#7855),#5121,#7699);
#7855 = PRESENTATION_STYLE_ASSIGNMENT((#7856));
#7856 = SURFACE_STYLE_USAGE(.BOTH.,#7857);
#7857 = SURFACE_SIDE_STYLE('',(#7858));
#7858 = SURFACE_STYLE_FILL_AREA(#7859);
#7859 = FILL_AREA_STYLE('',(#7860));
#7860 = FILL_AREA_STYLE_COLOUR('',#7706);
#7861 = OVER_RIDING_STYLED_ITEM('overriding color',(#7862),#5152,#7699);
#7862 = PRESENTATION_STYLE_ASSIGNMENT((#7863));
#7863 = SURFACE_STYLE_USAGE(.BOTH.,#7864);
#7864 = SURFACE_SIDE_STYLE('',(#7865));
#7865 = SURFACE_STYLE_FILL_AREA(#7866);
#7866 = FILL_AREA_STYLE('',(#7867));
#7867 = FILL_AREA_STYLE_COLOUR('',#7706);
#7868 = OVER_RIDING_STYLED_ITEM('overriding color',(#7869),#5197,#7699);
#7869 = PRESENTATION_STYLE_ASSIGNMENT((#7870));
#7870 = SURFACE_STYLE_USAGE(.BOTH.,#7871);
#7871 = SURFACE_SIDE_STYLE('',(#7872));
#7872 = SURFACE_STYLE_FILL_AREA(#7873);
#7873 = FILL_AREA_STYLE('',(#7874));
#7874 = FILL_AREA_STYLE_COLOUR('',#7706);
#7875 = OVER_RIDING_STYLED_ITEM('overriding color',(#7876),#5228,#7699);
#7876 = PRESENTATION_STYLE_ASSIGNMENT((#7877));
#7877 = SURFACE_STYLE_USAGE(.BOTH.,#7878);
#7878 = SURFACE_SIDE_STYLE('',(#7879));
#7879 = SURFACE_STYLE_FILL_AREA(#7880);
#7880 = FILL_AREA_STYLE('',(#7881));
#7881 = FILL_AREA_STYLE_COLOUR('',#7706);
#7882 = OVER_RIDING_STYLED_ITEM('overriding color',(#7883),#5245,#7699);
#7883 = PRESENTATION_STYLE_ASSIGNMENT((#7884));
#7884 = SURFACE_STYLE_USAGE(.BOTH.,#7885);
#7885 = SURFACE_SIDE_STYLE('',(#7886));
#7886 = SURFACE_STYLE_FILL_AREA(#7887);
#7887 = FILL_AREA_STYLE('',(#7888));
#7888 = FILL_AREA_STYLE_COLOUR('',#7706);
#7889 = OVER_RIDING_STYLED_ITEM('overriding color',(#7890),#5269,#7699);
#7890 = PRESENTATION_STYLE_ASSIGNMENT((#7891));
#7891 = SURFACE_STYLE_USAGE(.BOTH.,#7892);
#7892 = SURFACE_SIDE_STYLE('',(#7893));
#7893 = SURFACE_STYLE_FILL_AREA(#7894);
#7894 = FILL_AREA_STYLE('',(#7895));
#7895 = FILL_AREA_STYLE_COLOUR('',#7706);
#7896 = OVER_RIDING_STYLED_ITEM('overriding color',(#7897),#5286,#7699);
#7897 = PRESENTATION_STYLE_ASSIGNMENT((#7898));
#7898 = SURFACE_STYLE_USAGE(.BOTH.,#7899);
#7899 = SURFACE_SIDE_STYLE('',(#7900));
#7900 = SURFACE_STYLE_FILL_AREA(#7901);
#7901 = FILL_AREA_STYLE('',(#7902));
#7902 = FILL_AREA_STYLE_COLOUR('',#7706);
#7903 = OVER_RIDING_STYLED_ITEM('overriding color',(#7904),#5303,#7699);
#7904 = PRESENTATION_STYLE_ASSIGNMENT((#7905));
#7905 = SURFACE_STYLE_USAGE(.BOTH.,#7906);
#7906 = SURFACE_SIDE_STYLE('',(#7907));
#7907 = SURFACE_STYLE_FILL_AREA(#7908);
#7908 = FILL_AREA_STYLE('',(#7909));
#7909 = FILL_AREA_STYLE_COLOUR('',#7706);
#7910 = OVER_RIDING_STYLED_ITEM('overriding color',(#7911),#5328,#7699);
#7911 = PRESENTATION_STYLE_ASSIGNMENT((#7912));
#7912 = SURFACE_STYLE_USAGE(.BOTH.,#7913);
#7913 = SURFACE_SIDE_STYLE('',(#7914));
#7914 = SURFACE_STYLE_FILL_AREA(#7915);
#7915 = FILL_AREA_STYLE('',(#7916));
#7916 = FILL_AREA_STYLE_COLOUR('',#7706);
#7917 = OVER_RIDING_STYLED_ITEM('overriding color',(#7918),#5345,#7699);
#7918 = PRESENTATION_STYLE_ASSIGNMENT((#7919));
#7919 = SURFACE_STYLE_USAGE(.BOTH.,#7920);
#7920 = SURFACE_SIDE_STYLE('',(#7921));
#7921 = SURFACE_STYLE_FILL_AREA(#7922);
#7922 = FILL_AREA_STYLE('',(#7923));
#7923 = FILL_AREA_STYLE_COLOUR('',#7706);
#7924 = OVER_RIDING_STYLED_ITEM('overriding color',(#7925),#5362,#7699);
#7925 = PRESENTATION_STYLE_ASSIGNMENT((#7926));
#7926 = SURFACE_STYLE_USAGE(.BOTH.,#7927);
#7927 = SURFACE_SIDE_STYLE('',(#7928));
#7928 = SURFACE_STYLE_FILL_AREA(#7929);
#7929 = FILL_AREA_STYLE('',(#7930));
#7930 = FILL_AREA_STYLE_COLOUR('',#7706);
#7931 = OVER_RIDING_STYLED_ITEM('overriding color',(#7932),#5386,#7699);
#7932 = PRESENTATION_STYLE_ASSIGNMENT((#7933));
#7933 = SURFACE_STYLE_USAGE(.BOTH.,#7934);
#7934 = SURFACE_SIDE_STYLE('',(#7935));
#7935 = SURFACE_STYLE_FILL_AREA(#7936);
#7936 = FILL_AREA_STYLE('',(#7937));
#7937 = FILL_AREA_STYLE_COLOUR('',#7706);
#7938 = OVER_RIDING_STYLED_ITEM('overriding color',(#7939),#5410,#7699);
#7939 = PRESENTATION_STYLE_ASSIGNMENT((#7940));
#7940 = SURFACE_STYLE_USAGE(.BOTH.,#7941);
#7941 = SURFACE_SIDE_STYLE('',(#7942));
#7942 = SURFACE_STYLE_FILL_AREA(#7943);
#7943 = FILL_AREA_STYLE('',(#7944));
#7944 = FILL_AREA_STYLE_COLOUR('',#7706);
#7945 = OVER_RIDING_STYLED_ITEM('overriding color',(#7946),#5422,#7699);
#7946 = PRESENTATION_STYLE_ASSIGNMENT((#7947));
#7947 = SURFACE_STYLE_USAGE(.BOTH.,#7948);
#7948 = SURFACE_SIDE_STYLE('',(#7949));
#7949 = SURFACE_STYLE_FILL_AREA(#7950);
#7950 = FILL_AREA_STYLE('',(#7951));
#7951 = FILL_AREA_STYLE_COLOUR('',#7706);
#7952 = OVER_RIDING_STYLED_ITEM('overriding color',(#7953),#5439,#7699);
#7953 = PRESENTATION_STYLE_ASSIGNMENT((#7954));
#7954 = SURFACE_STYLE_USAGE(.BOTH.,#7955);
#7955 = SURFACE_SIDE_STYLE('',(#7956));
#7956 = SURFACE_STYLE_FILL_AREA(#7957);
#7957 = FILL_AREA_STYLE('',(#7958));
#7958 = FILL_AREA_STYLE_COLOUR('',#7706);
#7959 = OVER_RIDING_STYLED_ITEM('overriding color',(#7960),#5456,#7699);
#7960 = PRESENTATION_STYLE_ASSIGNMENT((#7961));
#7961 = SURFACE_STYLE_USAGE(.BOTH.,#7962);
#7962 = SURFACE_SIDE_STYLE('',(#7963));
#7963 = SURFACE_STYLE_FILL_AREA(#7964);
#7964 = FILL_AREA_STYLE('',(#7965));
#7965 = FILL_AREA_STYLE_COLOUR('',#7706);
#7966 = OVER_RIDING_STYLED_ITEM('overriding color',(#7967),#5468,#7699);
#7967 = PRESENTATION_STYLE_ASSIGNMENT((#7968));
#7968 = SURFACE_STYLE_USAGE(.BOTH.,#7969);
#7969 = SURFACE_SIDE_STYLE('',(#7970));
#7970 = SURFACE_STYLE_FILL_AREA(#7971);
#7971 = FILL_AREA_STYLE('',(#7972));
#7972 = FILL_AREA_STYLE_COLOUR('',#7706);
#7973 = OVER_RIDING_STYLED_ITEM('overriding color',(#7974),#5492,#7699);
#7974 = PRESENTATION_STYLE_ASSIGNMENT((#7975));
#7975 = SURFACE_STYLE_USAGE(.BOTH.,#7976);
#7976 = SURFACE_SIDE_STYLE('',(#7977));
#7977 = SURFACE_STYLE_FILL_AREA(#7978);
#7978 = FILL_AREA_STYLE('',(#7979));
#7979 = FILL_AREA_STYLE_COLOUR('',#7706);
#7980 = OVER_RIDING_STYLED_ITEM('overriding color',(#7981),#5516,#7699);
#7981 = PRESENTATION_STYLE_ASSIGNMENT((#7982));
#7982 = SURFACE_STYLE_USAGE(.BOTH.,#7983);
#7983 = SURFACE_SIDE_STYLE('',(#7984));
#7984 = SURFACE_STYLE_FILL_AREA(#7985);
#7985 = FILL_AREA_STYLE('',(#7986));
#7986 = FILL_AREA_STYLE_COLOUR('',#7706);
#7987 = OVER_RIDING_STYLED_ITEM('overriding color',(#7988),#5533,#7699);
#7988 = PRESENTATION_STYLE_ASSIGNMENT((#7989));
#7989 = SURFACE_STYLE_USAGE(.BOTH.,#7990);
#7990 = SURFACE_SIDE_STYLE('',(#7991));
#7991 = SURFACE_STYLE_FILL_AREA(#7992);
#7992 = FILL_AREA_STYLE('',(#7993));
#7993 = FILL_AREA_STYLE_COLOUR('',#7706);
#7994 = OVER_RIDING_STYLED_ITEM('overriding color',(#7995),#5564,#7699);
#7995 = PRESENTATION_STYLE_ASSIGNMENT((#7996));
#7996 = SURFACE_STYLE_USAGE(.BOTH.,#7997);
#7997 = SURFACE_SIDE_STYLE('',(#7998));
#7998 = SURFACE_STYLE_FILL_AREA(#7999);
#7999 = FILL_AREA_STYLE('',(#8000));
#8000 = FILL_AREA_STYLE_COLOUR('',#7706);
#8001 = OVER_RIDING_STYLED_ITEM('overriding color',(#8002),#5588,#7699);
#8002 = PRESENTATION_STYLE_ASSIGNMENT((#8003));
#8003 = SURFACE_STYLE_USAGE(.BOTH.,#8004);
#8004 = SURFACE_SIDE_STYLE('',(#8005));
#8005 = SURFACE_STYLE_FILL_AREA(#8006);
#8006 = FILL_AREA_STYLE('',(#8007));
#8007 = FILL_AREA_STYLE_COLOUR('',#7706);
#8008 = OVER_RIDING_STYLED_ITEM('overriding color',(#8009),#5612,#7699);
#8009 = PRESENTATION_STYLE_ASSIGNMENT((#8010));
#8010 = SURFACE_STYLE_USAGE(.BOTH.,#8011);
#8011 = SURFACE_SIDE_STYLE('',(#8012));
#8012 = SURFACE_STYLE_FILL_AREA(#8013);
#8013 = FILL_AREA_STYLE('',(#8014));
#8014 = FILL_AREA_STYLE_COLOUR('',#7706);
#8015 = OVER_RIDING_STYLED_ITEM('overriding color',(#8016),#5629,#7699);
#8016 = PRESENTATION_STYLE_ASSIGNMENT((#8017));
#8017 = SURFACE_STYLE_USAGE(.BOTH.,#8018);
#8018 = SURFACE_SIDE_STYLE('',(#8019));
#8019 = SURFACE_STYLE_FILL_AREA(#8020);
#8020 = FILL_AREA_STYLE('',(#8021));
#8021 = FILL_AREA_STYLE_COLOUR('',#7706);
#8022 = OVER_RIDING_STYLED_ITEM('overriding color',(#8023),#5659,#7699);
#8023 = PRESENTATION_STYLE_ASSIGNMENT((#8024));
#8024 = SURFACE_STYLE_USAGE(.BOTH.,#8025);
#8025 = SURFACE_SIDE_STYLE('',(#8026));
#8026 = SURFACE_STYLE_FILL_AREA(#8027);
#8027 = FILL_AREA_STYLE('',(#8028));
#8028 = FILL_AREA_STYLE_COLOUR('',#7706);
#8029 = OVER_RIDING_STYLED_ITEM('overriding color',(#8030),#5673,#7699);
#8030 = PRESENTATION_STYLE_ASSIGNMENT((#8031));
#8031 = SURFACE_STYLE_USAGE(.BOTH.,#8032);
#8032 = SURFACE_SIDE_STYLE('',(#8033));
#8033 = SURFACE_STYLE_FILL_AREA(#8034);
#8034 = FILL_AREA_STYLE('',(#8035));
#8035 = FILL_AREA_STYLE_COLOUR('',#7706);
#8036 = MECHANICAL_DESIGN_GEOMETRIC_PRESENTATION_REPRESENTATION('',(
    #8037),#213);
#8037 = STYLED_ITEM('color',(#8038),#63);
#8038 = PRESENTATION_STYLE_ASSIGNMENT((#8039,#8045));
#8039 = SURFACE_STYLE_USAGE(.BOTH.,#8040);
#8040 = SURFACE_SIDE_STYLE('',(#8041));
#8041 = SURFACE_STYLE_FILL_AREA(#8042);
#8042 = FILL_AREA_STYLE('',(#8043));
#8043 = FILL_AREA_STYLE_COLOUR('',#8044);
#8044 = COLOUR_RGB('',0.1411764689,0.47058824112,0.196078429142);
#8045 = CURVE_STYLE('',#8046,POSITIVE_LENGTH_MEASURE(0.1),#8044);
#8046 = DRAUGHTING_PRE_DEFINED_CURVE_FONT('continuous');
#8047 = MECHANICAL_DESIGN_GEOMETRIC_PRESENTATION_REPRESENTATION('',(
    #8048,#8055),#6070);
#8048 = STYLED_ITEM('color',(#8049),#5704);
#8049 = PRESENTATION_STYLE_ASSIGNMENT((#8050));
#8050 = SURFACE_STYLE_USAGE(.BOTH.,#8051);
#8051 = SURFACE_SIDE_STYLE('',(#8052));
#8052 = SURFACE_STYLE_FILL_AREA(#8053);
#8053 = FILL_AREA_STYLE('',(#8054));
#8054 = FILL_AREA_STYLE_COLOUR('',#7469);
#8055 = STYLED_ITEM('color',(#8056),#5887);
#8056 = PRESENTATION_STYLE_ASSIGNMENT((#8057));
#8057 = SURFACE_STYLE_USAGE(.BOTH.,#8058);
#8058 = SURFACE_SIDE_STYLE('',(#8059));
#8059 = SURFACE_STYLE_FILL_AREA(#8060);
#8060 = FILL_AREA_STYLE('',(#8061));
#8061 = FILL_AREA_STYLE_COLOUR('',#7469);
#8062 = MECHANICAL_DESIGN_GEOMETRIC_PRESENTATION_REPRESENTATION('',(
    #8063,#8070),#3936);
#8063 = STYLED_ITEM('color',(#8064),#3438);
#8064 = PRESENTATION_STYLE_ASSIGNMENT((#8065));
#8065 = SURFACE_STYLE_USAGE(.BOTH.,#8066);
#8066 = SURFACE_SIDE_STYLE('',(#8067));
#8067 = SURFACE_STYLE_FILL_AREA(#8068);
#8068 = FILL_AREA_STYLE('',(#8069));
#8069 = FILL_AREA_STYLE_COLOUR('',#7469);
#8070 = STYLED_ITEM('color',(#8071),#3687);
#8071 = PRESENTATION_STYLE_ASSIGNMENT((#8072));
#8072 = SURFACE_STYLE_USAGE(.BOTH.,#8073);
#8073 = SURFACE_SIDE_STYLE('',(#8074));
#8074 = SURFACE_STYLE_FILL_AREA(#8075);
#8075 = FILL_AREA_STYLE('',(#8076));
#8076 = FILL_AREA_STYLE_COLOUR('',#7469);
#8077 = MECHANICAL_DESIGN_GEOMETRIC_PRESENTATION_REPRESENTATION('',(
    #8078),#1388);
#8078 = STYLED_ITEM('color',(#8079),#300);
#8079 = PRESENTATION_STYLE_ASSIGNMENT((#8080));
#8080 = SURFACE_STYLE_USAGE(.BOTH.,#8081);
#8081 = SURFACE_SIDE_STYLE('',(#8082,#8085));
#8082 = SURFACE_STYLE_FILL_AREA(#8083);
#8083 = FILL_AREA_STYLE('',(#8084));
#8084 = FILL_AREA_STYLE_COLOUR('',#7507);
#8085 = SURFACE_STYLE_RENDERING_WITH_PROPERTIES(.NORMAL_SHADING.,#7507,(
    #8086));
#8086 = SURFACE_STYLE_TRANSPARENT(1.);
ENDSEC;
END-ISO-10303-21;
